Workbook

Sheet W20
B3: 46146 | E3: Logistics | G3: Debox | I3: Blast Chiller in KG | K3: Plating Holding | M3: Plating (Tuesday) | O3: Sleeving | R3: Comments if problems
D4: Work Order | E4: Staged | F4: Comment | G4: Planned | H4: Actual | I4: Planned | J4: Actual | K4: Planned | L4: Actual | M4: Planned | N4: Actual | O4: 6440 | P4: Planned | Q4: Actual
A5: Day | B5: Rezept | C5: FV0472A - Indian Butter Chicken | M5: 6102 | O5: DE | P5: ='Planting KW 20'!I3
A6: Monday | B6: Sub | M6: Amount for 590kg | O6: NOR | P6: ='Planting KW 20'!G3
C7: Diced chicken - Butter Chicken Batch - BA | D7: 20-32 | E7: FALSE | F7: 590kg | I7: =O4*('MSKU INPUT (KW20)'!E438)/1000 | J7: =69+73+74+74 | L7: =69+73+74+74 | O7: BNL | P7: ='Planting KW 20'!E3
C8: Cauliflower rice - Cilantro and Lime Cauliflower Rice - BA | D8: 20-31 | E8: FALSE | I8: =O4*('MSKU INPUT (KW20)'!E470/1000) | J8: =29+29+29+28+22+26+27+20+9+30+24+26+26+25+30+28+14 | L8: =29+29+29+28+22+26+27+20+9+30+24+26+26+25+30+28+14
C9: Roasted Green Onions | D9: 20-33 | E9: FALSE | F9: 45kg | I9: =O4*('MSKU INPUT (KW20)'!E561/1000) | J9: =46+49 | L9: =46+49
C10: Sauce - Butter Chicken sauce | D10: 20-34 | E10: FALSE | I10: =O4*'MSKU INPUT (KW20)'!E560/1000 | J10: =108+109+93+107+107+106+106 | L10: =108+109+93+107+107+106+106
B12: 46146 | E12: Logistics | G12: Debox | I12: Blast Chiller | K12: Plating Holding | M12: Plating (Tuesday) | O12: Sleeving | R12: Comments if problems
D13: Work Order | E13: Staged | F13: Comment | G13: Planned | H13: Actual | I13: Planned | J13: Actual | K13: Planned | L13: Actual | M13: Planned | N13: Actual | O13: 1826 | P13: Planned | Q13: Actual
A14: Day | B14: Rezept | C14: FV0846A - Stroganoff-Style Beef Burger | M14: 1826 | O14: DE | P14: 521.77635
A15: Monday | B15: Sub | C15: Beef Burger Master EU | D15: 20-35 | E15: FALSE | I15: =O13*('MSKU INPUT (KW20)'!AG631/1000) | J15: 320 | L15: =93+81+78+68 | O15: NOR | P15: 463.99429
C16: Green Beans CUT 1-1/2 - Fresh - Less Salt | D16: 20-26 | E16: FALSE | I16: =O13*'MSKU INPUT (KW20)'!E594/1000 | J16: =30+20+16+27 | L16: =61+60+58+38 | O16: BNL | P16: 858.04187
C17: Herb-Parmesan Butter | D17: 20-27 | E17: FALSE | I17: =O13*('MSKU INPUT (KW20)'!E607/1000) | J17: 28 | L17: 61
C18: Loaded Roasted Sliced Mushrooms 1/2 green onion | D18: 20-28 | E18: FALSE | I18: =O13*'MSKU INPUT (KW20)'!E599/1000 | J18: =27+32+9+28+30 | L18: =58+63+23+60+61
C19: Roasted Green Onions | D19: 20-29 | E19: FALSE | F19: 12kg | I19: =O13*('MSKU INPUT (KW20)'!E593/1000) | J19: 10 | L19: 29
C20: Sauce for Beef Stroganoff - 1/2 garlic- No wine | D20: 20-30 | E20: FALSE | I20: =O13*'MSKU INPUT (KW20)'!E612/1000 | J20: =102+103 | L20: =102+103
B23: 46147 | E23: Logistics | G23: Debox | I23: Blast Chiller | K23: Plating Holding | M23: Plating (Wednesday) | O23: Sleeving | R23: Comments if problems
D24: Work Order | E24: Staged | F24: Comment | G24: Planned | H24: Actual | I24: Planned | J24: Actual | K24: Planned | L24: Actual | M24: Planned | N24: Actual | P24: Planned | Q24: Actual
A25: Day | B25: Rezept | C25: FV0281A - Baja Salmon | M25: ='Planting KW 20'!N5 | O25: DE | P25: ='Planting KW 20'!I5
A26: Tuesday | B26: Sub | O26: NOR | P26: ='Planting KW 20'!G5
C27: Mexican Cauliflower Rice | D27: 20-17 | E27: FALSE | I27: =('MSKU INPUT (KW20)'!E188/1000)*(M25) | O27: BNL | P27: ='Planting KW 20'!E5
C28: Salmon - BAJA Salmon - Batch | D28: 20-18 | E28: FALSE | I28: =((SUM('MSKU INPUT (KW20)'!AE197:AE208)*Median('MSKU INPUT (KW20)'!AD197:AD208))/1000)*M25
C29: Compound butter - Chili-Garlic Butter - master batch | D29: 20-16 | E29: FALSE | I29: ='MSKU INPUT (KW20)'!E209/1000*M25
C30: Sauce - Cilantro Sour Cream | D30: 20-19 | E30: FALSE | I30: ='MSKU INPUT (KW20)'!E220/1000*M25
C31: Broccoli - S&P Broccoli FLORETS - less salt | D31: 20-14 | E31: FALSE | I31: ='MSKU INPUT (KW20)'!E219/1000*M25
B33: 46147 | E33: Logistics | G33: Debox | I33: Blast Chiller | K33: Plating Holding | M33: Plating (Wednesday) | O33: Sleeving | R33: Comments if problems
D34: Work Order | E34: Staged | F34: Comment | G34: Planned | H34: Actual | I34: Planned | J34: Actual | K34: Planned | L34: Actual | M34: Planned | N34: Actual | P34: Planned | Q34: Actual
A35: Day | B35: Rezept | C35: FV0333A - Tuscan Shrimp | M35: ='Planting KW 20'!N6 | O35: DE | P35: ='Planting KW 20'!I6
A36: Tuesday | B36: Sub | E36: FALSE | O36: NOR | P36: ='Planting KW 20'!G6
C37: Tuscan Shrimp batch | D37: 20-23 | E37: FALSE | I37: ='MSKU INPUT (KW20)'!AG313/1000*M35 | O37: BNL | P37: ='Planting KW 20'!E6
C38: Creamed Kale - Cream Cheese | D38: 20-21 | E38: FALSE | I38: ='MSKU INPUT (KW20)'!E311/1000*M35
C39: Sauce - Tuscan Shrimp Butter Sauce | D39: 20-22 | E39: FALSE | I39: ='MSKU INPUT (KW20)'!E323/1000*M35
C40: Zucchini/Pepper/Onion Mix for Tuscan Shrimp - 1/2 Diced | D40: 20-24 | E40: FALSE | I40: ='MSKU INPUT (KW20)'!E334/1000*M35
B42: 46148 | E42: Logistics | G42: Debox | I42: Blast Chiller | K42: Plating Holding | M42: Plating (Thursday) | O42: Sleeving | R42: Comments if problems
D43: Work Order | E43: Staged | F43: Comment | G43: Planned | H43: Actual | I43: Planned | J43: Actual | K43: Planned | L43: Actual | M43: Planned | N43: Actual | P43: Planned | Q43: Actual
A44: Day | B44: Rezept | C44: FV0035A - Salmon with pesto | M44: ='Planting KW 20'!N3 | O44: DE | P44: ='Planting KW 20'!I7
A45: Wendsday | B45: Sub | E45: FALSE | O45: NOR | P45: ='Planting KW 20'!G7
C46: Salmon - garlic seasoning | D46: 20-53 | E46: FALSE | O46: BNL | P46: ='Planting KW 20'!E7
C47: Compound butter - Sun-Dried Tomato | D47: 20-56 | E47: FALSE
C48: S&P Roasted Green Beans 1 | D48: 20-58 | E48: FALSE
C49: Spinach - Creamed Spinach | D49: 20-61 | E49: FALSE
C50: Sauce - Pesto | D50: 20-60 | E50: FALSE
B52: 46148 | E52: Logistics | G52: Debox | I52: Blast Chiller | K52: Plating Holding | M52: Plating (Thursday) | O52: Sleeving | R52: Comments if problems
D53: Work Order | E53: Staged | F53: Comment | G53: Planned | H53: Actual | I53: Planned | J53: Actual | K53: Planned | L53: Actual | M53: Planned | N53: Actual | P53: Planned | Q53: Actual
A54: Day | B54: Rezept | C54: FV0846A - Stroganoff-Style Beef Burger | O54: DE
A55: Wendsday | B55: Sub | E55: FALSE | O55: NOR
E56: FALSE | O56: BNL
E57: FALSE
E58: FALSE
E59: FALSE

Sheet Input 

Sheet MSKU INPUT (KW20)
A1: Recipe Name | B1: Recipe ID | C1: Sub-Recipe 1 Name | D1: Sub-Recipe 1 ID | E1: Sub-Recipe 1 Quantity | F1: Sub-Recipe 1 UOM | G1: Sub-Recipe 1 Recipe Categories | H1: Sub-Recipe 2 Name | I1: Sub-Recipe 2 ID | J1: Sub-Recipe 2 Quantity | K1: Sub-Recipe 2 UOM | L1: Sub-Recipe 2 Recipe Categories | M1: Sub-Recipe 3 Name | N1: Sub-Recipe 3 ID | O1: Sub-Recipe 3 Quantity | P1: Sub-Recipe 3 UOM | Q1: Sub-Recipe 3 Recipe Categories | R1: Sub-Recipe 4 Name | S1: Sub-Recipe 4 ID | T1: Sub-Recipe 4 Quantity | U1: Sub-Recipe 4 UOM | V1: Sub-Recipe 4 Recipe Categories | W1: Ingredient | X1: Ingredient ID | Y1: Gross Ingredient Qty | Z1: Net Ingredient Qty | AA1: Ingredient UOM | AB1: Ingredient Allergen Type | AC1: Sub Allergen Type | AD1: Sub-Recipe Yield % | AE1: Qty Converted to Weight | AF1: Qty Unit
A2: FV0024A - Chicken in tomato cream sauce [BNL] | B2: REC-013938-4-007 | C2: Sauce - Sun-Dried Tomato Sauce - Less Salt | D2: SUB-013571-4-001 | E2: 140 | F2: grams | G2: BLAST CHILLER, BRAISER, IMMERSION BLENDER, SPICE PORTIONING | W2: FA-DE Cheese, Parmesan, Grated /Käse, Parmesan, gerieben | X2: DAI-00-139127-3 | Y2: 14,55 | Z2: 14,55 | AA2: grams | AB2: MILCH (EINSCHLIESSLICH LAKTOSE) | AD2: 0.88017 | AE2: 14.55 | AF2: grams
A3: FV0024A - Chicken in tomato cream sauce [BNL] | B3: REC-013938-4-007 | C3: Sauce - Sun-Dried Tomato Sauce - Less Salt | D3: SUB-013571-4-001 | E3: 140 | F3: grams | G3: BLAST CHILLER, BRAISER, IMMERSION BLENDER, SPICE PORTIONING | W3: FA-DE Oil, Olive /Öl, Olivenöl | X3: PRO-00-139277-5 | Y3: 8,29 | Z3: 8,29 | AA3: grams | AD3: 0.88017 | AE3: 8.29 | AF3: grams
A4: FV0024A - Chicken in tomato cream sauce [BNL] | B4: REC-013938-4-007 | C4: Sauce - Sun-Dried Tomato Sauce - Less Salt | D4: SUB-013571-4-001 | E4: 140 | F4: grams | G4: BLAST CHILLER, BRAISER, IMMERSION BLENDER, SPICE PORTIONING | W4: FA-DE Stock, Chicken, Reduced/Brühe, Huhn, Reduziert | X4: PRO-00-139288-5 | Y4: 1,63 | Z4: 1,63 | AA4: grams | AD4: 0.88017 | AE4: 1.63 | AF4: grams
A5: FV0024A - Chicken in tomato cream sauce [BNL] | B5: REC-013938-4-007 | C5: Sauce - Sun-Dried Tomato Sauce - Less Salt | D5: SUB-013571-4-001 | E5: 140 | F5: grams | G5: BLAST CHILLER, BRAISER, IMMERSION BLENDER, SPICE PORTIONING | W5: FA-DE Garlic, IQF, Diced 4 mm /Knoblauch, IQF, gewürfelt 4 mm | X5: PHF-00-139237-1 | Y5: 3,31 | Z5: 3,31 | AA5: grams | AB5: SCHWEFELDIOXIDE UND SULFITE | AD5: 0.88017 | AE5: 3.31 | AF5: grams
A6: FV0024A - Chicken in tomato cream sauce [BNL] | B6: REC-013938-4-007 | C6: Sauce - Sun-Dried Tomato Sauce - Less Salt | D6: SUB-013571-4-001 | E6: 140 | F6: grams | G6: BLAST CHILLER, BRAISER, IMMERSION BLENDER, SPICE PORTIONING | H6: Hydrated Sun-Dried Tomatoes | I6: SUB-013501-4-001 | J6: 14.53 | K6: grams | L6: BRAISER | W6: FA-DE Tomatoes, Sun - Dried Julienned /Tomaten, sonnengetrocknete Julienne | X6: PRO-00-139296-5 | Y6: 8,07 | Z6: 8,07 | AA6: grams | AD6: 0.90001 | AE6: 8.07 | AF6: grams
A7: FV0024A - Chicken in tomato cream sauce [BNL] | B7: REC-013938-4-007 | C7: Sauce - Sun-Dried Tomato Sauce - Less Salt | D7: SUB-013571-4-001 | E7: 140 | F7: grams | G7: BLAST CHILLER, BRAISER, IMMERSION BLENDER, SPICE PORTIONING | H7: Hydrated Sun-Dried Tomatoes | I7: SUB-013501-4-001 | J7: 14.53 | K7: grams | L7: BRAISER | U7: =SUM(Z2:Z11) | W7: FA-DE Water / Wasser | X7: OTH-00-144038-5 | Y7: 8,07 | Z7: 8,07 | AA7: grams | AD7: 0.90001 | AE7: 8.07 | AF7: grams
A8: FV0024A - Chicken in tomato cream sauce [BNL] | B8: REC-013938-4-007 | C8: Sauce - Sun-Dried Tomato Sauce - Less Salt | D8: SUB-013571-4-001 | E8: 140 | F8: grams | G8: BLAST CHILLER, BRAISER, IMMERSION BLENDER, SPICE PORTIONING | W8: FA-DE Spinach, Fresh, Stem Off /Spinat, frisch, ohne Stiel | X8: PHF-00-139225-3 | Y8: 11,64 | Z8: 11,64 | AA8: grams | AD8: 0.88017 | AE8: 11.64 | AF8: grams
A9: FV0024A - Chicken in tomato cream sauce [BNL] | B9: REC-013938-4-007 | C9: Sauce - Sun-Dried Tomato Sauce - Less Salt | D9: SUB-013571-4-001 | E9: 140 | F9: grams | G9: BLAST CHILLER, BRAISER, IMMERSION BLENDER, SPICE PORTIONING | W9: FA-DE Spice, Sea Salt /Gewürze, Meersalz | X9: SPI-00-139378-5 | Y9: 0,07 | Z9: 0,07 | AA9: grams | AD9: 0.88017 | AE9: 0.07 | AF9: grams
A10: FV0024A - Chicken in tomato cream sauce [BNL] | B10: REC-013938-4-007 | C10: Sauce - Sun-Dried Tomato Sauce - Less Salt | D10: SUB-013571-4-001 | E10: 140 | F10: grams | G10: BLAST CHILLER, BRAISER, IMMERSION BLENDER, SPICE PORTIONING | W10: FA-DE Onion, Spanish, Diced 5mm /Zwiebel, Spanisch, gewürfelt 5 mm | X10: PHF-00-139212-3 | Y10: 14,55 | Z10: 14,55 | AA10: grams | AD10: 0.88017 | AE10: 14.55 | AF10: grams
A11: FV0024A - Chicken in tomato cream sauce [BNL] | B11: REC-013938-4-007 | C11: Sauce - Sun-Dried Tomato Sauce - Less Salt | D11: SUB-013571-4-001 | E11: 140 | F11: grams | G11: BLAST CHILLER, BRAISER, IMMERSION BLENDER, SPICE PORTIONING | W11: FA-DE Heavy Cream 20% /Sahne 20% | X11: DAI-00-139137-3 | Y11: 90,49 | Z11: 90,49 | AA11: grams | AB11: MILCH (EINSCHLIESSLICH LAKTOSE) | AD11: 0.88017 | AE11: 90.49 | AF11: grams
A12: FV0024A - Chicken in tomato cream sauce [BNL] | B12: REC-013938-4-007 | C12: Chicken breast - Sun-Dried Tomato Chicken Batch - Grilled 160g | D12: SUB-013572-4-001 | E12: 1 | F12: each | G12: BLAST CHILLER, GRILL, MARINADE, OVEN | W12: FA-DE Spice, Black Pepper, Ground /Gewürz, schwarzer Pfeffer, gemahlen | X12: SPI-00-139334-5 | Y12: 0,14 | Z12: 0,14 | AA12: grams | AD12: 0.7011 | AE12: 0.14 | AF12: grams
A13: FV0024A - Chicken in tomato cream sauce [BNL] | B13: REC-013938-4-007 | C13: Chicken breast - Sun-Dried Tomato Chicken Batch - Grilled 160g | D13: SUB-013572-4-001 | E13: 1 | F13: each | G13: BLAST CHILLER, GRILL, MARINADE, OVEN | W13: FA-DE Spice, Oregano Dry /Gewürz, Oregano trocken | X13: SPI-00-139372-5 | Y13: 0,14 | Z13: 0,14 | AA13: grams | AD13: 0.7011 | AE13: 0.14 | AF13: grams
A14: FV0024A - Chicken in tomato cream sauce [BNL] | B14: REC-013938-4-007 | C14: Chicken breast - Sun-Dried Tomato Chicken Batch - Grilled 160g | D14: SUB-013572-4-001 | E14: 1 | F14: each | G14: BLAST CHILLER, GRILL, MARINADE, OVEN | W14: FA-DE Spice, Onion Granulated /Gewürze, Zwiebeln granuliert | X14: SPI-00-139370-5 | Y14: 0,23 | Z14: 0,23 | AA14: grams | AD14: 0.7011 | AE14: 0.23 | AF14: grams
A15: FV0024A - Chicken in tomato cream sauce [BNL] | B15: REC-013938-4-007 | C15: Chicken breast - Sun-Dried Tomato Chicken Batch - Grilled 160g | D15: SUB-013572-4-001 | E15: 1 | F15: each | G15: BLAST CHILLER, GRILL, MARINADE, OVEN | W15: FA-DE Spice, Crushed Red Pepper Flakes /Gewürz, zerkleinerte rote Pfefferflocken | X15: SPI-00-139344-5 | Y15: 0,09 | Z15: 0,09 | AA15: grams | AD15: 0.7011 | AE15: 0.09 | AF15: grams
A16: FV0024A - Chicken in tomato cream sauce [BNL] | B16: REC-013938-4-007 | C16: Chicken breast - Sun-Dried Tomato Chicken Batch - Grilled 160g | D16: SUB-013572-4-001 | E16: 1 | F16: each | G16: BLAST CHILLER, GRILL, MARINADE, OVEN | W16: FA-DE Spice, Garlic Granulated /Gewürz, Knoblauch granuliert | X16: SPI-00-139353-5 | Y16: 0,43 | Z16: 0,43 | AA16: grams | AD16: 0.7011 | AE16: 0.43 | AF16: grams
A17: FV0024A - Chicken in tomato cream sauce [BNL] | B17: REC-013938-4-007 | C17: Chicken breast - Sun-Dried Tomato Chicken Batch - Grilled 160g | D17: SUB-013572-4-001 | E17: 1 | F17: each | G17: BLAST CHILLER, GRILL, MARINADE, OVEN | W17: FA-DE Vinegar, Red Wine /Essig, Rotwein | X17: PRO-00-139301-5 | Y17: 2,3 | Z17: 2,3 | AA17: grams | AD17: 0.7011 | AE17: 2.3 | AF17: grams
A18: FV0024A - Chicken in tomato cream sauce [BNL] | B18: REC-013938-4-007 | C18: Chicken breast - Sun-Dried Tomato Chicken Batch - Grilled 160g | D18: SUB-013572-4-001 | E18: 1 | F18: each | G18: BLAST CHILLER, GRILL, MARINADE, OVEN | H18: Chicken Breast - BRINED 160g | I18: SUB-013527-4-001 | J18: 160 | K18: grams | L18: BRINE | W18: FA-DE Chicken, Breast, B/S - 160g/Hähnchen, Brust, B/S – 160 g | X18: PTN-00-139317-3 | Y18: 160 | Z18: 160 | AA18: grams | AD18: 0.4978 | AE18: 160 | AF18: grams
A19: FV0024A - Chicken in tomato cream sauce [BNL] | B19: REC-013938-4-007 | C19: Chicken breast - Sun-Dried Tomato Chicken Batch - Grilled 160g | D19: SUB-013572-4-001 | E19: 1 | F19: each | G19: BLAST CHILLER, GRILL, MARINADE, OVEN | H19: Chicken Breast - BRINED 160g | I19: SUB-013527-4-001 | J19: 160 | K19: grams | L19: BRINE | W19: FA-DE Water / Wasser | X19: OTH-00-144038-5 | Y19: 160 | Z19: 160 | AA19: grams | AD19: 0.4978 | AE19: 160 | AF19: grams
A20: FV0024A - Chicken in tomato cream sauce [BNL] | B20: REC-013938-4-007 | C20: Chicken breast - Sun-Dried Tomato Chicken Batch - Grilled 160g | D20: SUB-013572-4-001 | E20: 1 | F20: each | G20: BLAST CHILLER, GRILL, MARINADE, OVEN | H20: Chicken Breast - BRINED 160g | I20: SUB-013527-4-001 | J20: 160 | K20: grams | L20: BRINE | W20: FA-DE Spice, Sea Salt /Gewürze, Meersalz | X20: SPI-00-139378-5 | Y20: 1,41 | Z20: 1,41 | AA20: grams | AD20: 0.4978 | AE20: 1.41 | AF20: grams
A21: FV0024A - Chicken in tomato cream sauce [BNL] | B21: REC-013938-4-007 | C21: Chicken breast - Sun-Dried Tomato Chicken Batch - Grilled 160g | D21: SUB-013572-4-001 | E21: 1 | F21: each | G21: BLAST CHILLER, GRILL, MARINADE, OVEN | W21: FA-DE Parsley, Chopped /Petersilie, gehackt | X21: PHF-00-139215-3 | Y21: 0,46 | Z21: 0,46 | AA21: grams | AD21: 0.7011 | AE21: 0.46 | AF21: grams
A22: FV0024A - Chicken in tomato cream sauce [BNL] | B22: REC-013938-4-007 | C22: Chicken breast - Sun-Dried Tomato Chicken Batch - Grilled 160g | D22: SUB-013572-4-001 | E22: 1 | F22: each | G22: BLAST CHILLER, GRILL, MARINADE, OVEN | W22: FA-DE Oil, Olive /Öl, Olivenöl | X22: PRO-00-139277-5 | Y22: 6,8 | Z22: 6,8 | AA22: grams | AD22: 0.7011 | AE22: 6.8 | AF22: grams
A23: FV0024A - Chicken in tomato cream sauce [BNL] | B23: REC-013938-4-007 | C23: Chicken breast - Sun-Dried Tomato Chicken Batch - Grilled 160g | D23: SUB-013572-4-001 | E23: 1 | F23: each | G23: BLAST CHILLER, GRILL, MARINADE, OVEN | H23: Basil - Picked Basil Leaves | I23: SUB-013424-4-001 | J23: 0.57 | K23: grams | L23: DEBOX, STAGING | W23: FA-DE Basil, Fresh /Basilikum, frisch | X23: PHF-00-139175-3 | Y23: 1,02 | Z23: 1,02 | AA23: grams | AD23: 0.55986 | AE23: 1.02 | AF23: grams
A24: FV0024A - Chicken in tomato cream sauce [BNL] | B24: REC-013938-4-007 | C24: Cooked Courgette Noodles - No Salt | D24: SUB-013573-4-001 | E24: 100 | F24: grams | G24: BLAST CHILLER, HAND MARINADE, OVEN | W24: FA-DE Oil, Olive /Öl, Olivenöl | X24: PRO-00-139277-5 | Y24: 8,07 | Z24: 8,07 | AA24: grams | AD24: 0.68363 | AE24: 8.07 | AF24: grams
A25: FV0024A - Chicken in tomato cream sauce [BNL] | B25: REC-013938-4-007 | C25: Cooked Courgette Noodles - No Salt | D25: SUB-013573-4-001 | E25: 100 | F25: grams | G25: BLAST CHILLER, HAND MARINADE, OVEN | W25: FA-DE Zucchini, Spiralized Noodles /Zucchini, Spiralnudeln | X25: PHF-00-139230-3 | Y25: 138,21 | Z25: 138,21 | AA25: grams | AD25: 0.68363 | AE25: 138.21 | AF25: grams
A26: FV0024A - Chicken in tomato cream sauce [DE] | B26: REC-013938-4-005 | C26: Sauce - Sun-Dried Tomato Sauce - Less Salt | D26: SUB-013571-4-001 | E26: 140 | F26: grams | G26: BLAST CHILLER, BRAISER, IMMERSION BLENDER, SPICE PORTIONING | W26: FA-DE Cheese, Parmesan, Grated /Käse, Parmesan, gerieben | X26: DAI-00-139127-3 | Y26: 14,55 | Z26: 14,55 | AA26: grams | AB26: MILCH (EINSCHLIESSLICH LAKTOSE) | AD26: 0.88017 | AE26: 14.55 | AF26: grams
A27: FV0024A - Chicken in tomato cream sauce [DE] | B27: REC-013938-4-005 | C27: Sauce - Sun-Dried Tomato Sauce - Less Salt | D27: SUB-013571-4-001 | E27: 140 | F27: grams | G27: BLAST CHILLER, BRAISER, IMMERSION BLENDER, SPICE PORTIONING | W27: FA-DE Oil, Olive /Öl, Olivenöl | X27: PRO-00-139277-5 | Y27: 8,29 | Z27: 8,29 | AA27: grams | AD27: 0.88017 | AE27: 8.29 | AF27: grams
A28: FV0024A - Chicken in tomato cream sauce [DE] | B28: REC-013938-4-005 | C28: Sauce - Sun-Dried Tomato Sauce - Less Salt | D28: SUB-013571-4-001 | E28: 140 | F28: grams | G28: BLAST CHILLER, BRAISER, IMMERSION BLENDER, SPICE PORTIONING | W28: FA-DE Stock, Chicken, Reduced/Brühe, Huhn, Reduziert | X28: PRO-00-139288-5 | Y28: 1,63 | Z28: 1,63 | AA28: grams | AD28: 0.88017 | AE28: 1.63 | AF28: grams
A29: FV0024A - Chicken in tomato cream sauce [DE] | B29: REC-013938-4-005 | C29: Sauce - Sun-Dried Tomato Sauce - Less Salt | D29: SUB-013571-4-001 | E29: 140 | F29: grams | G29: BLAST CHILLER, BRAISER, IMMERSION BLENDER, SPICE PORTIONING | W29: FA-DE Garlic, IQF, Diced 4 mm /Knoblauch, IQF, gewürfelt 4 mm | X29: PHF-00-139237-1 | Y29: 3,31 | Z29: 3,31 | AA29: grams | AB29: SCHWEFELDIOXIDE UND SULFITE | AD29: 0.88017 | AE29: 3.31 | AF29: grams
A30: FV0024A - Chicken in tomato cream sauce [DE] | B30: REC-013938-4-005 | C30: Sauce - Sun-Dried Tomato Sauce - Less Salt | D30: SUB-013571-4-001 | E30: 140 | F30: grams | G30: BLAST CHILLER, BRAISER, IMMERSION BLENDER, SPICE PORTIONING | H30: Hydrated Sun-Dried Tomatoes | I30: SUB-013501-4-001 | J30: 14.53 | K30: grams | L30: BRAISER | W30: FA-DE Tomatoes, Sun - Dried Julienned /Tomaten, sonnengetrocknete Julienne | X30: PRO-00-139296-5 | Y30: 8,07 | Z30: 8,07 | AA30: grams | AD30: 0.90001 | AE30: 8.07 | AF30: grams
A31: FV0024A - Chicken in tomato cream sauce [DE] | B31: REC-013938-4-005 | C31: Sauce - Sun-Dried Tomato Sauce - Less Salt | D31: SUB-013571-4-001 | E31: 140 | F31: grams | G31: BLAST CHILLER, BRAISER, IMMERSION BLENDER, SPICE PORTIONING | H31: Hydrated Sun-Dried Tomatoes | I31: SUB-013501-4-001 | J31: 14.53 | K31: grams | L31: BRAISER | W31: FA-DE Water / Wasser | X31: OTH-00-144038-5 | Y31: 8,07 | Z31: 8,07 | AA31: grams | AD31: 0.90001 | AE31: 8.07 | AF31: grams
A32: FV0024A - Chicken in tomato cream sauce [DE] | B32: REC-013938-4-005 | C32: Sauce - Sun-Dried Tomato Sauce - Less Salt | D32: SUB-013571-4-001 | E32: 140 | F32: grams | G32: BLAST CHILLER, BRAISER, IMMERSION BLENDER, SPICE PORTIONING | W32: FA-DE Spinach, Fresh, Stem Off /Spinat, frisch, ohne Stiel | X32: PHF-00-139225-3 | Y32: 11,64 | Z32: 11,64 | AA32: grams | AD32: 0.88017 | AE32: 11.64 | AF32: grams
A33: FV0024A - Chicken in tomato cream sauce [DE] | B33: REC-013938-4-005 | C33: Sauce - Sun-Dried Tomato Sauce - Less Salt | D33: SUB-013571-4-001 | E33: 140 | F33: grams | G33: BLAST CHILLER, BRAISER, IMMERSION BLENDER, SPICE PORTIONING | W33: FA-DE Spice, Sea Salt /Gewürze, Meersalz | X33: SPI-00-139378-5 | Y33: 0,07 | Z33: 0,07 | AA33: grams | AD33: 0.88017 | AE33: 0.07 | AF33: grams
A34: FV0024A - Chicken in tomato cream sauce [DE] | B34: REC-013938-4-005 | C34: Sauce - Sun-Dried Tomato Sauce - Less Salt | D34: SUB-013571-4-001 | E34: 140 | F34: grams | G34: BLAST CHILLER, BRAISER, IMMERSION BLENDER, SPICE PORTIONING | W34: FA-DE Onion, Spanish, Diced 5mm /Zwiebel, Spanisch, gewürfelt 5 mm | X34: PHF-00-139212-3 | Y34: 14,55 | Z34: 14,55 | AA34: grams | AD34: 0.88017 | AE34: 14.55 | AF34: grams
A35: FV0024A - Chicken in tomato cream sauce [DE] | B35: REC-013938-4-005 | C35: Sauce - Sun-Dried Tomato Sauce - Less Salt | D35: SUB-013571-4-001 | E35: 140 | F35: grams | G35: BLAST CHILLER, BRAISER, IMMERSION BLENDER, SPICE PORTIONING | W35: FA-DE Heavy Cream 20% /Sahne 20% | X35: DAI-00-139137-3 | Y35: 90,49 | Z35: 90,49 | AA35: grams | AB35: MILCH (EINSCHLIESSLICH LAKTOSE) | AD35: 0.88017 | AE35: 90.49 | AF35: grams
A36: FV0024A - Chicken in tomato cream sauce [DE] | B36: REC-013938-4-005 | C36: Chicken breast - Sun-Dried Tomato Chicken Batch - Grilled 160g | D36: SUB-013572-4-001 | E36: 1 | F36: each | G36: BLAST CHILLER, GRILL, MARINADE, OVEN | W36: FA-DE Spice, Black Pepper, Ground /Gewürz, schwarzer Pfeffer, gemahlen | X36: SPI-00-139334-5 | Y36: 0,14 | Z36: 0,14 | AA36: grams | AD36: 0.7011 | AE36: 0.14 | AF36: grams
A37: FV0024A - Chicken in tomato cream sauce [DE] | B37: REC-013938-4-005 | C37: Chicken breast - Sun-Dried Tomato Chicken Batch - Grilled 160g | D37: SUB-013572-4-001 | E37: 1 | F37: each | G37: BLAST CHILLER, GRILL, MARINADE, OVEN | W37: FA-DE Spice, Oregano Dry /Gewürz, Oregano trocken | X37: SPI-00-139372-5 | Y37: 0,14 | Z37: 0,14 | AA37: grams | AD37: 0.7011 | AE37: 0.14 | AF37: grams
A38: FV0024A - Chicken in tomato cream sauce [DE] | B38: REC-013938-4-005 | C38: Chicken breast - Sun-Dried Tomato Chicken Batch - Grilled 160g | D38: SUB-013572-4-001 | E38: 1 | F38: each | G38: BLAST CHILLER, GRILL, MARINADE, OVEN | W38: FA-DE Spice, Onion Granulated /Gewürze, Zwiebeln granuliert | X38: SPI-00-139370-5 | Y38: 0,23 | Z38: 0,23 | AA38: grams | AD38: 0.7011 | AE38: 0.23 | AF38: grams
A39: FV0024A - Chicken in tomato cream sauce [DE] | B39: REC-013938-4-005 | C39: Chicken breast - Sun-Dried Tomato Chicken Batch - Grilled 160g | D39: SUB-013572-4-001 | E39: 1 | F39: each | G39: BLAST CHILLER, GRILL, MARINADE, OVEN | W39: FA-DE Spice, Crushed Red Pepper Flakes /Gewürz, zerkleinerte rote Pfefferflocken | X39: SPI-00-139344-5 | Y39: 0,09 | Z39: 0,09 | AA39: grams | AD39: 0.7011 | AE39: 0.09 | AF39: grams
A40: FV0024A - Chicken in tomato cream sauce [DE] | B40: REC-013938-4-005 | C40: Chicken breast - Sun-Dried Tomato Chicken Batch - Grilled 160g | D40: SUB-013572-4-001 | E40: 1 | F40: each | G40: BLAST CHILLER, GRILL, MARINADE, OVEN | W40: FA-DE Spice, Garlic Granulated /Gewürz, Knoblauch granuliert | X40: SPI-00-139353-5 | Y40: 0,43 | Z40: 0,43 | AA40: grams | AD40: 0.7011 | AE40: 0.43 | AF40: grams
A41: FV0024A - Chicken in tomato cream sauce [DE] | B41: REC-013938-4-005 | C41: Chicken breast - Sun-Dried Tomato Chicken Batch - Grilled 160g | D41: SUB-013572-4-001 | E41: 1 | F41: each | G41: BLAST CHILLER, GRILL, MARINADE, OVEN | W41: FA-DE Vinegar, Red Wine /Essig, Rotwein | X41: PRO-00-139301-5 | Y41: 2,3 | Z41: 2,3 | AA41: grams | AD41: 0.7011 | AE41: 2.3 | AF41: grams
A42: FV0024A - Chicken in tomato cream sauce [DE] | B42: REC-013938-4-005 | C42: Chicken breast - Sun-Dried Tomato Chicken Batch - Grilled 160g | D42: SUB-013572-4-001 | E42: 1 | F42: each | G42: BLAST CHILLER, GRILL, MARINADE, OVEN | H42: Chicken Breast - BRINED 160g | I42: SUB-013527-4-001 | J42: 160 | K42: grams | L42: BRINE | W42: FA-DE Chicken, Breast, B/S - 160g/Hähnchen, Brust, B/S – 160 g | X42: PTN-00-139317-3 | Y42: 160 | Z42: 160 | AA42: grams | AD42: 0.4978 | AE42: 160 | AF42: grams
A43: FV0024A - Chicken in tomato cream sauce [DE] | B43: REC-013938-4-005 | C43: Chicken breast - Sun-Dried Tomato Chicken Batch - Grilled 160g | D43: SUB-013572-4-001 | E43: 1 | F43: each | G43: BLAST CHILLER, GRILL, MARINADE, OVEN | H43: Chicken Breast - BRINED 160g | I43: SUB-013527-4-001 | J43: 160 | K43: grams | L43: BRINE | W43: FA-DE Water / Wasser | X43: OTH-00-144038-5 | Y43: 160 | Z43: 160 | AA43: grams | AD43: 0.4978 | AE43: 160 | AF43: grams
A44: FV0024A - Chicken in tomato cream sauce [DE] | B44: REC-013938-4-005 | C44: Chicken breast - Sun-Dried Tomato Chicken Batch - Grilled 160g | D44: SUB-013572-4-001 | E44: 1 | F44: each | G44: BLAST CHILLER, GRILL, MARINADE, OVEN | H44: Chicken Breast - BRINED 160g | I44: SUB-013527-4-001 | J44: 160 | K44: grams | L44: BRINE | W44: FA-DE Spice, Sea Salt /Gewürze, Meersalz | X44: SPI-00-139378-5 | Y44: 1,41 | Z44: 1,41 | AA44: grams | AD44: 0.4978 | AE44: 1.41 | AF44: grams
A45: FV0024A - Chicken in tomato cream sauce [DE] | B45: REC-013938-4-005 | C45: Chicken breast - Sun-Dried Tomato Chicken Batch - Grilled 160g | D45: SUB-013572-4-001 | E45: 1 | F45: each | G45: BLAST CHILLER, GRILL, MARINADE, OVEN | W45: FA-DE Parsley, Chopped /Petersilie, gehackt | X45: PHF-00-139215-3 | Y45: 0,46 | Z45: 0,46 | AA45: grams | AD45: 0.7011 | AE45: 0.46 | AF45: grams
A46: FV0024A - Chicken in tomato cream sauce [DE] | B46: REC-013938-4-005 | C46: Chicken breast - Sun-Dried Tomato Chicken Batch - Grilled 160g | D46: SUB-013572-4-001 | E46: 1 | F46: each | G46: BLAST CHILLER, GRILL, MARINADE, OVEN | W46: FA-DE Oil, Olive /Öl, Olivenöl | X46: PRO-00-139277-5 | Y46: 6,8 | Z46: 6,8 | AA46: grams | AD46: 0.7011 | AE46: 6.8 | AF46: grams
A47: FV0024A - Chicken in tomato cream sauce [DE] | B47: REC-013938-4-005 | C47: Chicken breast - Sun-Dried Tomato Chicken Batch - Grilled 160g | D47: SUB-013572-4-001 | E47: 1 | F47: each | G47: BLAST CHILLER, GRILL, MARINADE, OVEN | H47: Basil - Picked Basil Leaves | I47: SUB-013424-4-001 | J47: 0.57 | K47: grams | L47: DEBOX, STAGING | W47: FA-DE Basil, Fresh /Basilikum, frisch | X47: PHF-00-139175-3 | Y47: 1,02 | Z47: 1,02 | AA47: grams | AD47: 0.55986 | AE47: 1.02 | AF47: grams
A48: FV0024A - Chicken in tomato cream sauce [DE] | B48: REC-013938-4-005 | C48: Cooked Courgette Noodles - No Salt | D48: SUB-013573-4-001 | E48: 100 | F48: grams | G48: BLAST CHILLER, HAND MARINADE, OVEN | W48: FA-DE Oil, Olive /Öl, Olivenöl | X48: PRO-00-139277-5 | Y48: 8,07 | Z48: 8,07 | AA48: grams | AD48: 0.68363 | AE48: 8.07 | AF48: grams
A49: FV0024A - Chicken in tomato cream sauce [DE] | B49: REC-013938-4-005 | C49: Cooked Courgette Noodles - No Salt | D49: SUB-013573-4-001 | E49: 100 | F49: grams | G49: BLAST CHILLER, HAND MARINADE, OVEN | W49: FA-DE Zucchini, Spiralized Noodles /Zucchini, Spiralnudeln | X49: PHF-00-139230-3 | Y49: 138,21 | Z49: 138,21 | AA49: grams | AD49: 0.68363 | AE49: 138.21 | AF49: grams
A50: FV0024A - Chicken in tomato cream sauce [DKSE] | B50: REC-013938-4-006 | C50: Sauce - Sun-Dried Tomato Sauce - Less Salt | D50: SUB-013571-4-001 | E50: 140 | F50: grams | G50: BLAST CHILLER, BRAISER, IMMERSION BLENDER, SPICE PORTIONING | W50: FA-DE Cheese, Parmesan, Grated /Käse, Parmesan, gerieben | X50: DAI-00-139127-3 | Y50: 14,55 | Z50: 14,55 | AA50: grams | AB50: MILCH (EINSCHLIESSLICH LAKTOSE) | AD50: 0.88017 | AE50: 14.55 | AF50: grams
A51: FV0024A - Chicken in tomato cream sauce [DKSE] | B51: REC-013938-4-006 | C51: Sauce - Sun-Dried Tomato Sauce - Less Salt | D51: SUB-013571-4-001 | E51: 140 | F51: grams | G51: BLAST CHILLER, BRAISER, IMMERSION BLENDER, SPICE PORTIONING | W51: FA-DE Oil, Olive /Öl, Olivenöl | X51: PRO-00-139277-5 | Y51: 8,29 | Z51: 8,29 | AA51: grams | AD51: 0.88017 | AE51: 8.29 | AF51: grams
A52: FV0024A - Chicken in tomato cream sauce [DKSE] | B52: REC-013938-4-006 | C52: Sauce - Sun-Dried Tomato Sauce - Less Salt | D52: SUB-013571-4-001 | E52: 140 | F52: grams | G52: BLAST CHILLER, BRAISER, IMMERSION BLENDER, SPICE PORTIONING | W52: FA-DE Stock, Chicken, Reduced/Brühe, Huhn, Reduziert | X52: PRO-00-139288-5 | Y52: 1,63 | Z52: 1,63 | AA52: grams | AD52: 0.88017 | AE52: 1.63 | AF52: grams
A53: FV0024A - Chicken in tomato cream sauce [DKSE] | B53: REC-013938-4-006 | C53: Sauce - Sun-Dried Tomato Sauce - Less Salt | D53: SUB-013571-4-001 | E53: 140 | F53: grams | G53: BLAST CHILLER, BRAISER, IMMERSION BLENDER, SPICE PORTIONING | W53: FA-DE Garlic, IQF, Diced 4 mm /Knoblauch, IQF, gewürfelt 4 mm | X53: PHF-00-139237-1 | Y53: 3,31 | Z53: 3,31 | AA53: grams | AB53: SCHWEFELDIOXIDE UND SULFITE | AD53: 0.88017 | AE53: 3.31 | AF53: grams
A54: FV0024A - Chicken in tomato cream sauce [DKSE] | B54: REC-013938-4-006 | C54: Sauce - Sun-Dried Tomato Sauce - Less Salt | D54: SUB-013571-4-001 | E54: 140 | F54: grams | G54: BLAST CHILLER, BRAISER, IMMERSION BLENDER, SPICE PORTIONING | H54: Hydrated Sun-Dried Tomatoes | I54: SUB-013501-4-001 | J54: 14.53 | K54: grams | L54: BRAISER | W54: FA-DE Tomatoes, Sun - Dried Julienned /Tomaten, sonnengetrocknete Julienne | X54: PRO-00-139296-5 | Y54: 8,07 | Z54: 8,07 | AA54: grams | AD54: 0.90001 | AE54: 8.07 | AF54: grams
A55: FV0024A - Chicken in tomato cream sauce [DKSE] | B55: REC-013938-4-006 | C55: Sauce - Sun-Dried Tomato Sauce - Less Salt | D55: SUB-013571-4-001 | E55: 140 | F55: grams | G55: BLAST CHILLER, BRAISER, IMMERSION BLENDER, SPICE PORTIONING | H55: Hydrated Sun-Dried Tomatoes | I55: SUB-013501-4-001 | J55: 14.53 | K55: grams | L55: BRAISER | W55: FA-DE Water / Wasser | X55: OTH-00-144038-5 | Y55: 8,07 | Z55: 8,07 | AA55: grams | AD55: 0.90001 | AE55: 8.07 | AF55: grams
A56: FV0024A - Chicken in tomato cream sauce [DKSE] | B56: REC-013938-4-006 | C56: Sauce - Sun-Dried Tomato Sauce - Less Salt | D56: SUB-013571-4-001 | E56: 140 | F56: grams | G56: BLAST CHILLER, BRAISER, IMMERSION BLENDER, SPICE PORTIONING | W56: FA-DE Spinach, Fresh, Stem Off /Spinat, frisch, ohne Stiel | X56: PHF-00-139225-3 | Y56: 11,64 | Z56: 11,64 | AA56: grams | AD56: 0.88017 | AE56: 11.64 | AF56: grams
A57: FV0024A - Chicken in tomato cream sauce [DKSE] | B57: REC-013938-4-006 | C57: Sauce - Sun-Dried Tomato Sauce - Less Salt | D57: SUB-013571-4-001 | E57: 140 | F57: grams | G57: BLAST CHILLER, BRAISER, IMMERSION BLENDER, SPICE PORTIONING | W57: FA-DE Spice, Sea Salt /Gewürze, Meersalz | X57: SPI-00-139378-5 | Y57: 0,07 | Z57: 0,07 | AA57: grams | AD57: 0.88017 | AE57: 0.07 | AF57: grams
A58: FV0024A - Chicken in tomato cream sauce [DKSE] | B58: REC-013938-4-006 | C58: Sauce - Sun-Dried Tomato Sauce - Less Salt | D58: SUB-013571-4-001 | E58: 140 | F58: grams | G58: BLAST CHILLER, BRAISER, IMMERSION BLENDER, SPICE PORTIONING | W58: FA-DE Onion, Spanish, Diced 5mm /Zwiebel, Spanisch, gewürfelt 5 mm | X58: PHF-00-139212-3 | Y58: 14,55 | Z58: 14,55 | AA58: grams | AD58: 0.88017 | AE58: 14.55 | AF58: grams
A59: FV0024A - Chicken in tomato cream sauce [DKSE] | B59: REC-013938-4-006 | C59: Sauce - Sun-Dried Tomato Sauce - Less Salt | D59: SUB-013571-4-001 | E59: 140 | F59: grams | G59: BLAST CHILLER, BRAISER, IMMERSION BLENDER, SPICE PORTIONING | W59: FA-DE Heavy Cream 20% /Sahne 20% | X59: DAI-00-139137-3 | Y59: 90,49 | Z59: 90,49 | AA59: grams | AB59: MILCH (EINSCHLIESSLICH LAKTOSE) | AD59: 0.88017 | AE59: 90.49 | AF59: grams
A60: FV0024A - Chicken in tomato cream sauce [DKSE] | B60: REC-013938-4-006 | C60: Chicken breast - Sun-Dried Tomato Chicken Batch - Grilled 160g | D60: SUB-013572-4-001 | E60: 1 | F60: each | G60: BLAST CHILLER, GRILL, MARINADE, OVEN | W60: FA-DE Spice, Black Pepper, Ground /Gewürz, schwarzer Pfeffer, gemahlen | X60: SPI-00-139334-5 | Y60: 0,14 | Z60: 0,14 | AA60: grams | AD60: 0.7011 | AE60: 0.14 | AF60: grams
A61: FV0024A - Chicken in tomato cream sauce [DKSE] | B61: REC-013938-4-006 | C61: Chicken breast - Sun-Dried Tomato Chicken Batch - Grilled 160g | D61: SUB-013572-4-001 | E61: 1 | F61: each | G61: BLAST CHILLER, GRILL, MARINADE, OVEN | W61: FA-DE Spice, Oregano Dry /Gewürz, Oregano trocken | X61: SPI-00-139372-5 | Y61: 0,14 | Z61: 0,14 | AA61: grams | AD61: 0.7011 | AE61: 0.14 | AF61: grams
A62: FV0024A - Chicken in tomato cream sauce [DKSE] | B62: REC-013938-4-006 | C62: Chicken breast - Sun-Dried Tomato Chicken Batch - Grilled 160g | D62: SUB-013572-4-001 | E62: 1 | F62: each | G62: BLAST CHILLER, GRILL, MARINADE, OVEN | W62: FA-DE Spice, Onion Granulated /Gewürze, Zwiebeln granuliert | X62: SPI-00-139370-5 | Y62: 0,23 | Z62: 0,23 | AA62: grams | AD62: 0.7011 | AE62: 0.23 | AF62: grams
A63: FV0024A - Chicken in tomato cream sauce [DKSE] | B63: REC-013938-4-006 | C63: Chicken breast - Sun-Dried Tomato Chicken Batch - Grilled 160g | D63: SUB-013572-4-001 | E63: 1 | F63: each | G63: BLAST CHILLER, GRILL, MARINADE, OVEN | W63: FA-DE Spice, Crushed Red Pepper Flakes /Gewürz, zerkleinerte rote Pfefferflocken | X63: SPI-00-139344-5 | Y63: 0,09 | Z63: 0,09 | AA63: grams | AD63: 0.7011 | AE63: 0.09 | AF63: grams
A64: FV0024A - Chicken in tomato cream sauce [DKSE] | B64: REC-013938-4-006 | C64: Chicken breast - Sun-Dried Tomato Chicken Batch - Grilled 160g | D64: SUB-013572-4-001 | E64: 1 | F64: each | G64: BLAST CHILLER, GRILL, MARINADE, OVEN | W64: FA-DE Spice, Garlic Granulated /Gewürz, Knoblauch granuliert | X64: SPI-00-139353-5 | Y64: 0,43 | Z64: 0,43 | AA64: grams | AD64: 0.7011 | AE64: 0.43 | AF64: grams
A65: FV0024A - Chicken in tomato cream sauce [DKSE] | B65: REC-013938-4-006 | C65: Chicken breast - Sun-Dried Tomato Chicken Batch - Grilled 160g | D65: SUB-013572-4-001 | E65: 1 | F65: each | G65: BLAST CHILLER, GRILL, MARINADE, OVEN | W65: FA-DE Vinegar, Red Wine /Essig, Rotwein | X65: PRO-00-139301-5 | Y65: 2,3 | Z65: 2,3 | AA65: grams | AD65: 0.7011 | AE65: 2.3 | AF65: grams
A66: FV0024A - Chicken in tomato cream sauce [DKSE] | B66: REC-013938-4-006 | C66: Chicken breast - Sun-Dried Tomato Chicken Batch - Grilled 160g | D66: SUB-013572-4-001 | E66: 1 | F66: each | G66: BLAST CHILLER, GRILL, MARINADE, OVEN | H66: Chicken Breast - BRINED 160g | I66: SUB-013527-4-001 | J66: 160 | K66: grams | L66: BRINE | W66: FA-DE Chicken, Breast, B/S - 160g/Hähnchen, Brust, B/S – 160 g | X66: PTN-00-139317-3 | Y66: 160 | Z66: 160 | AA66: grams | AD66: 0.4978 | AE66: 160 | AF66: grams
A67: FV0024A - Chicken in tomato cream sauce [DKSE] | B67: REC-013938-4-006 | C67: Chicken breast - Sun-Dried Tomato Chicken Batch - Grilled 160g | D67: SUB-013572-4-001 | E67: 1 | F67: each | G67: BLAST CHILLER, GRILL, MARINADE, OVEN | H67: Chicken Breast - BRINED 160g | I67: SUB-013527-4-001 | J67: 160 | K67: grams | L67: BRINE | W67: FA-DE Water / Wasser | X67: OTH-00-144038-5 | Y67: 160 | Z67: 160 | AA67: grams | AD67: 0.4978 | AE67: 160 | AF67: grams
A68: FV0024A - Chicken in tomato cream sauce [DKSE] | B68: REC-013938-4-006 | C68: Chicken breast - Sun-Dried Tomato Chicken Batch - Grilled 160g | D68: SUB-013572-4-001 | E68: 1 | F68: each | G68: BLAST CHILLER, GRILL, MARINADE, OVEN | H68: Chicken Breast - BRINED 160g | I68: SUB-013527-4-001 | J68: 160 | K68: grams | L68: BRINE | W68: FA-DE Spice, Sea Salt /Gewürze, Meersalz | X68: SPI-00-139378-5 | Y68: 1,41 | Z68: 1,41 | AA68: grams | AD68: 0.4978 | AE68: 1.41 | AF68: grams
A69: FV0024A - Chicken in tomato cream sauce [DKSE] | B69: REC-013938-4-006 | C69: Chicken breast - Sun-Dried Tomato Chicken Batch - Grilled 160g | D69: SUB-013572-4-001 | E69: 1 | F69: each | G69: BLAST CHILLER, GRILL, MARINADE, OVEN | W69: FA-DE Parsley, Chopped /Petersilie, gehackt | X69: PHF-00-139215-3 | Y69: 0,46 | Z69: 0,46 | AA69: grams | AD69: 0.7011 | AE69: 0.46 | AF69: grams
A70: FV0024A - Chicken in tomato cream sauce [DKSE] | B70: REC-013938-4-006 | C70: Chicken breast - Sun-Dried Tomato Chicken Batch - Grilled 160g | D70: SUB-013572-4-001 | E70: 1 | F70: each | G70: BLAST CHILLER, GRILL, MARINADE, OVEN | W70: FA-DE Oil, Olive /Öl, Olivenöl | X70: PRO-00-139277-5 | Y70: 6,8 | Z70: 6,8 | AA70: grams | AD70: 0.7011 | AE70: 6.8 | AF70: grams
A71: FV0024A - Chicken in tomato cream sauce [DKSE] | B71: REC-013938-4-006 | C71: Chicken breast - Sun-Dried Tomato Chicken Batch - Grilled 160g | D71: SUB-013572-4-001 | E71: 1 | F71: each | G71: BLAST CHILLER, GRILL, MARINADE, OVEN | H71: Basil - Picked Basil Leaves | I71: SUB-013424-4-001 | J71: 0.57 | K71: grams | L71: DEBOX, STAGING | W71: FA-DE Basil, Fresh /Basilikum, frisch | X71: PHF-00-139175-3 | Y71: 1,02 | Z71: 1,02 | AA71: grams | AD71: 0.55986 | AE71: 1.02 | AF71: grams
A72: FV0024A - Chicken in tomato cream sauce [DKSE] | B72: REC-013938-4-006 | C72: Cooked Courgette Noodles - No Salt | D72: SUB-013573-4-001 | E72: 100 | F72: grams | G72: BLAST CHILLER, HAND MARINADE, OVEN | W72: FA-DE Oil, Olive /Öl, Olivenöl | X72: PRO-00-139277-5 | Y72: 8,07 | Z72: 8,07 | AA72: grams | AD72: 0.68363 | AE72: 8.07 | AF72: grams
A73: FV0024A - Chicken in tomato cream sauce [DKSE] | B73: REC-013938-4-006 | C73: Cooked Courgette Noodles - No Salt | D73: SUB-013573-4-001 | E73: 100 | F73: grams | G73: BLAST CHILLER, HAND MARINADE, OVEN | W73: FA-DE Zucchini, Spiralized Noodles /Zucchini, Spiralnudeln | X73: PHF-00-139230-3 | Y73: 138,21 | Z73: 138,21 | AA73: grams | AD73: 0.68363 | AE73: 138.21 | AF73: grams
A74: FV0035A - Salmon with pesto [BNL] | B74: REC-013940-4-007 | C74: Spinach - Creamed Spinach | D74: SUB-013867-4-001 | E74: 115 | F74: grams | G74: BLAST CHILLER, HAND MIX | W74: FA-DE Spice, Sea Salt /Gewürze, Meersalz | X74: SPI-00-139378-5 | Y74: 0,14 | Z74: 0,14 | AA74: grams | AD74: 0.84 | AE74: 0.14 | AF74: grams
A75: FV0035A - Salmon with pesto [BNL] | B75: REC-013940-4-007 | C75: Spinach - Creamed Spinach | D75: SUB-013867-4-001 | E75: 115 | F75: grams | G75: BLAST CHILLER, HAND MIX | W75: FA-DE Onion, Spanish, Diced 5mm /Zwiebel, Spanisch, gewürfelt 5 mm | X75: PHF-00-139212-3 | Y75: 12,01 | Z75: 12,01 | AA75: grams | AD75: 0.84 | AE75: 12.01 | AF75: grams
A76: FV0035A - Salmon with pesto [BNL] | B76: REC-013940-4-007 | C76: Spinach - Creamed Spinach | D76: SUB-013867-4-001 | E76: 115 | F76: grams | G76: BLAST CHILLER, HAND MIX | W76: FA-DE Cheese, Parmesan, Grated /Käse, Parmesan, gerieben | X76: DAI-00-139127-3 | Y76: 9,01 | Z76: 9,01 | AA76: grams | AB76: MILCH (EINSCHLIESSLICH LAKTOSE) | AD76: 0.84 | AE76: 9.01 | AF76: grams
A77: FV0035A - Salmon with pesto [BNL] | B77: REC-013940-4-007 | C77: Spinach - Creamed Spinach | D77: SUB-013867-4-001 | E77: 115 | F77: grams | G77: BLAST CHILLER, HAND MIX | H77: Thawed & Squeezed Frozen Spinach | I77: SUB-013405-4-001 | J77: 71.01 | K77: grams | L77: BLAST CHILLER, HAND MIX, OVEN | W77: FA-DE Spinach, Frozen Leaf/Spinat, gefrorener Blattspinat | X77: PHF-00-139242-1 | Y77: 88,66 | Z77: 88,66 | AA77: grams | AD77: 0.80087 | AE77: 88.66 | AF77: grams
A78: FV0035A - Salmon with pesto [BNL] | B78: REC-013940-4-007 | C78: Spinach - Creamed Spinach | D78: SUB-013867-4-001 | E78: 115 | F78: grams | G78: BLAST CHILLER, HAND MIX | W78: FA-DE Oil, Olive /Öl, Olivenöl | X78: PRO-00-139277-5 | Y78: 3,01 | Z78: 3,01 | AA78: grams | AD78: 0.84 | AE78: 3.01 | AF78: grams
A79: FV0035A - Salmon with pesto [BNL] | B79: REC-013940-4-007 | C79: Spinach - Creamed Spinach | D79: SUB-013867-4-001 | E79: 115 | F79: grams | G79: BLAST CHILLER, HAND MIX | W79: FA-DE Cheese, Cream, 13% Fat (Milk) /Käse, Sahne, 13% Fett | X79: DAI-00-139122-3 | Y79: 38,73 | Z79: 38,73 | AA79: grams | AB79: MILCH (EINSCHLIESSLICH LAKTOSE) | AD79: 0.84 | AE79: 38.73 | AF79: grams
A80: FV0035A - Salmon with pesto [BNL] | B80: REC-013940-4-007 | C80: Spinach - Creamed Spinach | D80: SUB-013867-4-001 | E80: 115 | F80: grams | G80: BLAST CHILLER, HAND MIX | W80: FA-DE Garlic, IQF, Diced 4 mm /Knoblauch, IQF, gewürfelt 4 mm | X80: PHF-00-139237-1 | Y80: 3,01 | Z80: 3,01 | AA80: grams | AB80: SCHWEFELDIOXIDE UND SULFITE | AD80: 0.84 | AE80: 3.01 | AF80: grams
A81: FV0035A - Salmon with pesto [BNL] | B81: REC-013940-4-007 | C81: Salmon - garlic seasoning | D81: SUB-013382-4-001 | E81: 1 | F81: each | G81: BLAST CHILLER, HAND MARINADE, OVEN, THAW | W81: FA-DE Salmon, Skinless, Boneless, Filet/Lachs, ohne Haut, ohne Knochen, Filet - IQF | X81: PTN-00-139968-1 | Y81: 140 | Z81: 140 | AA81: grams | AB81: FISCH | AD81: 0.81816 | AE81: 140 | AF81: grams
A82: FV0035A - Salmon with pesto [BNL] | B82: REC-013940-4-007 | C82: Salmon - garlic seasoning | D82: SUB-013382-4-001 | E82: 1 | F82: each | G82: BLAST CHILLER, HAND MARINADE, OVEN, THAW | W82: FA-DE Spice, Sea Salt /Gewürze, Meersalz | X82: SPI-00-139378-5 | Y82: 0,42 | Z82: 0,42 | AA82: grams | AD82: 0.81816 | AE82: 0.42 | AF82: grams
A83: FV0035A - Salmon with pesto [BNL] | B83: REC-013940-4-007 | C83: Salmon - garlic seasoning | D83: SUB-013382-4-001 | E83: 1 | F83: each | G83: BLAST CHILLER, HAND MARINADE, OVEN, THAW | W83: FA-DE Spice, Garlic Granulated /Gewürz, Knoblauch granuliert | X83: SPI-00-139353-5 | Y83: 0,14 | Z83: 0,14 | AA83: grams | AD83: 0.81816 | AE83: 0.14 | AF83: grams
A84: FV0035A - Salmon with pesto [BNL] | B84: REC-013940-4-007 | C84: Sauce - Pesto | D84: SUB-013665-4-001 | E84: 30 | F84: grams | G84: BLAST CHILLER, IMMERSION BLENDER | H84: Toasted Sliced Almonds | I84: SUB-013495-4-001 | J84: 2.91 | K84: grams | L84: BLAST CHILLER, HAND MARINADE, OVEN | W84: FA-DE Almond, Sliced, Blanched /Mandeln, geschnitten, blanchiert | X84: SPI-00-139147-5 | Y84: 3,03 | Z84: 3,03 | AA84: grams | AB84: MANDELN, SCHALENFRÜCHTE | AD84: 0.96089 | AE84: 3.03 | AF84: grams
A85: FV0035A - Salmon with pesto [BNL] | B85: REC-013940-4-007 | C85: Sauce - Pesto | D85: SUB-013665-4-001 | E85: 30 | F85: grams | G85: BLAST CHILLER, IMMERSION BLENDER | W85: FA-DE Cheese, Parmesan, Grated /Käse, Parmesan, gerieben | X85: DAI-00-139127-3 | Y85: 3,72 | Z85: 3,72 | AA85: grams | AB85: MILCH (EINSCHLIESSLICH LAKTOSE) | AD85: 0.95726 | AE85: 3.72 | AF85: grams
A86: FV0035A - Salmon with pesto [BNL] | B86: REC-013940-4-007 | C86: Sauce - Pesto | D86: SUB-013665-4-001 | E86: 30 | F86: grams | G86: BLAST CHILLER, IMMERSION BLENDER | W86: FA-DE Spice, Sea Salt /Gewürze, Meersalz | X86: SPI-00-139378-5 | Y86: 0,15 | Z86: 0,15 | AA86: grams | AD86: 0.95726 | AE86: 0.15 | AF86: grams
A87: FV0035A - Salmon with pesto [BNL] | B87: REC-013940-4-007 | C87: Sauce - Pesto | D87: SUB-013665-4-001 | E87: 30 | F87: grams | G87: BLAST CHILLER, IMMERSION BLENDER | W87: FA-DE Oil, Olive /Öl, Olivenöl | X87: PRO-00-139277-5 | Y87: 17,24 | Z87: 17,24 | AA87: grams | AD87: 0.95726 | AE87: 17.24 | AF87: grams
A88: FV0035A - Salmon with pesto [BNL] | B88: REC-013940-4-007 | C88: Sauce - Pesto | D88: SUB-013665-4-001 | E88: 30 | F88: grams | G88: BLAST CHILLER, IMMERSION BLENDER | H88: Basil Kill Step | I88: SUB-024331-4-001 | J88: 3.55 | K88: grams | L88: BLAST CHILLER, OVEN | M88: Basil - Picked Basil Leaves | N88: SUB-013424-4-001 | O88: 3.94 | P88: grams | Q88: DEBOX, STAGING | W88: FA-DE Basil, Fresh /Basilikum, frisch | X88: PHF-00-139175-3 | Y88: 7,04 | Z88: 7,04 | AA88: grams | AD88: 0.55986 | AE88: 7.04 | AF88: grams
A89: FV0035A - Salmon with pesto [BNL] | B89: REC-013940-4-007 | C89: Sauce - Pesto | D89: SUB-013665-4-001 | E89: 30 | F89: grams | G89: BLAST CHILLER, IMMERSION BLENDER | W89: FA-DE Spice, Garlic Granulated /Gewürz, Knoblauch granuliert | X89: SPI-00-139353-5 | Y89: 0,15 | Z89: 0,15 | AA89: grams | AD89: 0.95726 | AE89: 0.15 | AF89: grams
A90: FV0035A - Salmon with pesto [BNL] | B90: REC-013940-4-007 | C90: Sauce - Pesto | D90: SUB-013665-4-001 | E90: 30 | F90: grams | G90: BLAST CHILLER, IMMERSION BLENDER | H90: Fresh Spinach Kill Step | I90: SUB-024333-4-001 | J90: 3.63 | K90: grams | L90: BLAST CHILLER, OVEN | W90: FA-DE Spinach, Fresh, Stem Off /Spinat, frisch, ohne Stiel | X90: PHF-00-139225-3 | Y90: 4,03 | Z90: 4,03 | AA90: grams | AD90: 0.9 | AE90: 4.03 | AF90: grams
A91: FV0035A - Salmon with pesto [BNL] | B91: REC-013940-4-007 | C91: S&P Roasted Green Beans 1 | D91: SUB-014184-4-001 | E91: 90 | F91: grams | G91: BLAST CHILLER, OVEN | W91: FA-DE Oil, Olive /Öl, Olivenöl | X91: PRO-00-139277-5 | Y91: 7,62 | Z91: 7,62 | AA91: grams | AD91: 0.74605 | AE91: 7.62 | AF91: grams
A92: FV0035A - Salmon with pesto [BNL] | B92: REC-013940-4-007 | C92: S&P Roasted Green Beans 1 | D92: SUB-014184-4-001 | E92: 90 | F92: grams | G92: BLAST CHILLER, OVEN | W92: FA-DE Spice, Sea Salt /Gewürze, Meersalz | X92: SPI-00-139378-5 | Y92: 0,45 | Z92: 0,45 | AA92: grams | AD92: 0.74605 | AE92: 0.45 | AF92: grams
A93: FV0035A - Salmon with pesto [BNL] | B93: REC-013940-4-007 | C93: S&P Roasted Green Beans 1 | D93: SUB-014184-4-001 | E93: 90 | F93: grams | G93: BLAST CHILLER, OVEN | W93: FA-DE Spice, Black Pepper, Ground /Gewürz, schwarzer Pfeffer, gemahlen | X93: SPI-00-139334-5 | Y93: 0,22 | Z93: 0,22 | AA93: grams | AD93: 0.74605 | AE93: 0.22 | AF93: grams
A94: FV0035A - Salmon with pesto [BNL] | B94: REC-013940-4-007 | C94: S&P Roasted Green Beans 1 | D94: SUB-014184-4-001 | E94: 90 | F94: grams | G94: BLAST CHILLER, OVEN | W94: FA-DE Green Beans, Fresh and Trimmed/Grüne Bohnen, frisch und geschnitten | X94: PHF-00-139198-3 | Y94: 112,35 | Z94: 112,35 | AA94: grams | AD94: 0.74605 | AE94: 112.35 | AF94: grams
A95: FV0035A - Salmon with pesto [BNL] | B95: REC-013940-4-007 | C95: Compound butter - Sun-Dried Tomato | D95: SUB-013608-4-001 | E95: 14 | F95: grams | G95: BLAST CHILLER, PLANETARY MIXER, SCOOPER (BUTTER) | W95: FA-DE Spice, Garlic Granulated /Gewürz, Knoblauch granuliert | X95: SPI-00-139353-5 | Y95: 0,04 | Z95: 0,04 | AA95: grams | AD95: 1 | AE95: 0.04 | AF95: grams
A96: FV0035A - Salmon with pesto [BNL] | B96: REC-013940-4-007 | C96: Compound butter - Sun-Dried Tomato | D96: SUB-013608-4-001 | E96: 14 | F96: grams | G96: BLAST CHILLER, PLANETARY MIXER, SCOOPER (BUTTER) | H96: Roasted Garlic (use) | I96: SUB-013367-4-001 | J96: 1.16 | K96: grams | L96: BLAST CHILLER, OVEN | W96: FA-DE Garlic, Peeled, Whole Cloves [10kg] /Knoblauch, geschält, ganze Nelken [10kg] | X96: PHF-00-139197-3 | Y96: 1,17 | Z96: 1,17 | AA96: grams | AD96: 0.56691 | AE96: 1.17 | AF96: grams
A97: FV0035A - Salmon with pesto [BNL] | B97: REC-013940-4-007 | C97: Compound butter - Sun-Dried Tomato | D97: SUB-013608-4-001 | E97: 14 | F97: grams | G97: BLAST CHILLER, PLANETARY MIXER, SCOOPER (BUTTER) | H97: Roasted Garlic (use) | I97: SUB-013367-4-001 | J97: 1.16 | K97: grams | L97: BLAST CHILLER, OVEN | W97: FA-DE Oil, Olive /Öl, Olivenöl | X97: PRO-00-139277-5 | Y97: 0,88 | Z97: 0,88 | AA97: grams | AD97: 0.56691 | AE97: 0.88 | AF97: grams
A98: FV0035A - Salmon with pesto [BNL] | B98: REC-013940-4-007 | C98: Compound butter - Sun-Dried Tomato | D98: SUB-013608-4-001 | E98: 14 | F98: grams | G98: BLAST CHILLER, PLANETARY MIXER, SCOOPER (BUTTER) | W98: FA-DE Butter, Unsalted /Butter, ungesalzen | X98: DAI-00-139146-3 | Y98: 9,32 | Z98: 9,32 | AA98: grams | AB98: MILCH (EINSCHLIESSLICH LAKTOSE) | AD98: 1 | AE98: 9.32 | AF98: grams
A99: FV0035A - Salmon with pesto [BNL] | B99: REC-013940-4-007 | C99: Compound butter - Sun-Dried Tomato | D99: SUB-013608-4-001 | E99: 14 | F99: grams | G99: BLAST CHILLER, PLANETARY MIXER, SCOOPER (BUTTER) | W99: FA-DE Spice, Sea Salt /Gewürze, Meersalz | X99: SPI-00-139378-5 | Y99: 0,19 | Z99: 0,19 | AA99: grams | AD99: 1 | AE99: 0.19 | AF99: grams
A100: FV0035A - Salmon with pesto [BNL] | B100: REC-013940-4-007 | C100: Compound butter - Sun-Dried Tomato | D100: SUB-013608-4-001 | E100: 14 | F100: grams | G100: BLAST CHILLER, PLANETARY MIXER, SCOOPER (BUTTER) | H100: Sun-Dried Tomato + Basil Puree | I100: SUB-029076-4-001 | J100: 3.29 | K100: grams | L100: BRAISER | W100: FA-DE Water / Wasser | X100: OTH-00-144038-5 | Y100: 1,74 | Z100: 1,74 | AA100: grams | AD100: 0.90035 | AE100: 1.74 | AF100: grams
...

Sheet Planting KW 20
A1: =IFERROR(__xludf.DUMMYFUNCTION("IMPORTRANGE(""https://docs.google.com/spreadsheets/d/13lZfV1HAcVuOAxd9-xHCEsxO0wHmPnJNl9NuoURpM6U/edit?gid=1819627895#gid=1819627895"",""Plating!A:BB"")"),"") | R1: =IFERROR(__xludf.DUMMYFUNCTION("""COMPUTED_VALUE"""),"Avg. plates/h")
A2: =IFERROR(__xludf.DUMMYFUNCTION("""COMPUTED_VALUE"""),"Plating Day") | B2: =IFERROR(__xludf.DUMMYFUNCTION("""COMPUTED_VALUE"""),"Recipe Name") | C2: =IFERROR(__xludf.DUMMYFUNCTION("""COMPUTED_VALUE"""),"Total Amount") | D2: =IFERROR(__xludf.DUMMYFUNCTION("""COMPUTED_VALUE"""),"Runtime/h") | E2: =IFERROR(__xludf.DUMMYFUNCTION("""COMPUTED_VALUE"""),"BENL") | F2: =IFERROR(__xludf.DUMMYFUNCTION("""COMPUTED_VALUE"""),"Runtime/h") | G2: =IFERROR(__xludf.DUMMYFUNCTION("""COMPUTED_VALUE"""),"NORD") | H2: =IFERROR(__xludf.DUMMYFUNCTION("""COMPUTED_VALUE"""),"Runtime/h") | I2: =IFERROR(__xludf.DUMMYFUNCTION("""COMPUTED_VALUE"""),"DE") | J2: =IFERROR(__xludf.DUMMYFUNCTION("""COMPUTED_VALUE"""),"Customer Order Forecast") | K2: =IFERROR(__xludf.DUMMYFUNCTION("""COMPUTED_VALUE"""),"Runs") | N2: =IFERROR(__xludf.DUMMYFUNCTION("""COMPUTED_VALUE"""),0.1) | O2: =IFERROR(__xludf.DUMMYFUNCTION("""COMPUTED_VALUE"""),0.15) | R2: =IFERROR(__xludf.DUMMYFUNCTION("""COMPUTED_VALUE"""),20.0)
A3: =IFERROR(__xludf.DUMMYFUNCTION("""COMPUTED_VALUE"""),"Tuesday") | B3: =IFERROR(__xludf.DUMMYFUNCTION("""COMPUTED_VALUE"""),"FV0472A - Indian Butter Chicken") | C3: =IFERROR(__xludf.DUMMYFUNCTION("""COMPUTED_VALUE"""),6102.0) | D3: =IFERROR(__xludf.DUMMYFUNCTION("""COMPUTED_VALUE"""),5.085) | E3: =IFERROR(__xludf.DUMMYFUNCTION("""COMPUTED_VALUE"""),2497.0) | F3: =IFERROR(__xludf.DUMMYFUNCTION("""COMPUTED_VALUE"""),2.0808333333333335) | G3: =IFERROR(__xludf.DUMMYFUNCTION("""COMPUTED_VALUE"""),1534.0) | H3: =IFERROR(__xludf.DUMMYFUNCTION("""COMPUTED_VALUE"""),1.2783333333333333) | I3: =IFERROR(__xludf.DUMMYFUNCTION("""COMPUTED_VALUE"""),1483.0) | J3: =IFERROR(__xludf.DUMMYFUNCTION("""COMPUTED_VALUE"""),5514.0) | K3: =IFERROR(__xludf.DUMMYFUNCTION("""COMPUTED_VALUE"""),"1. Run") | L3: =IFERROR(__xludf.DUMMYFUNCTION("""COMPUTED_VALUE"""),"Salmon with pesto") | M3: =IFERROR(__xludf.DUMMYFUNCTION("""COMPUTED_VALUE"""),5688.0) | N3: =IFERROR(__xludf.DUMMYFUNCTION("""COMPUTED_VALUE"""),6256.8) | O3: =IFERROR(__xludf.DUMMYFUNCTION("""COMPUTED_VALUE"""),6541.2)
A4: =IFERROR(__xludf.DUMMYFUNCTION("""COMPUTED_VALUE"""),"Tuesday") | B4: =IFERROR(__xludf.DUMMYFUNCTION("""COMPUTED_VALUE"""),"FV0846A - Stroganoff-Style Beef Burger") | C4: =IFERROR(__xludf.DUMMYFUNCTION("""COMPUTED_VALUE"""),1826.0) | D4: =IFERROR(__xludf.DUMMYFUNCTION("""COMPUTED_VALUE"""),1.5216666666666667) | E4: =IFERROR(__xludf.DUMMYFUNCTION("""COMPUTED_VALUE"""),858.0418748512967) | F4: =IFERROR(__xludf.DUMMYFUNCTION("""COMPUTED_VALUE"""),0.7150348957094139) | G4: =IFERROR(__xludf.DUMMYFUNCTION("""COMPUTED_VALUE"""),463.994289793005) | H4: =IFERROR(__xludf.DUMMYFUNCTION("""COMPUTED_VALUE"""),0.3866619081608375) | I4: =IFERROR(__xludf.DUMMYFUNCTION("""COMPUTED_VALUE"""),521.776350226029) | J4: =IFERROR(__xludf.DUMMYFUNCTION("""COMPUTED_VALUE"""),1843.8125148703307) | K4: =IFERROR(__xludf.DUMMYFUNCTION("""COMPUTED_VALUE"""),"1. Run") | L4: =IFERROR(__xludf.DUMMYFUNCTION("""COMPUTED_VALUE"""),"Indian style butter chicken") | M4: =IFERROR(__xludf.DUMMYFUNCTION("""COMPUTED_VALUE"""),5600.0) | N4: =IFERROR(__xludf.DUMMYFUNCTION("""COMPUTED_VALUE"""),6160.0) | O4: =IFERROR(__xludf.DUMMYFUNCTION("""COMPUTED_VALUE"""),6440.0)
A5: =IFERROR(__xludf.DUMMYFUNCTION("""COMPUTED_VALUE"""),"Wednesday") | B5: =IFERROR(__xludf.DUMMYFUNCTION("""COMPUTED_VALUE"""),"FV0281A - Baja Salmon") | C5: =IFERROR(__xludf.DUMMYFUNCTION("""COMPUTED_VALUE"""),7222.0) | D5: =IFERROR(__xludf.DUMMYFUNCTION("""COMPUTED_VALUE"""),6.0183333333333335) | E5: =IFERROR(__xludf.DUMMYFUNCTION("""COMPUTED_VALUE"""),3992.0) | F5: =IFERROR(__xludf.DUMMYFUNCTION("""COMPUTED_VALUE"""),3.3266666666666667) | G5: =IFERROR(__xludf.DUMMYFUNCTION("""COMPUTED_VALUE"""),1720.0) | H5: =IFERROR(__xludf.DUMMYFUNCTION("""COMPUTED_VALUE"""),1.4333333333333333) | I5: =IFERROR(__xludf.DUMMYFUNCTION("""COMPUTED_VALUE"""),1583.0) | J5: =IFERROR(__xludf.DUMMYFUNCTION("""COMPUTED_VALUE"""),7295.0) | K5: =IFERROR(__xludf.DUMMYFUNCTION("""COMPUTED_VALUE"""),"1. Run") | L5: =IFERROR(__xludf.DUMMYFUNCTION("""COMPUTED_VALUE"""),"Spicy citrus salmon") | M5: =IFERROR(__xludf.DUMMYFUNCTION("""COMPUTED_VALUE"""),7352.0) | N5: =IFERROR(__xludf.DUMMYFUNCTION("""COMPUTED_VALUE"""),8087.2) | O5: =IFERROR(__xludf.DUMMYFUNCTION("""COMPUTED_VALUE"""),8454.8)
A6: =IFERROR(__xludf.DUMMYFUNCTION("""COMPUTED_VALUE"""),"Wednesday") | B6: =IFERROR(__xludf.DUMMYFUNCTION("""COMPUTED_VALUE"""),"FV0333A - Tuscan Shrimp") | C6: =IFERROR(__xludf.DUMMYFUNCTION("""COMPUTED_VALUE"""),2525.0) | D6: =IFERROR(__xludf.DUMMYFUNCTION("""COMPUTED_VALUE"""),2.1041666666666665) | E6: =IFERROR(__xludf.DUMMYFUNCTION("""COMPUTED_VALUE"""),1138.0) | F6: =IFERROR(__xludf.DUMMYFUNCTION("""COMPUTED_VALUE"""),0.9483333333333334) | G6: =IFERROR(__xludf.DUMMYFUNCTION("""COMPUTED_VALUE"""),712.0) | H6: =IFERROR(__xludf.DUMMYFUNCTION("""COMPUTED_VALUE"""),0.5933333333333334) | I6: =IFERROR(__xludf.DUMMYFUNCTION("""COMPUTED_VALUE"""),700.0) | J6: =IFERROR(__xludf.DUMMYFUNCTION("""COMPUTED_VALUE"""),2550.0) | K6: =IFERROR(__xludf.DUMMYFUNCTION("""COMPUTED_VALUE"""),"1. Run") | L6: =IFERROR(__xludf.DUMMYFUNCTION("""COMPUTED_VALUE"""),"Tuscan Shrimp") | M6: =IFERROR(__xludf.DUMMYFUNCTION("""COMPUTED_VALUE"""),2815.0) | N6: =IFERROR(__xludf.DUMMYFUNCTION("""COMPUTED_VALUE"""),3096.5) | O6: =IFERROR(__xludf.DUMMYFUNCTION("""COMPUTED_VALUE"""),3237.25)
A7: =IFERROR(__xludf.DUMMYFUNCTION("""COMPUTED_VALUE"""),"Thursday") | B7: =IFERROR(__xludf.DUMMYFUNCTION("""COMPUTED_VALUE"""),"FV0035A - Salmon with pesto") | C7: =IFERROR(__xludf.DUMMYFUNCTION("""COMPUTED_VALUE"""),6256.8) | D7: =IFERROR(__xludf.DUMMYFUNCTION("""COMPUTED_VALUE"""),5.214) | E7: =IFERROR(__xludf.DUMMYFUNCTION("""COMPUTED_VALUE"""),2572.0) | F7: =IFERROR(__xludf.DUMMYFUNCTION("""COMPUTED_VALUE"""),2.1433333333333335) | G7: =IFERROR(__xludf.DUMMYFUNCTION("""COMPUTED_VALUE"""),1553.0) | H7: =IFERROR(__xludf.DUMMYFUNCTION("""COMPUTED_VALUE"""),1.2941666666666667) | I7: =IFERROR(__xludf.DUMMYFUNCTION("""COMPUTED_VALUE"""),1481.0) | J7: =IFERROR(__xludf.DUMMYFUNCTION("""COMPUTED_VALUE"""),5606.0) | K7: =IFERROR(__xludf.DUMMYFUNCTION("""COMPUTED_VALUE"""),"1. Run") | L7: =IFERROR(__xludf.DUMMYFUNCTION("""COMPUTED_VALUE"""),"Stroganoff-Style Beef Burger") | M7: =IFERROR(__xludf.DUMMYFUNCTION("""COMPUTED_VALUE"""),4313.0) | N7: =IFERROR(__xludf.DUMMYFUNCTION("""COMPUTED_VALUE"""),4744.3) | O7: =IFERROR(__xludf.DUMMYFUNCTION("""COMPUTED_VALUE"""),4959.95)
A8: =IFERROR(__xludf.DUMMYFUNCTION("""COMPUTED_VALUE"""),"Thursday") | B8: =IFERROR(__xludf.DUMMYFUNCTION("""COMPUTED_VALUE"""),"FV0846A - Stroganoff-Style Beef Burger") | C8: =IFERROR(__xludf.DUMMYFUNCTION("""COMPUTED_VALUE"""),2377.0) | D8: =IFERROR(__xludf.DUMMYFUNCTION("""COMPUTED_VALUE"""),1.9808333333333332) | E8: =IFERROR(__xludf.DUMMYFUNCTION("""COMPUTED_VALUE"""),1116.9581251487032) | F8: =IFERROR(__xludf.DUMMYFUNCTION("""COMPUTED_VALUE"""),0.9307984376239193) | G8: =IFERROR(__xludf.DUMMYFUNCTION("""COMPUTED_VALUE"""),604.005710206995) | H8: =IFERROR(__xludf.DUMMYFUNCTION("""COMPUTED_VALUE"""),0.5033380918391624) | I8: =IFERROR(__xludf.DUMMYFUNCTION("""COMPUTED_VALUE"""),679.2236497739709) | J8: =IFERROR(__xludf.DUMMYFUNCTION("""COMPUTED_VALUE"""),2400.187485129669) | K8: =IFERROR(__xludf.DUMMYFUNCTION("""COMPUTED_VALUE"""),"2. Run")
C10: =IFERROR(__xludf.DUMMYFUNCTION("""COMPUTED_VALUE"""),"Forecast") | D10: =IFERROR(__xludf.DUMMYFUNCTION("""COMPUTED_VALUE"""),"vs. plan")
B11: =IFERROR(__xludf.DUMMYFUNCTION("""COMPUTED_VALUE"""),"FV0846A - Stroganoff-Style Beef Burger") | C11: =IFERROR(__xludf.DUMMYFUNCTION("""COMPUTED_VALUE"""),4313.0) | D11: =IFERROR(__xludf.DUMMYFUNCTION("""COMPUTED_VALUE"""),110.0)
B12: =IFERROR(__xludf.DUMMYFUNCTION("""COMPUTED_VALUE"""),"FV0281A - Baja Salmon") | C12: =IFERROR(__xludf.DUMMYFUNCTION("""COMPUTED_VALUE"""),7352.0) | D12: =IFERROR(__xludf.DUMMYFUNCTION("""COMPUTED_VALUE"""),130.0)

Sheet Verden-2026-W20
A1: =IFERROR(__xludf.DUMMYFUNCTION("IMPORTRANGE(""https://docs.google.com/spreadsheets/d/13lZfV1HAcVuOAxd9-xHCEsxO0wHmPnJNl9NuoURpM6U/edit?gid=1819627895#gid=1819627895"",""Verden-2026-W20!A:BB"")"),"") | B1: =IFERROR(__xludf.DUMMYFUNCTION("""COMPUTED_VALUE"""),"Production week") | C1: =IFERROR(__xludf.DUMMYFUNCTION("""COMPUTED_VALUE"""),20.0)
B2: =IFERROR(__xludf.DUMMYFUNCTION("""COMPUTED_VALUE"""),"Priority") | C2: =IFERROR(__xludf.DUMMYFUNCTION("""COMPUTED_VALUE"""),"WOStaging by") | D2: =IFERROR(__xludf.DUMMYFUNCTION("""COMPUTED_VALUE"""),"Comments WO's") | E2: =IFERROR(__xludf.DUMMYFUNCTION("""COMPUTED_VALUE"""),"Debox Day") | F2: =IFERROR(__xludf.DUMMYFUNCTION("""COMPUTED_VALUE"""),"WO Ready") | G2: =IFERROR(__xludf.DUMMYFUNCTION("""COMPUTED_VALUE"""),"Hot Kitchen Weekday") | H2: =IFERROR(__xludf.DUMMYFUNCTION("""COMPUTED_VALUE"""),"Date Needed") | I2: =IFERROR(__xludf.DUMMYFUNCTION("""COMPUTED_VALUE"""),"Work Order Number") | J2: =IFERROR(__xludf.DUMMYFUNCTION("""COMPUTED_VALUE"""),"Recipe ID") | K2: =IFERROR(__xludf.DUMMYFUNCTION("""COMPUTED_VALUE"""),"Recipe Name") | L2: =IFERROR(__xludf.DUMMYFUNCTION("""COMPUTED_VALUE"""),"Sub Recipe Name") | M2: =IFERROR(__xludf.DUMMYFUNCTION("""COMPUTED_VALUE"""),"Production Minimum Needs Amount") | N2: =IFERROR(__xludf.DUMMYFUNCTION("""COMPUTED_VALUE"""),"Cook Methods") | O2: =IFERROR(__xludf.DUMMYFUNCTION("""COMPUTED_VALUE"""),"WO Cooked Portions") | P2: =IFERROR(__xludf.DUMMYFUNCTION("""COMPUTED_VALUE"""),"Target Portions") | Q2: =IFERROR(__xludf.DUMMYFUNCTION("""COMPUTED_VALUE"""),"Cooked Portions Excess") | R2: =IFERROR(__xludf.DUMMYFUNCTION("""COMPUTED_VALUE"""),"Staging Status") | S2: =IFERROR(__xludf.DUMMYFUNCTION("""COMPUTED_VALUE"""),"Staging Comment") | T2: =IFERROR(__xludf.DUMMYFUNCTION("""COMPUTED_VALUE"""),"Kitchen Status") | U2: =IFERROR(__xludf.DUMMYFUNCTION("""COMPUTED_VALUE"""),"Unlocked ETA") | V2: =IFERROR(__xludf.DUMMYFUNCTION("""COMPUTED_VALUE"""),"Work Order Comment") | W2: =IFERROR(__xludf.DUMMYFUNCTION("""COMPUTED_VALUE"""),"Date Needed") | X2: =IFERROR(__xludf.DUMMYFUNCTION("""COMPUTED_VALUE"""),"Work Order Number") | Y2: =IFERROR(__xludf.DUMMYFUNCTION("""COMPUTED_VALUE"""),"Recipe ID") | Z2: =IFERROR(__xludf.DUMMYFUNCTION("""COMPUTED_VALUE"""),"Allergense")
B3: =IFERROR(__xludf.DUMMYFUNCTION("""COMPUTED_VALUE"""),1.0) | C3: =IFERROR(__xludf.DUMMYFUNCTION("""COMPUTED_VALUE"""),"02.05 Part. Staged Chicken&Greek Yoghurt missing ") | D3: =IFERROR(__xludf.DUMMYFUNCTION("""COMPUTED_VALUE"""),"only 650KG Chicken verfügbar. ") | E3: =IFERROR(__xludf.DUMMYFUNCTION("""COMPUTED_VALUE"""),"Sunday") | F3: =IFERROR(__xludf.DUMMYFUNCTION("""COMPUTED_VALUE"""),FALSE) | G3: =IFERROR(__xludf.DUMMYFUNCTION("""COMPUTED_VALUE"""),"Monday") | H3: =IFERROR(__xludf.DUMMYFUNCTION("""COMPUTED_VALUE"""),"2026-05-03 - 1") | I3: =IFERROR(__xludf.DUMMYFUNCTION("""COMPUTED_VALUE"""),"20-32") | J3: =IFERROR(__xludf.DUMMYFUNCTION("""COMPUTED_VALUE"""),"REC-013852-4-002") | K3: =IFERROR(__xludf.DUMMYFUNCTION("""COMPUTED_VALUE"""),"FV0472A - Indian Butter Chicken [DE]") | L3: =IFERROR(__xludf.DUMMYFUNCTION("""COMPUTED_VALUE"""),"Diced chicken - Butter Chicken Batch - BA") | M3: =IFERROR(__xludf.DUMMYFUNCTION("""COMPUTED_VALUE"""),0.0) | N3: =IFERROR(__xludf.DUMMYFUNCTION("""COMPUTED_VALUE"""),"MARINADE / OVEN / BLAST CHILLER") | P3: =IFERROR(__xludf.DUMMYFUNCTION("""COMPUTED_VALUE"""),6102.0) | Q3: =IFERROR(__xludf.DUMMYFUNCTION("""COMPUTED_VALUE"""),-6102.0) | R3: =IFERROR(__xludf.DUMMYFUNCTION("""COMPUTED_VALUE"""),"Partially Staged") | T3: =IFERROR(__xludf.DUMMYFUNCTION("""COMPUTED_VALUE"""),"Not Started") | Z3: =IFERROR(__xludf.DUMMYFUNCTION("""COMPUTED_VALUE"""),"MILCH (EINSCHLIESSLICH LAKTOSE), SCHWEFELDIOXIDE UND SULFITE")
B4: =IFERROR(__xludf.DUMMYFUNCTION("""COMPUTED_VALUE"""),2.0) | C4: =IFERROR(__xludf.DUMMYFUNCTION("""COMPUTED_VALUE"""),"02.05 Part. Staged Onions missing (arrive on 03.5)") | E4: =IFERROR(__xludf.DUMMYFUNCTION("""COMPUTED_VALUE"""),"Sunday") | F4: =IFERROR(__xludf.DUMMYFUNCTION("""COMPUTED_VALUE"""),FALSE) | G4: =IFERROR(__xludf.DUMMYFUNCTION("""COMPUTED_VALUE"""),"Monday") | H4: =IFERROR(__xludf.DUMMYFUNCTION("""COMPUTED_VALUE"""),"2026-05-03 - 1") | I4: =IFERROR(__xludf.DUMMYFUNCTION("""COMPUTED_VALUE"""),"20-35") | J4: =IFERROR(__xludf.DUMMYFUNCTION("""COMPUTED_VALUE"""),"REC-029854-4-001") | K4: =IFERROR(__xludf.DUMMYFUNCTION("""COMPUTED_VALUE"""),"FV0846A - Stroganoff-Style Beef Burger [DE]") | L4: =IFERROR(__xludf.DUMMYFUNCTION("""COMPUTED_VALUE"""),"Beef Burger Master EU") | M4: =IFERROR(__xludf.DUMMYFUNCTION("""COMPUTED_VALUE"""),0.0) | N4: =IFERROR(__xludf.DUMMYFUNCTION("""COMPUTED_VALUE"""),"HORIZONTAL MIXER / PATTY MAKER / OVEN / BLAST CHILLER") | P4: =IFERROR(__xludf.DUMMYFUNCTION("""COMPUTED_VALUE"""),1826.0) | Q4: =IFERROR(__xludf.DUMMYFUNCTION("""COMPUTED_VALUE"""),-1826.0) | R4: =IFERROR(__xludf.DUMMYFUNCTION("""COMPUTED_VALUE"""),"Partially Staged") | T4: =IFERROR(__xludf.DUMMYFUNCTION("""COMPUTED_VALUE"""),"Not Started") | Z4: =IFERROR(__xludf.DUMMYFUNCTION("""COMPUTED_VALUE"""),"SCHWEFELDIOXIDE UND SULFITE")
B5: =IFERROR(__xludf.DUMMYFUNCTION("""COMPUTED_VALUE"""),3.0) | E5: =IFERROR(__xludf.DUMMYFUNCTION("""COMPUTED_VALUE"""),"Monday") | F5: =IFERROR(__xludf.DUMMYFUNCTION("""COMPUTED_VALUE"""),FALSE) | G5: =IFERROR(__xludf.DUMMYFUNCTION("""COMPUTED_VALUE"""),"Tuesday") | H5: =IFERROR(__xludf.DUMMYFUNCTION("""COMPUTED_VALUE"""),"2026-05-04 - 1") | I5: =IFERROR(__xludf.DUMMYFUNCTION("""COMPUTED_VALUE"""),"20-18") | J5: =IFERROR(__xludf.DUMMYFUNCTION("""COMPUTED_VALUE"""),"REC-014197-4-004") | K5: =IFERROR(__xludf.DUMMYFUNCTION("""COMPUTED_VALUE"""),"FV0281A - Baja Salmon [DE]") | L5: =IFERROR(__xludf.DUMMYFUNCTION("""COMPUTED_VALUE"""),"Salmon - BAJA Salmon - Batch") | M5: =IFERROR(__xludf.DUMMYFUNCTION("""COMPUTED_VALUE"""),0.0) | N5: =IFERROR(__xludf.DUMMYFUNCTION("""COMPUTED_VALUE"""),"THAW / HAND MARINADE / OVEN / BLAST CHILLER") | P5: =IFERROR(__xludf.DUMMYFUNCTION("""COMPUTED_VALUE"""),7550.0) | Q5: =IFERROR(__xludf.DUMMYFUNCTION("""COMPUTED_VALUE"""),-7550.0) | R5: =IFERROR(__xludf.DUMMYFUNCTION("""COMPUTED_VALUE"""),"Open") | T5: =IFERROR(__xludf.DUMMYFUNCTION("""COMPUTED_VALUE"""),"Not Started") | Z5: =IFERROR(__xludf.DUMMYFUNCTION("""COMPUTED_VALUE"""),"FISCH, SCHWEFELDIOXIDE UND SULFITE")
B6: =IFERROR(__xludf.DUMMYFUNCTION("""COMPUTED_VALUE"""),4.0) | C6: =IFERROR(__xludf.DUMMYFUNCTION("""COMPUTED_VALUE"""),"02.05 Part. Staged Garlic & Koriander missing (arrive 03.5)") | E6: =IFERROR(__xludf.DUMMYFUNCTION("""COMPUTED_VALUE"""),"Monday") | F6: =IFERROR(__xludf.DUMMYFUNCTION("""COMPUTED_VALUE"""),FALSE) | G6: =IFERROR(__xludf.DUMMYFUNCTION("""COMPUTED_VALUE"""),"Monday") | H6: =IFERROR(__xludf.DUMMYFUNCTION("""COMPUTED_VALUE"""),"2026-05-04 - 1") | I6: =IFERROR(__xludf.DUMMYFUNCTION("""COMPUTED_VALUE"""),"20-31") | J6: =IFERROR(__xludf.DUMMYFUNCTION("""COMPUTED_VALUE"""),"REC-013852-4-002") | K6: =IFERROR(__xludf.DUMMYFUNCTION("""COMPUTED_VALUE"""),"FV0472A - Indian Butter Chicken [DE]") | L6: =IFERROR(__xludf.DUMMYFUNCTION("""COMPUTED_VALUE"""),"Cauliflower rice - Cilantro and Lime Cauliflower Rice - BA") | M6: =IFERROR(__xludf.DUMMYFUNCTION("""COMPUTED_VALUE"""),0.0) | N6: =IFERROR(__xludf.DUMMYFUNCTION("""COMPUTED_VALUE"""),"OVEN / BLAST CHILLER") | P6: =IFERROR(__xludf.DUMMYFUNCTION("""COMPUTED_VALUE"""),6379.0) | Q6: =IFERROR(__xludf.DUMMYFUNCTION("""COMPUTED_VALUE"""),-6379.0) | R6: =IFERROR(__xludf.DUMMYFUNCTION("""COMPUTED_VALUE"""),"Partially Staged") | T6: =IFERROR(__xludf.DUMMYFUNCTION("""COMPUTED_VALUE"""),"Not Started")
B7: =IFERROR(__xludf.DUMMYFUNCTION("""COMPUTED_VALUE"""),5.0) | C7: =IFERROR(__xludf.DUMMYFUNCTION("""COMPUTED_VALUE"""),"02.05 Green Onions missing (arrcie 03.5)") | E7: =IFERROR(__xludf.DUMMYFUNCTION("""COMPUTED_VALUE"""),"Monday") | F7: =IFERROR(__xludf.DUMMYFUNCTION("""COMPUTED_VALUE"""),FALSE) | G7: =IFERROR(__xludf.DUMMYFUNCTION("""COMPUTED_VALUE"""),"Monday") | H7: =IFERROR(__xludf.DUMMYFUNCTION("""COMPUTED_VALUE"""),"2026-05-04 - 1") | I7: =IFERROR(__xludf.DUMMYFUNCTION("""COMPUTED_VALUE"""),"20-33") | J7: =IFERROR(__xludf.DUMMYFUNCTION("""COMPUTED_VALUE"""),"REC-013852-4-002") | K7: =IFERROR(__xludf.DUMMYFUNCTION("""COMPUTED_VALUE"""),"FV0472A - Indian Butter Chicken [DE]") | L7: =IFERROR(__xludf.DUMMYFUNCTION("""COMPUTED_VALUE"""),"Roasted Green Onions") | M7: =IFERROR(__xludf.DUMMYFUNCTION("""COMPUTED_VALUE"""),0.0) | N7: =IFERROR(__xludf.DUMMYFUNCTION("""COMPUTED_VALUE"""),"OVEN / BLAST CHILLER") | P7: =IFERROR(__xludf.DUMMYFUNCTION("""COMPUTED_VALUE"""),6379.0) | Q7: =IFERROR(__xludf.DUMMYFUNCTION("""COMPUTED_VALUE"""),-6379.0) | R7: =IFERROR(__xludf.DUMMYFUNCTION("""COMPUTED_VALUE"""),"Released") | T7: =IFERROR(__xludf.DUMMYFUNCTION("""COMPUTED_VALUE"""),"Not Started")
B8: =IFERROR(__xludf.DUMMYFUNCTION("""COMPUTED_VALUE"""),6.0) | C8: =IFERROR(__xludf.DUMMYFUNCTION("""COMPUTED_VALUE"""),"02.05 Part. Staged missing Onions (arrive 03.5) missing butter unsalted") | E8: =IFERROR(__xludf.DUMMYFUNCTION("""COMPUTED_VALUE"""),"Monday") | F8: =IFERROR(__xludf.DUMMYFUNCTION("""COMPUTED_VALUE"""),FALSE) | G8: =IFERROR(__xludf.DUMMYFUNCTION("""COMPUTED_VALUE"""),"Monday") | H8: =IFERROR(__xludf.DUMMYFUNCTION("""COMPUTED_VALUE"""),"2026-05-04 - 1") | I8: =IFERROR(__xludf.DUMMYFUNCTION("""COMPUTED_VALUE"""),"20-34") | J8: =IFERROR(__xludf.DUMMYFUNCTION("""COMPUTED_VALUE"""),"REC-013852-4-002") | K8: =IFERROR(__xludf.DUMMYFUNCTION("""COMPUTED_VALUE"""),"FV0472A - Indian Butter Chicken [DE]") | L8: =IFERROR(__xludf.DUMMYFUNCTION("""COMPUTED_VALUE"""),"Sauce - Butter Chicken sauce") | M8: =IFERROR(__xludf.DUMMYFUNCTION("""COMPUTED_VALUE"""),0.0) | N8: =IFERROR(__xludf.DUMMYFUNCTION("""COMPUTED_VALUE"""),"SPICE PORTIONING / IMMERSION BLENDER / BRAISER / BLAST CHILLER") | P8: =IFERROR(__xludf.DUMMYFUNCTION("""COMPUTED_VALUE"""),6379.0) | Q8: =IFERROR(__xludf.DUMMYFUNCTION("""COMPUTED_VALUE"""),-6379.0) | R8: =IFERROR(__xludf.DUMMYFUNCTION("""COMPUTED_VALUE"""),"Partially Staged") | T8: =IFERROR(__xludf.DUMMYFUNCTION("""COMPUTED_VALUE"""),"Not Started") | Z8: =IFERROR(__xludf.DUMMYFUNCTION("""COMPUTED_VALUE"""),"MILCH (EINSCHLIESSLICH LAKTOSE), SCHWEFELDIOXIDE UND SULFITE")
B9: =IFERROR(__xludf.DUMMYFUNCTION("""COMPUTED_VALUE"""),7.0) | C9: =IFERROR(__xludf.DUMMYFUNCTION("""COMPUTED_VALUE"""),"02.05 Part. Staged missing green beans (arriive 03.5)") | E9: =IFERROR(__xludf.DUMMYFUNCTION("""COMPUTED_VALUE"""),"Monday") | F9: =IFERROR(__xludf.DUMMYFUNCTION("""COMPUTED_VALUE"""),FALSE) | G9: =IFERROR(__xludf.DUMMYFUNCTION("""COMPUTED_VALUE"""),"Monday") | H9: =IFERROR(__xludf.DUMMYFUNCTION("""COMPUTED_VALUE"""),"2026-05-04 - 1") | I9: =IFERROR(__xludf.DUMMYFUNCTION("""COMPUTED_VALUE"""),"20-26") | J9: =IFERROR(__xludf.DUMMYFUNCTION("""COMPUTED_VALUE"""),"REC-029854-4-001") | K9: =IFERROR(__xludf.DUMMYFUNCTION("""COMPUTED_VALUE"""),"FV0846A - Stroganoff-Style Beef Burger [DE]") | L9: =IFERROR(__xludf.DUMMYFUNCTION("""COMPUTED_VALUE"""),"Green Beans CUT 1-1/2 - Fresh - Less Salt") | M9: =IFERROR(__xludf.DUMMYFUNCTION("""COMPUTED_VALUE"""),0.0) | N9: =IFERROR(__xludf.DUMMYFUNCTION("""COMPUTED_VALUE"""),"OVEN / BLAST CHILLER") | P9: =IFERROR(__xludf.DUMMYFUNCTION("""COMPUTED_VALUE"""),2100.0) | Q9: =IFERROR(__xludf.DUMMYFUNCTION("""COMPUTED_VALUE"""),-2100.0) | R9: =IFERROR(__xludf.DUMMYFUNCTION("""COMPUTED_VALUE"""),"Picking") | T9: =IFERROR(__xludf.DUMMYFUNCTION("""COMPUTED_VALUE"""),"Not Started")
B10: =IFERROR(__xludf.DUMMYFUNCTION("""COMPUTED_VALUE"""),8.0) | C10: =IFERROR(__xludf.DUMMYFUNCTION("""COMPUTED_VALUE"""),"Staged ") | E10: =IFERROR(__xludf.DUMMYFUNCTION("""COMPUTED_VALUE"""),"Monday") | F10: =IFERROR(__xludf.DUMMYFUNCTION("""COMPUTED_VALUE"""),FALSE) | G10: =IFERROR(__xludf.DUMMYFUNCTION("""COMPUTED_VALUE"""),"Monday") | H10: =IFERROR(__xludf.DUMMYFUNCTION("""COMPUTED_VALUE"""),"2026-05-04 - 1") | I10: =IFERROR(__xludf.DUMMYFUNCTION("""COMPUTED_VALUE"""),"20-27") | J10: =IFERROR(__xludf.DUMMYFUNCTION("""COMPUTED_VALUE"""),"REC-029854-4-001") | K10: =IFERROR(__xludf.DUMMYFUNCTION("""COMPUTED_VALUE"""),"FV0846A - Stroganoff-Style Beef Burger [DE]") | L10: =IFERROR(__xludf.DUMMYFUNCTION("""COMPUTED_VALUE"""),"Herb-Parmesan Butter") | M10: =IFERROR(__xludf.DUMMYFUNCTION("""COMPUTED_VALUE"""),0.0) | N10: =IFERROR(__xludf.DUMMYFUNCTION("""COMPUTED_VALUE"""),"PLANETARY MIXER / SCOOPER (BUTTER) / BLAST CHILLER") | P10: =IFERROR(__xludf.DUMMYFUNCTION("""COMPUTED_VALUE"""),2100.0) | Q10: =IFERROR(__xludf.DUMMYFUNCTION("""COMPUTED_VALUE"""),-2100.0) | R10: =IFERROR(__xludf.DUMMYFUNCTION("""COMPUTED_VALUE"""),"Picking") | T10: =IFERROR(__xludf.DUMMYFUNCTION("""COMPUTED_VALUE"""),"Not Started") | Z10: =IFERROR(__xludf.DUMMYFUNCTION("""COMPUTED_VALUE"""),"MILCH (EINSCHLIESSLICH LAKTOSE)")
B11: =IFERROR(__xludf.DUMMYFUNCTION("""COMPUTED_VALUE"""),9.0) | C11: =IFERROR(__xludf.DUMMYFUNCTION("""COMPUTED_VALUE"""),"02.05 Part. Staged missing mushrooms") | E11: =IFERROR(__xludf.DUMMYFUNCTION("""COMPUTED_VALUE"""),"Monday") | F11: =IFERROR(__xludf.DUMMYFUNCTION("""COMPUTED_VALUE"""),FALSE) | G11: =IFERROR(__xludf.DUMMYFUNCTION("""COMPUTED_VALUE"""),"Monday") | H11: =IFERROR(__xludf.DUMMYFUNCTION("""COMPUTED_VALUE"""),"2026-05-04 - 1") | I11: =IFERROR(__xludf.DUMMYFUNCTION("""COMPUTED_VALUE"""),"20-28") | J11: =IFERROR(__xludf.DUMMYFUNCTION("""COMPUTED_VALUE"""),"REC-029854-4-001") | K11: =IFERROR(__xludf.DUMMYFUNCTION("""COMPUTED_VALUE"""),"FV0846A - Stroganoff-Style Beef Burger [DE]") | L11: =IFERROR(__xludf.DUMMYFUNCTION("""COMPUTED_VALUE"""),"Loaded Roasted Sliced Mushrooms 1/2 green onion") | M11: =IFERROR(__xludf.DUMMYFUNCTION("""COMPUTED_VALUE"""),0.0) | N11: =IFERROR(__xludf.DUMMYFUNCTION("""COMPUTED_VALUE"""),"OVEN / BLAST CHILLER") | P11: =IFERROR(__xludf.DUMMYFUNCTION("""COMPUTED_VALUE"""),2100.0) | Q11: =IFERROR(__xludf.DUMMYFUNCTION("""COMPUTED_VALUE"""),-2100.0) | R11: =IFERROR(__xludf.DUMMYFUNCTION("""COMPUTED_VALUE"""),"Partially Staged") | T11: =IFERROR(__xludf.DUMMYFUNCTION("""COMPUTED_VALUE"""),"Not Started") | Z11: =IFERROR(__xludf.DUMMYFUNCTION("""COMPUTED_VALUE"""),"SCHWEFELDIOXIDE UND SULFITE")
B12: =IFERROR(__xludf.DUMMYFUNCTION("""COMPUTED_VALUE"""),10.0) | C12: =IFERROR(__xludf.DUMMYFUNCTION("""COMPUTED_VALUE"""),"missing green onions") | E12: =IFERROR(__xludf.DUMMYFUNCTION("""COMPUTED_VALUE"""),"Monday") | F12: =IFERROR(__xludf.DUMMYFUNCTION("""COMPUTED_VALUE"""),FALSE) | G12: =IFERROR(__xludf.DUMMYFUNCTION("""COMPUTED_VALUE"""),"Monday") | H12: =IFERROR(__xludf.DUMMYFUNCTION("""COMPUTED_VALUE"""),"2026-05-04 - 1") | I12: =IFERROR(__xludf.DUMMYFUNCTION("""COMPUTED_VALUE"""),"20-29") | J12: =IFERROR(__xludf.DUMMYFUNCTION("""COMPUTED_VALUE"""),"REC-029854-4-001") | K12: =IFERROR(__xludf.DUMMYFUNCTION("""COMPUTED_VALUE"""),"FV0846A - Stroganoff-Style Beef Burger [DE]") | L12: =IFERROR(__xludf.DUMMYFUNCTION("""COMPUTED_VALUE"""),"Roasted Green Onions") | M12: =IFERROR(__xludf.DUMMYFUNCTION("""COMPUTED_VALUE"""),0.0) | N12: =IFERROR(__xludf.DUMMYFUNCTION("""COMPUTED_VALUE"""),"OVEN / BLAST CHILLER") | P12: =IFERROR(__xludf.DUMMYFUNCTION("""COMPUTED_VALUE"""),2100.0) | Q12: =IFERROR(__xludf.DUMMYFUNCTION("""COMPUTED_VALUE"""),-2100.0) | R12: =IFERROR(__xludf.DUMMYFUNCTION("""COMPUTED_VALUE"""),"Released") | T12: =IFERROR(__xludf.DUMMYFUNCTION("""COMPUTED_VALUE"""),"Not Started")
B13: =IFERROR(__xludf.DUMMYFUNCTION("""COMPUTED_VALUE"""),11.0) | C13: =IFERROR(__xludf.DUMMYFUNCTION("""COMPUTED_VALUE"""),"02.05 Part. Staged missing mushrooms & green onions") | E13: =IFERROR(__xludf.DUMMYFUNCTION("""COMPUTED_VALUE"""),"Monday") | F13: =IFERROR(__xludf.DUMMYFUNCTION("""COMPUTED_VALUE"""),FALSE) | G13: =IFERROR(__xludf.DUMMYFUNCTION("""COMPUTED_VALUE"""),"Monday") | H13: =IFERROR(__xludf.DUMMYFUNCTION("""COMPUTED_VALUE"""),"2026-05-04 - 1") | I13: =IFERROR(__xludf.DUMMYFUNCTION("""COMPUTED_VALUE"""),"20-30") | J13: =IFERROR(__xludf.DUMMYFUNCTION("""COMPUTED_VALUE"""),"REC-029854-4-001") | K13: =IFERROR(__xludf.DUMMYFUNCTION("""COMPUTED_VALUE"""),"FV0846A - Stroganoff-Style Beef Burger [DE]") | L13: =IFERROR(__xludf.DUMMYFUNCTION("""COMPUTED_VALUE"""),"Sauce for Beef Stroganoff - 1/2 garlic- No wine") | M13: =IFERROR(__xludf.DUMMYFUNCTION("""COMPUTED_VALUE"""),0.0) | N13: =IFERROR(__xludf.DUMMYFUNCTION("""COMPUTED_VALUE"""),"SPICE PORTIONING / IMMERSION BLENDER / BRAISER / BLAST CHILLER") | P13: =IFERROR(__xludf.DUMMYFUNCTION("""COMPUTED_VALUE"""),2100.0) | Q13: =IFERROR(__xludf.DUMMYFUNCTION("""COMPUTED_VALUE"""),-2100.0) | R13: =IFERROR(__xludf.DUMMYFUNCTION("""COMPUTED_VALUE"""),"Partially Staged") | T13: =IFERROR(__xludf.DUMMYFUNCTION("""COMPUTED_VALUE"""),"Not Started") | Z13: =IFERROR(__xludf.DUMMYFUNCTION("""COMPUTED_VALUE"""),"MILCH (EINSCHLIESSLICH LAKTOSE), SCHWEFELDIOXIDE UND SULFITE, SELLERIE, SENF")
B14: =IFERROR(__xludf.DUMMYFUNCTION("""COMPUTED_VALUE"""),12.0) | F14: =IFERROR(__xludf.DUMMYFUNCTION("""COMPUTED_VALUE"""),FALSE) | G14: =IFERROR(__xludf.DUMMYFUNCTION("""COMPUTED_VALUE"""),"Tuesday") | H14: =IFERROR(__xludf.DUMMYFUNCTION("""COMPUTED_VALUE"""),"2026-05-05 - 1") | I14: =IFERROR(__xludf.DUMMYFUNCTION("""COMPUTED_VALUE"""),"20-23") | J14: =IFERROR(__xludf.DUMMYFUNCTION("""COMPUTED_VALUE"""),"REC-013835-4-002") | K14: =IFERROR(__xludf.DUMMYFUNCTION("""COMPUTED_VALUE"""),"FV0333A - Tuscan Shrimp [DE]") | L14: =IFERROR(__xludf.DUMMYFUNCTION("""COMPUTED_VALUE"""),"Tuscan Shrimp batch") | M14: =IFERROR(__xludf.DUMMYFUNCTION("""COMPUTED_VALUE"""),0.0) | N14: =IFERROR(__xludf.DUMMYFUNCTION("""COMPUTED_VALUE"""),"THAW / MARINADE / OVEN / BLAST CHILLER") | P14: =IFERROR(__xludf.DUMMYFUNCTION("""COMPUTED_VALUE"""),2639.0) | Q14: =IFERROR(__xludf.DUMMYFUNCTION("""COMPUTED_VALUE"""),-2639.0) | R14: =IFERROR(__xludf.DUMMYFUNCTION("""COMPUTED_VALUE"""),"Open") | T14: =IFERROR(__xludf.DUMMYFUNCTION("""COMPUTED_VALUE"""),"Not Started") | Z14: =IFERROR(__xludf.DUMMYFUNCTION("""COMPUTED_VALUE"""),"KREBSTIERE, SCHWEFELDIOXIDE UND SULFITE")
B15: =IFERROR(__xludf.DUMMYFUNCTION("""COMPUTED_VALUE"""),13.0) | F15: =IFERROR(__xludf.DUMMYFUNCTION("""COMPUTED_VALUE"""),FALSE) | G15: =IFERROR(__xludf.DUMMYFUNCTION("""COMPUTED_VALUE"""),"Wednesday") | H15: =IFERROR(__xludf.DUMMYFUNCTION("""COMPUTED_VALUE"""),"2026-05-05 - 1") | I15: =IFERROR(__xludf.DUMMYFUNCTION("""COMPUTED_VALUE"""),"20-53") | J15: =IFERROR(__xludf.DUMMYFUNCTION("""COMPUTED_VALUE"""),"REC-013940-4-006") | K15: =IFERROR(__xludf.DUMMYFUNCTION("""COMPUTED_VALUE"""),"FV0035A - Salmon with pesto [DE]") | L15: =IFERROR(__xludf.DUMMYFUNCTION("""COMPUTED_VALUE"""),"Salmon - garlic seasoning") | M15: =IFERROR(__xludf.DUMMYFUNCTION("""COMPUTED_VALUE"""),0.0) | N15: =IFERROR(__xludf.DUMMYFUNCTION("""COMPUTED_VALUE"""),"THAW / HAND MARINADE / OVEN / BLAST CHILLER") | P15: =IFERROR(__xludf.DUMMYFUNCTION("""COMPUTED_VALUE"""),5550.0) | Q15: =IFERROR(__xludf.DUMMYFUNCTION("""COMPUTED_VALUE"""),-5550.0) | R15: =IFERROR(__xludf.DUMMYFUNCTION("""COMPUTED_VALUE"""),"Open") | T15: =IFERROR(__xludf.DUMMYFUNCTION("""COMPUTED_VALUE"""),"Not Started") | Z15: =IFERROR(__xludf.DUMMYFUNCTION("""COMPUTED_VALUE"""),"FISCH")
B16: =IFERROR(__xludf.DUMMYFUNCTION("""COMPUTED_VALUE"""),14.0) | F16: =IFERROR(__xludf.DUMMYFUNCTION("""COMPUTED_VALUE"""),FALSE) | G16: =IFERROR(__xludf.DUMMYFUNCTION("""COMPUTED_VALUE"""),"Tuesday") | H16: =IFERROR(__xludf.DUMMYFUNCTION("""COMPUTED_VALUE"""),"2026-05-05 - 1") | I16: =IFERROR(__xludf.DUMMYFUNCTION("""COMPUTED_VALUE"""),"20-14") | J16: =IFERROR(__xludf.DUMMYFUNCTION("""COMPUTED_VALUE"""),"REC-014197-4-004") | K16: =IFERROR(__xludf.DUMMYFUNCTION("""COMPUTED_VALUE"""),"FV0281A - Baja Salmon [DE]") | L16: =IFERROR(__xludf.DUMMYFUNCTION("""COMPUTED_VALUE"""),"Broccoli - S&P Broccoli FLORETS - less salt") | M16: =IFERROR(__xludf.DUMMYFUNCTION("""COMPUTED_VALUE"""),0.0) | N16: =IFERROR(__xludf.DUMMYFUNCTION("""COMPUTED_VALUE"""),"SPICE PORTIONING / HAND MIX") | P16: =IFERROR(__xludf.DUMMYFUNCTION("""COMPUTED_VALUE"""),7550.0) | Q16: =IFERROR(__xludf.DUMMYFUNCTION("""COMPUTED_VALUE"""),-7550.0) | R16: =IFERROR(__xludf.DUMMYFUNCTION("""COMPUTED_VALUE"""),"Open") | T16: =IFERROR(__xludf.DUMMYFUNCTION("""COMPUTED_VALUE"""),"Not Started")
B17: =IFERROR(__xludf.DUMMYFUNCTION("""COMPUTED_VALUE"""),15.0) | F17: =IFERROR(__xludf.DUMMYFUNCTION("""COMPUTED_VALUE"""),FALSE) | G17: =IFERROR(__xludf.DUMMYFUNCTION("""COMPUTED_VALUE"""),"Tuesday") | H17: =IFERROR(__xludf.DUMMYFUNCTION("""COMPUTED_VALUE"""),"2026-05-05 - 1") | I17: =IFERROR(__xludf.DUMMYFUNCTION("""COMPUTED_VALUE"""),"20-16") | J17: =IFERROR(__xludf.DUMMYFUNCTION("""COMPUTED_VALUE"""),"REC-014197-4-004") | K17: =IFERROR(__xludf.DUMMYFUNCTION("""COMPUTED_VALUE"""),"FV0281A - Baja Salmon [DE]") | L17: =IFERROR(__xludf.DUMMYFUNCTION("""COMPUTED_VALUE"""),"Compound butter - Chili-Garlic Butter - master batch") | M17: =IFERROR(__xludf.DUMMYFUNCTION("""COMPUTED_VALUE"""),0.0) | N17: =IFERROR(__xludf.DUMMYFUNCTION("""COMPUTED_VALUE"""),"PLANETARY MIXER / SCOOPER (BUTTER) / BLAST CHILLER") | P17: =IFERROR(__xludf.DUMMYFUNCTION("""COMPUTED_VALUE"""),7550.0) | Q17: =IFERROR(__xludf.DUMMYFUNCTION("""COMPUTED_VALUE"""),-7550.0) | R17: =IFERROR(__xludf.DUMMYFUNCTION("""COMPUTED_VALUE"""),"Open") | T17: =IFERROR(__xludf.DUMMYFUNCTION("""COMPUTED_VALUE"""),"Not Started") | Z17: =IFERROR(__xludf.DUMMYFUNCTION("""COMPUTED_VALUE"""),"MILCH (EINSCHLIESSLICH LAKTOSE)")
B18: =IFERROR(__xludf.DUMMYFUNCTION("""COMPUTED_VALUE"""),16.0) | F18: =IFERROR(__xludf.DUMMYFUNCTION("""COMPUTED_VALUE"""),FALSE) | G18: =IFERROR(__xludf.DUMMYFUNCTION("""COMPUTED_VALUE"""),"Tuesday") | H18: =IFERROR(__xludf.DUMMYFUNCTION("""COMPUTED_VALUE"""),"2026-05-05 - 1") | I18: =IFERROR(__xludf.DUMMYFUNCTION("""COMPUTED_VALUE"""),"20-17") | J18: =IFERROR(__xludf.DUMMYFUNCTION("""COMPUTED_VALUE"""),"REC-014197-4-004") | K18: =IFERROR(__xludf.DUMMYFUNCTION("""COMPUTED_VALUE"""),"FV0281A - Baja Salmon [DE]") | L18: =IFERROR(__xludf.DUMMYFUNCTION("""COMPUTED_VALUE"""),"Mexican Cauliflower Rice") | M18: =IFERROR(__xludf.DUMMYFUNCTION("""COMPUTED_VALUE"""),0.0) | N18: =IFERROR(__xludf.DUMMYFUNCTION("""COMPUTED_VALUE"""),"OVEN") | P18: =IFERROR(__xludf.DUMMYFUNCTION("""COMPUTED_VALUE"""),7550.0) | Q18: =IFERROR(__xludf.DUMMYFUNCTION("""COMPUTED_VALUE"""),-7550.0) | R18: =IFERROR(__xludf.DUMMYFUNCTION("""COMPUTED_VALUE"""),"Open") | T18: =IFERROR(__xludf.DUMMYFUNCTION("""COMPUTED_VALUE"""),"Not Started")
B19: =IFERROR(__xludf.DUMMYFUNCTION("""COMPUTED_VALUE"""),17.0) | F19: =IFERROR(__xludf.DUMMYFUNCTION("""COMPUTED_VALUE"""),FALSE) | G19: =IFERROR(__xludf.DUMMYFUNCTION("""COMPUTED_VALUE"""),"Tuesday") | H19: =IFERROR(__xludf.DUMMYFUNCTION("""COMPUTED_VALUE"""),"2026-05-05 - 1") | I19: =IFERROR(__xludf.DUMMYFUNCTION("""COMPUTED_VALUE"""),"20-19") | J19: =IFERROR(__xludf.DUMMYFUNCTION("""COMPUTED_VALUE"""),"REC-014197-4-004") | K19: =IFERROR(__xludf.DUMMYFUNCTION("""COMPUTED_VALUE"""),"FV0281A - Baja Salmon [DE]") | L19: =IFERROR(__xludf.DUMMYFUNCTION("""COMPUTED_VALUE"""),"Sauce - Cilantro Sour Cream") | M19: =IFERROR(__xludf.DUMMYFUNCTION("""COMPUTED_VALUE"""),0.0) | N19: =IFERROR(__xludf.DUMMYFUNCTION("""COMPUTED_VALUE"""),"IMMERSION BLENDER / CUPPING") | P19: =IFERROR(__xludf.DUMMYFUNCTION("""COMPUTED_VALUE"""),7550.0) | Q19: =IFERROR(__xludf.DUMMYFUNCTION("""COMPUTED_VALUE"""),-7550.0) | R19: =IFERROR(__xludf.DUMMYFUNCTION("""COMPUTED_VALUE"""),"Open") | T19: =IFERROR(__xludf.DUMMYFUNCTION("""COMPUTED_VALUE"""),"Not Started") | Z19: =IFERROR(__xludf.DUMMYFUNCTION("""COMPUTED_VALUE"""),"MILCH (EINSCHLIESSLICH LAKTOSE)")
B20: =IFERROR(__xludf.DUMMYFUNCTION("""COMPUTED_VALUE"""),18.0) | F20: =IFERROR(__xludf.DUMMYFUNCTION("""COMPUTED_VALUE"""),FALSE) | G20: =IFERROR(__xludf.DUMMYFUNCTION("""COMPUTED_VALUE"""),"Tuesday") | H20: =IFERROR(__xludf.DUMMYFUNCTION("""COMPUTED_VALUE"""),"2026-05-05 - 1") | I20: =IFERROR(__xludf.DUMMYFUNCTION("""COMPUTED_VALUE"""),"20-21") | J20: =IFERROR(__xludf.DUMMYFUNCTION("""COMPUTED_VALUE"""),"REC-013835-4-002") | K20: =IFERROR(__xludf.DUMMYFUNCTION("""COMPUTED_VALUE"""),"FV0333A - Tuscan Shrimp [DE]") | L20: =IFERROR(__xludf.DUMMYFUNCTION("""COMPUTED_VALUE"""),"Creamed Kale - Cream Cheese") | M20: =IFERROR(__xludf.DUMMYFUNCTION("""COMPUTED_VALUE"""),0.0) | N20: =IFERROR(__xludf.DUMMYFUNCTION("""COMPUTED_VALUE"""),"SPICE PORTIONING / BRAISER / BLAST CHILLER") | P20: =IFERROR(__xludf.DUMMYFUNCTION("""COMPUTED_VALUE"""),2639.0) | Q20: =IFERROR(__xludf.DUMMYFUNCTION("""COMPUTED_VALUE"""),-2639.0) | R20: =IFERROR(__xludf.DUMMYFUNCTION("""COMPUTED_VALUE"""),"Open") | T20: =IFERROR(__xludf.DUMMYFUNCTION("""COMPUTED_VALUE"""),"Not Started") | Z20: =IFERROR(__xludf.DUMMYFUNCTION("""COMPUTED_VALUE"""),"MILCH (EINSCHLIESSLICH LAKTOSE), SCHWEFELDIOXIDE UND SULFITE")
B21: =IFERROR(__xludf.DUMMYFUNCTION("""COMPUTED_VALUE"""),19.0) | F21: =IFERROR(__xludf.DUMMYFUNCTION("""COMPUTED_VALUE"""),FALSE) | G21: =IFERROR(__xludf.DUMMYFUNCTION("""COMPUTED_VALUE"""),"Tuesday") | H21: =IFERROR(__xludf.DUMMYFUNCTION("""COMPUTED_VALUE"""),"2026-05-05 - 1") | I21: =IFERROR(__xludf.DUMMYFUNCTION("""COMPUTED_VALUE"""),"20-22") | J21: =IFERROR(__xludf.DUMMYFUNCTION("""COMPUTED_VALUE"""),"REC-013835-4-002") | K21: =IFERROR(__xludf.DUMMYFUNCTION("""COMPUTED_VALUE"""),"FV0333A - Tuscan Shrimp [DE]") | L21: =IFERROR(__xludf.DUMMYFUNCTION("""COMPUTED_VALUE"""),"Sauce - Tuscan Shrimp Butter Sauce") | M21: =IFERROR(__xludf.DUMMYFUNCTION("""COMPUTED_VALUE"""),0.0) | N21: =IFERROR(__xludf.DUMMYFUNCTION("""COMPUTED_VALUE"""),"SPICE PORTIONING / IMMERSION BLENDER / BRAISER / BLAST CHILLER") | P21: =IFERROR(__xludf.DUMMYFUNCTION("""COMPUTED_VALUE"""),2639.0) | Q21: =IFERROR(__xludf.DUMMYFUNCTION("""COMPUTED_VALUE"""),-2639.0) | R21: =IFERROR(__xludf.DUMMYFUNCTION("""COMPUTED_VALUE"""),"Open") | T21: =IFERROR(__xludf.DUMMYFUNCTION("""COMPUTED_VALUE"""),"Not Started") | Z21: =IFERROR(__xludf.DUMMYFUNCTION("""COMPUTED_VALUE"""),"MILCH (EINSCHLIESSLICH LAKTOSE), SCHWEFELDIOXIDE UND SULFITE, SELLERIE")
B22: =IFERROR(__xludf.DUMMYFUNCTION("""COMPUTED_VALUE"""),20.0) | F22: =IFERROR(__xludf.DUMMYFUNCTION("""COMPUTED_VALUE"""),FALSE) | G22: =IFERROR(__xludf.DUMMYFUNCTION("""COMPUTED_VALUE"""),"Tuesday") | H22: =IFERROR(__xludf.DUMMYFUNCTION("""COMPUTED_VALUE"""),"2026-05-05 - 1") | I22: =IFERROR(__xludf.DUMMYFUNCTION("""COMPUTED_VALUE"""),"20-24") | J22: =IFERROR(__xludf.DUMMYFUNCTION("""COMPUTED_VALUE"""),"REC-013835-4-002") | K22: =IFERROR(__xludf.DUMMYFUNCTION("""COMPUTED_VALUE"""),"FV0333A - Tuscan Shrimp [DE]") | L22: =IFERROR(__xludf.DUMMYFUNCTION("""COMPUTED_VALUE"""),"Zucchini/Pepper/Onion Mix for Tuscan Shrimp - 1/2 Diced") | M22: =IFERROR(__xludf.DUMMYFUNCTION("""COMPUTED_VALUE"""),0.0) | P22: =IFERROR(__xludf.DUMMYFUNCTION("""COMPUTED_VALUE"""),2639.0) | Q22: =IFERROR(__xludf.DUMMYFUNCTION("""COMPUTED_VALUE"""),-2639.0) | R22: =IFERROR(__xludf.DUMMYFUNCTION("""COMPUTED_VALUE"""),"Open") | T22: =IFERROR(__xludf.DUMMYFUNCTION("""COMPUTED_VALUE"""),"Not Started")
B23: =IFERROR(__xludf.DUMMYFUNCTION("""COMPUTED_VALUE"""),21.0) | F23: =IFERROR(__xludf.DUMMYFUNCTION("""COMPUTED_VALUE"""),FALSE) | H23: =IFERROR(__xludf.DUMMYFUNCTION("""COMPUTED_VALUE"""),"2026-05-05 - 2") | I23: =IFERROR(__xludf.DUMMYFUNCTION("""COMPUTED_VALUE"""),"20-43") | J23: =IFERROR(__xludf.DUMMYFUNCTION("""COMPUTED_VALUE"""),"REC-029854-4-001") | K23: =IFERROR(__xludf.DUMMYFUNCTION("""COMPUTED_VALUE"""),"FV0846A - Stroganoff-Style Beef Burger [DE]") | L23: =IFERROR(__xludf.DUMMYFUNCTION("""COMPUTED_VALUE"""),"Beef Burger Master EU") | M23: =IFERROR(__xludf.DUMMYFUNCTION("""COMPUTED_VALUE"""),0.0) | N23: =IFERROR(__xludf.DUMMYFUNCTION("""COMPUTED_VALUE"""),"HORIZONTAL MIXER / PATTY MAKER / OVEN / BLAST CHILLER") | P23: =IFERROR(__xludf.DUMMYFUNCTION("""COMPUTED_VALUE"""),3293.0) | Q23: =IFERROR(__xludf.DUMMYFUNCTION("""COMPUTED_VALUE"""),-3293.0) | R23: =IFERROR(__xludf.DUMMYFUNCTION("""COMPUTED_VALUE"""),"Released") | T23: =IFERROR(__xludf.DUMMYFUNCTION("""COMPUTED_VALUE"""),"Not Started") | Y23: =IFERROR(__xludf.DUMMYFUNCTION("""COMPUTED_VALUE"""),"SCHWEFELDIOXIDE UND SULFITE") | Z23: =IFERROR(__xludf.DUMMYFUNCTION("""COMPUTED_VALUE"""),"SCHWEFELDIOXIDE UND SULFITE")
B24: =IFERROR(__xludf.DUMMYFUNCTION("""COMPUTED_VALUE"""),22.0) | F24: =IFERROR(__xludf.DUMMYFUNCTION("""COMPUTED_VALUE"""),FALSE) | H24: =IFERROR(__xludf.DUMMYFUNCTION("""COMPUTED_VALUE"""),"2026-05-06 - 1") | I24: =IFERROR(__xludf.DUMMYFUNCTION("""COMPUTED_VALUE"""),"20-56") | J24: =IFERROR(__xludf.DUMMYFUNCTION("""COMPUTED_VALUE"""),"REC-013940-4-006") | K24: =IFERROR(__xludf.DUMMYFUNCTION("""COMPUTED_VALUE"""),"FV0035A - Salmon with pesto [DE]") | L24: =IFERROR(__xludf.DUMMYFUNCTION("""COMPUTED_VALUE"""),"Compound butter - Sun-Dried Tomato") | M24: =IFERROR(__xludf.DUMMYFUNCTION("""COMPUTED_VALUE"""),0.0) | N24: =IFERROR(__xludf.DUMMYFUNCTION("""COMPUTED_VALUE"""),"PLANETARY MIXER / SCOOPER (BUTTER) / BLAST CHILLER") | P24: =IFERROR(__xludf.DUMMYFUNCTION("""COMPUTED_VALUE"""),6257.0) | Q24: =IFERROR(__xludf.DUMMYFUNCTION("""COMPUTED_VALUE"""),-6257.0) | R24: =IFERROR(__xludf.DUMMYFUNCTION("""COMPUTED_VALUE"""),"Allocation Pending") | T24: =IFERROR(__xludf.DUMMYFUNCTION("""COMPUTED_VALUE"""),"Not Started") | Y24: =IFERROR(__xludf.DUMMYFUNCTION("""COMPUTED_VALUE"""),"MILCH (EINSCHLIESSLICH LAKTOSE)") | Z24: =IFERROR(__xludf.DUMMYFUNCTION("""COMPUTED_VALUE"""),"MILCH (EINSCHLIESSLICH LAKTOSE)")
B25: =IFERROR(__xludf.DUMMYFUNCTION("""COMPUTED_VALUE"""),23.0) | F25: =IFERROR(__xludf.DUMMYFUNCTION("""COMPUTED_VALUE"""),FALSE) | H25: =IFERROR(__xludf.DUMMYFUNCTION("""COMPUTED_VALUE"""),"2026-05-06 - 1") | I25: =IFERROR(__xludf.DUMMYFUNCTION("""COMPUTED_VALUE"""),"20-57") | J25: =IFERROR(__xludf.DUMMYFUNCTION("""COMPUTED_VALUE"""),"REC-013940-4-006") | K25: =IFERROR(__xludf.DUMMYFUNCTION("""COMPUTED_VALUE"""),"FV0035A - Salmon with pesto [DE]") | L25: =IFERROR(__xludf.DUMMYFUNCTION("""COMPUTED_VALUE"""),"S&P Roasted Green Beans 1") | M25: =IFERROR(__xludf.DUMMYFUNCTION("""COMPUTED_VALUE"""),0.0) | N25: =IFERROR(__xludf.DUMMYFUNCTION("""COMPUTED_VALUE"""),"OVEN / BLAST CHILLER") | P25: =IFERROR(__xludf.DUMMYFUNCTION("""COMPUTED_VALUE"""),6257.0) | Q25: =IFERROR(__xludf.DUMMYFUNCTION("""COMPUTED_VALUE"""),-6257.0) | R25: =IFERROR(__xludf.DUMMYFUNCTION("""COMPUTED_VALUE"""),"Allocation Pending") | T25: =IFERROR(__xludf.DUMMYFUNCTION("""COMPUTED_VALUE"""),"Not Started")
B26: =IFERROR(__xludf.DUMMYFUNCTION("""COMPUTED_VALUE"""),24.0) | F26: =IFERROR(__xludf.DUMMYFUNCTION("""COMPUTED_VALUE"""),FALSE) | H26: =IFERROR(__xludf.DUMMYFUNCTION("""COMPUTED_VALUE"""),"2026-05-06 - 1") | I26: =IFERROR(__xludf.DUMMYFUNCTION("""COMPUTED_VALUE"""),"20-58") | J26: =IFERROR(__xludf.DUMMYFUNCTION("""COMPUTED_VALUE"""),"REC-013940-4-006") | K26: =IFERROR(__xludf.DUMMYFUNCTION("""COMPUTED_VALUE"""),"FV0035A - Salmon with pesto [DE]") | L26: =IFERROR(__xludf.DUMMYFUNCTION("""COMPUTED_VALUE"""),"Salmon - garlic seasoning") | M26: =IFERROR(__xludf.DUMMYFUNCTION("""COMPUTED_VALUE"""),0.0) | N26: =IFERROR(__xludf.DUMMYFUNCTION("""COMPUTED_VALUE"""),"THAW / HAND MARINADE / OVEN / BLAST CHILLER") | P26: =IFERROR(__xludf.DUMMYFUNCTION("""COMPUTED_VALUE"""),6257.0) | Q26: =IFERROR(__xludf.DUMMYFUNCTION("""COMPUTED_VALUE"""),-6257.0) | R26: =IFERROR(__xludf.DUMMYFUNCTION("""COMPUTED_VALUE"""),"Picking") | T26: =IFERROR(__xludf.DUMMYFUNCTION("""COMPUTED_VALUE"""),"Not Started") | Y26: =IFERROR(__xludf.DUMMYFUNCTION("""COMPUTED_VALUE"""),"FISCH") | Z26: =IFERROR(__xludf.DUMMYFUNCTION("""COMPUTED_VALUE"""),"FISCH")
B27: =IFERROR(__xludf.DUMMYFUNCTION("""COMPUTED_VALUE"""),25.0) | F27: =IFERROR(__xludf.DUMMYFUNCTION("""COMPUTED_VALUE"""),FALSE) | H27: =IFERROR(__xludf.DUMMYFUNCTION("""COMPUTED_VALUE"""),"2026-05-06 - 1") | I27: =IFERROR(__xludf.DUMMYFUNCTION("""COMPUTED_VALUE"""),"20-60") | J27: =IFERROR(__xludf.DUMMYFUNCTION("""COMPUTED_VALUE"""),"REC-013940-4-006") | K27: =IFERROR(__xludf.DUMMYFUNCTION("""COMPUTED_VALUE"""),"FV0035A - Salmon with pesto [DE]") | L27: =IFERROR(__xludf.DUMMYFUNCTION("""COMPUTED_VALUE"""),"Sauce - Pesto") | M27: =IFERROR(__xludf.DUMMYFUNCTION("""COMPUTED_VALUE"""),0.0) | N27: =IFERROR(__xludf.DUMMYFUNCTION("""COMPUTED_VALUE"""),"IMMERSION BLENDER / BLAST CHILLER") | P27: =IFERROR(__xludf.DUMMYFUNCTION("""COMPUTED_VALUE"""),6257.0) | Q27: =IFERROR(__xludf.DUMMYFUNCTION("""COMPUTED_VALUE"""),-6257.0) | R27: =IFERROR(__xludf.DUMMYFUNCTION("""COMPUTED_VALUE"""),"Allocation Pending") | T27: =IFERROR(__xludf.DUMMYFUNCTION("""COMPUTED_VALUE"""),"Not Started") | Y27: =IFERROR(__xludf.DUMMYFUNCTION("""COMPUTED_VALUE"""),"MANDELN, MILCH (EINSCHLIESSLICH LAKTOSE), SCHALENFRÜCHTE") | Z27: =IFERROR(__xludf.DUMMYFUNCTION("""COMPUTED_VALUE"""),"MANDELN, MILCH (EINSCHLIESSLICH LAKTOSE), SCHALENFRÜCHTE")
B28: =IFERROR(__xludf.DUMMYFUNCTION("""COMPUTED_VALUE"""),26.0) | F28: =IFERROR(__xludf.DUMMYFUNCTION("""COMPUTED_VALUE"""),FALSE) | H28: =IFERROR(__xludf.DUMMYFUNCTION("""COMPUTED_VALUE"""),"2026-05-06 - 1") | I28: =IFERROR(__xludf.DUMMYFUNCTION("""COMPUTED_VALUE"""),"20-61") | J28: =IFERROR(__xludf.DUMMYFUNCTION("""COMPUTED_VALUE"""),"REC-013940-4-006") | K28: =IFERROR(__xludf.DUMMYFUNCTION("""COMPUTED_VALUE"""),"FV0035A - Salmon with pesto [DE]") | L28: =IFERROR(__xludf.DUMMYFUNCTION("""COMPUTED_VALUE"""),"Spinach - Creamed Spinach") | M28: =IFERROR(__xludf.DUMMYFUNCTION("""COMPUTED_VALUE"""),0.0) | N28: =IFERROR(__xludf.DUMMYFUNCTION("""COMPUTED_VALUE"""),"HAND MIX / BLAST CHILLER") | P28: =IFERROR(__xludf.DUMMYFUNCTION("""COMPUTED_VALUE"""),6257.0) | Q28: =IFERROR(__xludf.DUMMYFUNCTION("""COMPUTED_VALUE"""),-6257.0) | R28: =IFERROR(__xludf.DUMMYFUNCTION("""COMPUTED_VALUE"""),"Allocation Pending") | T28: =IFERROR(__xludf.DUMMYFUNCTION("""COMPUTED_VALUE"""),"Not Started") | Y28: =IFERROR(__xludf.DUMMYFUNCTION("""COMPUTED_VALUE"""),"MILCH (EINSCHLIESSLICH LAKTOSE), SCHWEFELDIOXIDE UND SULFITE") | Z28: =IFERROR(__xludf.DUMMYFUNCTION("""COMPUTED_VALUE"""),"MILCH (EINSCHLIESSLICH LAKTOSE), SCHWEFELDIOXIDE UND SULFITE")
B29: =IFERROR(__xludf.DUMMYFUNCTION("""COMPUTED_VALUE"""),27.0) | F29: =IFERROR(__xludf.DUMMYFUNCTION("""COMPUTED_VALUE"""),FALSE) | H29: =IFERROR(__xludf.DUMMYFUNCTION("""COMPUTED_VALUE"""),"2026-05-06 - 1") | I29: =IFERROR(__xludf.DUMMYFUNCTION("""COMPUTED_VALUE"""),"20-44") | J29: =IFERROR(__xludf.DUMMYFUNCTION("""COMPUTED_VALUE"""),"REC-029854-4-001") | K29: =IFERROR(__xludf.DUMMYFUNCTION("""COMPUTED_VALUE"""),"FV0846A - Stroganoff-Style Beef Burger [DE]") | L29: =IFERROR(__xludf.DUMMYFUNCTION("""COMPUTED_VALUE"""),"Green Beans CUT 1-1/2 - Fresh - Less Salt") | M29: =IFERROR(__xludf.DUMMYFUNCTION("""COMPUTED_VALUE"""),0.0) | N29: =IFERROR(__xludf.DUMMYFUNCTION("""COMPUTED_VALUE"""),"OVEN / BLAST CHILLER") | P29: =IFERROR(__xludf.DUMMYFUNCTION("""COMPUTED_VALUE"""),3071.0) | Q29: =IFERROR(__xludf.DUMMYFUNCTION("""COMPUTED_VALUE"""),-3071.0) | R29: =IFERROR(__xludf.DUMMYFUNCTION("""COMPUTED_VALUE"""),"Released") | T29: =IFERROR(__xludf.DUMMYFUNCTION("""COMPUTED_VALUE"""),"Not Started")
B30: =IFERROR(__xludf.DUMMYFUNCTION("""COMPUTED_VALUE"""),28.0) | F30: =IFERROR(__xludf.DUMMYFUNCTION("""COMPUTED_VALUE"""),FALSE) | H30: =IFERROR(__xludf.DUMMYFUNCTION("""COMPUTED_VALUE"""),"2026-05-06 - 1") | I30: =IFERROR(__xludf.DUMMYFUNCTION("""COMPUTED_VALUE"""),"20-45") | J30: =IFERROR(__xludf.DUMMYFUNCTION("""COMPUTED_VALUE"""),"REC-029854-4-001") | K30: =IFERROR(__xludf.DUMMYFUNCTION("""COMPUTED_VALUE"""),"FV0846A - Stroganoff-Style Beef Burger [DE]") | L30: =IFERROR(__xludf.DUMMYFUNCTION("""COMPUTED_VALUE"""),"Herb-Parmesan Butter") | M30: =IFERROR(__xludf.DUMMYFUNCTION("""COMPUTED_VALUE"""),0.0) | N30: =IFERROR(__xludf.DUMMYFUNCTION("""COMPUTED_VALUE"""),"PLANETARY MIXER / SCOOPER (BUTTER) / BLAST CHILLER") | P30: =IFERROR(__xludf.DUMMYFUNCTION("""COMPUTED_VALUE"""),3071.0) | Q30: =IFERROR(__xludf.DUMMYFUNCTION("""COMPUTED_VALUE"""),-3071.0) | R30: =IFERROR(__xludf.DUMMYFUNCTION("""COMPUTED_VALUE"""),"Allocation Pending") | T30: =IFERROR(__xludf.DUMMYFUNCTION("""COMPUTED_VALUE"""),"Not Started") | Y30: =IFERROR(__xludf.DUMMYFUNCTION("""COMPUTED_VALUE"""),"MILCH (EINSCHLIESSLICH LAKTOSE)") | Z30: =IFERROR(__xludf.DUMMYFUNCTION("""COMPUTED_VALUE"""),"MILCH (EINSCHLIESSLICH LAKTOSE)")
B31: =IFERROR(__xludf.DUMMYFUNCTION("""COMPUTED_VALUE"""),29.0) | F31: =IFERROR(__xludf.DUMMYFUNCTION("""COMPUTED_VALUE"""),FALSE) | H31: =IFERROR(__xludf.DUMMYFUNCTION("""COMPUTED_VALUE"""),"2026-05-06 - 1") | I31: =IFERROR(__xludf.DUMMYFUNCTION("""COMPUTED_VALUE"""),"20-46") | J31: =IFERROR(__xludf.DUMMYFUNCTION("""COMPUTED_VALUE"""),"REC-029854-4-001") | K31: =IFERROR(__xludf.DUMMYFUNCTION("""COMPUTED_VALUE"""),"FV0846A - Stroganoff-Style Beef Burger [DE]") | L31: =IFERROR(__xludf.DUMMYFUNCTION("""COMPUTED_VALUE"""),"Loaded Roasted Sliced Mushrooms 1/2 green onion") | M31: =IFERROR(__xludf.DUMMYFUNCTION("""COMPUTED_VALUE"""),0.0) | N31: =IFERROR(__xludf.DUMMYFUNCTION("""COMPUTED_VALUE"""),"OVEN / BLAST CHILLER") | P31: =IFERROR(__xludf.DUMMYFUNCTION("""COMPUTED_VALUE"""),3071.0) | Q31: =IFERROR(__xludf.DUMMYFUNCTION("""COMPUTED_VALUE"""),-3071.0) | R31: =IFERROR(__xludf.DUMMYFUNCTION("""COMPUTED_VALUE"""),"Allocation Pending") | T31: =IFERROR(__xludf.DUMMYFUNCTION("""COMPUTED_VALUE"""),"Not Started") | Y31: =IFERROR(__xludf.DUMMYFUNCTION("""COMPUTED_VALUE"""),"SCHWEFELDIOXIDE UND SULFITE") | Z31: =IFERROR(__xludf.DUMMYFUNCTION("""COMPUTED_VALUE"""),"SCHWEFELDIOXIDE UND SULFITE")
B32: =IFERROR(__xludf.DUMMYFUNCTION("""COMPUTED_VALUE"""),30.0) | F32: =IFERROR(__xludf.DUMMYFUNCTION("""COMPUTED_VALUE"""),FALSE) | H32: =IFERROR(__xludf.DUMMYFUNCTION("""COMPUTED_VALUE"""),"2026-05-06 - 1") | I32: =IFERROR(__xludf.DUMMYFUNCTION("""COMPUTED_VALUE"""),"20-47") | J32: =IFERROR(__xludf.DUMMYFUNCTION("""COMPUTED_VALUE"""),"REC-029854-4-001") | K32: =IFERROR(__xludf.DUMMYFUNCTION("""COMPUTED_VALUE"""),"FV0846A - Stroganoff-Style Beef Burger [DE]") | L32: =IFERROR(__xludf.DUMMYFUNCTION("""COMPUTED_VALUE"""),"Roasted Green Onions") | M32: =IFERROR(__xludf.DUMMYFUNCTION("""COMPUTED_VALUE"""),0.0) | N32: =IFERROR(__xludf.DUMMYFUNCTION("""COMPUTED_VALUE"""),"OVEN / BLAST CHILLER") | P32: =IFERROR(__xludf.DUMMYFUNCTION("""COMPUTED_VALUE"""),3071.0) | Q32: =IFERROR(__xludf.DUMMYFUNCTION("""COMPUTED_VALUE"""),-3071.0) | R32: =IFERROR(__xludf.DUMMYFUNCTION("""COMPUTED_VALUE"""),"Released") | T32: =IFERROR(__xludf.DUMMYFUNCTION("""COMPUTED_VALUE"""),"Not Started")
B33: =IFERROR(__xludf.DUMMYFUNCTION("""COMPUTED_VALUE"""),31.0) | F33: =IFERROR(__xludf.DUMMYFUNCTION("""COMPUTED_VALUE"""),FALSE) | H33: =IFERROR(__xludf.DUMMYFUNCTION("""COMPUTED_VALUE"""),"2026-05-06 - 1") | I33: =IFERROR(__xludf.DUMMYFUNCTION("""COMPUTED_VALUE"""),"20-48") | J33: =IFERROR(__xludf.DUMMYFUNCTION("""COMPUTED_VALUE"""),"REC-029854-4-001") | K33: =IFERROR(__xludf.DUMMYFUNCTION("""COMPUTED_VALUE"""),"FV0846A - Stroganoff-Style Beef Burger [DE]") | L33: =IFERROR(__xludf.DUMMYFUNCTION("""COMPUTED_VALUE"""),"Sauce for Beef Stroganoff - 1/2 garlic- No wine") | M33: =IFERROR(__xludf.DUMMYFUNCTION("""COMPUTED_VALUE"""),0.0) | N33: =IFERROR(__xludf.DUMMYFUNCTION("""COMPUTED_VALUE"""),"SPICE PORTIONING / IMMERSION BLENDER / BRAISER / BLAST CHILLER") | P33: =IFERROR(__xludf.DUMMYFUNCTION("""COMPUTED_VALUE"""),3071.0) | Q33: =IFERROR(__xludf.DUMMYFUNCTION("""COMPUTED_VALUE"""),-3071.0) | R33: =IFERROR(__xludf.DUMMYFUNCTION("""COMPUTED_VALUE"""),"Allocation Pending") | T33: =IFERROR(__xludf.DUMMYFUNCTION("""COMPUTED_VALUE"""),"Not Started") | Y33: =IFERROR(__xludf.DUMMYFUNCTION("""COMPUTED_VALUE"""),"MILCH (EINSCHLIESSLICH LAKTOSE), SCHWEFELDIOXIDE UND SULFITE, SELLERIE, SENF") | Z33: =IFERROR(__xludf.DUMMYFUNCTION("""COMPUTED_VALUE"""),"MILCH (EINSCHLIESSLICH LAKTOSE), SCHWEFELDIOXIDE UND SULFITE, SELLERIE, SENF")
B34: =IFERROR(__xludf.DUMMYFUNCTION("""COMPUTED_VALUE"""),32.0) | F34: =IFERROR(__xludf.DUMMYFUNCTION("""COMPUTED_VALUE"""),FALSE)
B35: =IFERROR(__xludf.DUMMYFUNCTION("""COMPUTED_VALUE"""),33.0) | F35: =IFERROR(__xludf.DUMMYFUNCTION("""COMPUTED_VALUE"""),FALSE)
B36: =IFERROR(__xludf.DUMMYFUNCTION("""COMPUTED_VALUE"""),34.0) | F36: =IFERROR(__xludf.DUMMYFUNCTION("""COMPUTED_VALUE"""),FALSE)
B37: =IFERROR(__xludf.DUMMYFUNCTION("""COMPUTED_VALUE"""),35.0) | F37: =IFERROR(__xludf.DUMMYFUNCTION("""COMPUTED_VALUE"""),FALSE)
B38: =IFERROR(__xludf.DUMMYFUNCTION("""COMPUTED_VALUE"""),36.0)
B39: =IFERROR(__xludf.DUMMYFUNCTION("""COMPUTED_VALUE"""),37.0)
B40: =IFERROR(__xludf.DUMMYFUNCTION("""COMPUTED_VALUE"""),38.0)
B41: =IFERROR(__xludf.DUMMYFUNCTION("""COMPUTED_VALUE"""),39.0)
B42: =IFERROR(__xludf.DUMMYFUNCTION("""COMPUTED_VALUE"""),40.0)
B43: =IFERROR(__xludf.DUMMYFUNCTION("""COMPUTED_VALUE"""),41.0)
B44: =IFERROR(__xludf.DUMMYFUNCTION("""COMPUTED_VALUE"""),42.0)
B45: =IFERROR(__xludf.DUMMYFUNCTION("""COMPUTED_VALUE"""),43.0)
B46: =IFERROR(__xludf.DUMMYFUNCTION("""COMPUTED_VALUE"""),44.0)
B47: =IFERROR(__xludf.DUMMYFUNCTION("""COMPUTED_VALUE"""),45.0)
B48: =IFERROR(__xludf.DUMMYFUNCTION("""COMPUTED_VALUE"""),46.0)
B49: =IFERROR(__xludf.DUMMYFUNCTION("""COMPUTED_VALUE"""),47.0)
B50: =IFERROR(__xludf.DUMMYFUNCTION("""COMPUTED_VALUE"""),48.0)
B51: =IFERROR(__xludf.DUMMYFUNCTION("""COMPUTED_VALUE"""),49.0)
B52: =IFERROR(__xludf.DUMMYFUNCTION("""COMPUTED_VALUE"""),50.0)
B53: =IFERROR(__xludf.DUMMYFUNCTION("""COMPUTED_VALUE"""),51.0)
B54: =IFERROR(__xludf.DUMMYFUNCTION("""COMPUTED_VALUE"""),52.0)
B55: =IFERROR(__xludf.DUMMYFUNCTION("""COMPUTED_VALUE"""),53.0)
B56: =IFERROR(__xludf.DUMMYFUNCTION("""COMPUTED_VALUE"""),54.0)
B57: =IFERROR(__xludf.DUMMYFUNCTION("""COMPUTED_VALUE"""),55.0)
B58: =IFERROR(__xludf.DUMMYFUNCTION("""COMPUTED_VALUE"""),56.0)
B59: =IFERROR(__xludf.DUMMYFUNCTION("""COMPUTED_VALUE"""),57.0)
B60: =IFERROR(__xludf.DUMMYFUNCTION("""COMPUTED_VALUE"""),58.0)
B61: =IFERROR(__xludf.DUMMYFUNCTION("""COMPUTED_VALUE"""),59.0)
B62: =IFERROR(__xludf.DUMMYFUNCTION("""COMPUTED_VALUE"""),60.0)
B63: =IFERROR(__xludf.DUMMYFUNCTION("""COMPUTED_VALUE"""),61.0)
B64: =IFERROR(__xludf.DUMMYFUNCTION("""COMPUTED_VALUE"""),62.0)
B65: =IFERROR(__xludf.DUMMYFUNCTION("""COMPUTED_VALUE"""),63.0)
B66: =IFERROR(__xludf.DUMMYFUNCTION("""COMPUTED_VALUE"""),64.0)
B67: =IFERROR(__xludf.DUMMYFUNCTION("""COMPUTED_VALUE"""),65.0)
B68: =IFERROR(__xludf.DUMMYFUNCTION("""COMPUTED_VALUE"""),66.0)
B69: =IFERROR(__xludf.DUMMYFUNCTION("""COMPUTED_VALUE"""),67.0)
B70: =IFERROR(__xludf.DUMMYFUNCTION("""COMPUTED_VALUE"""),68.0)
B71: =IFERROR(__xludf.DUMMYFUNCTION("""COMPUTED_VALUE"""),69.0)
B72: =IFERROR(__xludf.DUMMYFUNCTION("""COMPUTED_VALUE"""),70.0)
B73: =IFERROR(__xludf.DUMMYFUNCTION("""COMPUTED_VALUE"""),71.0)
B74: =IFERROR(__xludf.DUMMYFUNCTION("""COMPUTED_VALUE"""),72.0)
B75: =IFERROR(__xludf.DUMMYFUNCTION("""COMPUTED_VALUE"""),73.0)
B76: =IFERROR(__xludf.DUMMYFUNCTION("""COMPUTED_VALUE"""),74.0)
B77: =IFERROR(__xludf.DUMMYFUNCTION("""COMPUTED_VALUE"""),75.0)
B78: =IFERROR(__xludf.DUMMYFUNCTION("""COMPUTED_VALUE"""),76.0)
B79: =IFERROR(__xludf.DUMMYFUNCTION("""COMPUTED_VALUE"""),77.0)
B80: =IFERROR(__xludf.DUMMYFUNCTION("""COMPUTED_VALUE"""),78.0)
B81: =IFERROR(__xludf.DUMMYFUNCTION("""COMPUTED_VALUE"""),79.0)
B82: =IFERROR(__xludf.DUMMYFUNCTION("""COMPUTED_VALUE"""),80.0)
B83: =IFERROR(__xludf.DUMMYFUNCTION("""COMPUTED_VALUE"""),81.0)
B84: =IFERROR(__xludf.DUMMYFUNCTION("""COMPUTED_VALUE"""),82.0)
B85: =IFERROR(__xludf.DUMMYFUNCTION("""COMPUTED_VALUE"""),83.0)
B86: =IFERROR(__xludf.DUMMYFUNCTION("""COMPUTED_VALUE"""),84.0)
B87: =IFERROR(__xludf.DUMMYFUNCTION("""COMPUTED_VALUE"""),85.0)
B88: =IFERROR(__xludf.DUMMYFUNCTION("""COMPUTED_VALUE"""),86.0)
B89: =IFERROR(__xludf.DUMMYFUNCTION("""COMPUTED_VALUE"""),87.0)
B90: =IFERROR(__xludf.DUMMYFUNCTION("""COMPUTED_VALUE"""),88.0)
B91: =IFERROR(__xludf.DUMMYFUNCTION("""COMPUTED_VALUE"""),89.0)
B92: =IFERROR(__xludf.DUMMYFUNCTION("""COMPUTED_VALUE"""),90.0)
B93: =IFERROR(__xludf.DUMMYFUNCTION("""COMPUTED_VALUE"""),91.0)
B94: =IFERROR(__xludf.DUMMYFUNCTION("""COMPUTED_VALUE"""),92.0)
B95: =IFERROR(__xludf.DUMMYFUNCTION("""COMPUTED_VALUE"""),93.0)
B96: =IFERROR(__xludf.DUMMYFUNCTION("""COMPUTED_VALUE"""),94.0)
B97: =IFERROR(__xludf.DUMMYFUNCTION("""COMPUTED_VALUE"""),95.0)
B98: =IFERROR(__xludf.DUMMYFUNCTION("""COMPUTED_VALUE"""),96.0)
B99: =IFERROR(__xludf.DUMMYFUNCTION("""COMPUTED_VALUE"""),97.0)
B100: =IFERROR(__xludf.DUMMYFUNCTION("""COMPUTED_VALUE"""),98.0)
...

Sheet Abteilungsgewichte
A1: Week | B1: Abteilung | C1: Bereich | D1: Zugaenge_kg | E1: Bewegungen_kg | F1: Differenz_kg | G1: Netto_kg
A2: 102614 | B2: Andere | C2: A-02-59-1 | D2: 9600 | E2: 0 | F2: 9600 | G2: 9600
A3: 102614 | B3: Andere | C3: FALEHMANNM | D3: 9600 | E3: 0 | F3: 9600 | G3: 9600
A4: 172026 | B4: Andere | C4: UNBEKANNT | D4: 276 | E4: 0 | F4: 276 | G4: 276
A5: 182026 | B5: Andere | C5: UNBEKANNT | D5: 192 | E5: 0 | F5: 192 | G5: 192
A6: 192026 | B6: Andere | C6: UNBEKANNT | D6: 2582 | E6: 0 | F6: 2582 | G6: 2582
A7: 201617 | B7: Andere | C7: UNBEKANNT | D7: 879.6 | E7: 0 | F7: 879.6 | G7: 879.6
A8: 201617 | B8: Andere | C8: ADJ LOC | D8: 639.6 | E8: 0 | F8: 639.6 | G8: 639.6
A9: 201617 | B9: Andere | C9: FAENDERST | D9: 639.6 | E9: 0 | F9: 639.6 | G9: 639.6
A10: 201617 | B10: Andere | C10: BULKLIQUID | D10: 565.82 | E10: 0 | F10: 565.82 | G10: 565.82
A11: 201617 | B11: Andere | C11: D-06-09-1 | D11: 390 | E11: 90 | F11: 300 | G11: 300
A12: 201617 | B12: Andere | C12: FASADEKM | D12: 270 | E12: 0 | F12: 270 | G12: 270
A13: 201617 | B13: Andere | C13: A-01-04-1 | D13: 240 | E13: 0 | F13: 240 | G13: 240
... A1711: 202626 | B1711: Andere | C1711: UNBEKANNT | D1711: 0.01 | E1711: 0 | F1711: 0.01 | G1711: 0.01
