Workbook
Name _4p_ASL_3: #REF!
Name _3p_ASL_1: #REF!
Name new_job_id_long: #REF!
Name new_job_id_staging: #REF!
Name ASL_2: #REF!
Name _2p_ASL_3: #REF!
Name new_job_staging: #REF!
Name _3p_ASL_3: #REF!
Name ASL_4: #REF!
Name ASL_3: #REF!
Name timezone_rack_planning: #REF!
Name _4p_ASL_3: #REF!
Name _2p_ASL_3: #REF!
Name ASL_2: #REF!
Name master_job_staging: #REF!
Name _3p_ASL_1: #REF!
Name ASL_1: #REF!
Name ASL_4: #REF!
Name master_job_separation: #REF!
Name master_job: #REF!
Name master_job_long: #REF!
Name job_inbox: #REF!
Name new_job_separation: #REF!
Name _2p_ASL_1: #REF!
Name new_job_id_separation: #REF!
Name new_job_status_staging: #REF!
Name _4p_ASL_1: #REF!
Name _3p_ASL_3: #REF!
Name new_job_status_separation: #REF!
Name new_job_status: #REF!
Name new_job_long: #REF!
Name _4p_ASL_1: #REF!
Name _2p_ASL_1: #REF!
Name new_job_id: #REF!
Name ASL_1: #REF!
Name ASL_3: #REF!
Name timestamp_rack_planning: #REF!

Sheet Control Panel
C2: Action Panel
C4: Current HF Week | D4: 2026-W19 | F4: Video Anleitungen
F5: Für jeden Schritt gibt es auch Video Anleitungen.
C6: See documentation for some tabs here: | D6: Documentation | F6: Anleitung
B12: 1 | C12: Create RackfileUPLOAD from HALO
F14: Market | G14: Where to pull from | H14: The tab name
C15: Script settings (don't change) | F15: Market | G15: Halo Link | H15: Tab Name
C16: Halo Link (based on the market selected) | D16: {=XLOOKUP(D30,F16:F24,G16:G24,,0)} -> https://docs.google.com/spreadsheets/d/1VRy_bAGXr4TaGPM2D8dsD6YtY2-RWpgyooUQViQEPQs/edit?gid=1096610893#gid=1096610893 | F16: F-DE | G16: https://docs.google.com/spreadsheets/d/1VRy_bAGXr4TaGPM2D8dsD6YtY2-RWpgyooUQViQEPQs/edit?gid=1096610893#gid=1096610893 | H16: [static] exportP2L - DACH
C17: Tab name (based on the market selected) | D17: {=XLOOKUP(D30,F16:F24,H16:H24,,0)} -> [static] exportP2L - DACH | F17: F-Nordics | G17: https://docs.google.com/spreadsheets/d/1VRy_bAGXr4TaGPM2D8dsD6YtY2-RWpgyooUQViQEPQs/edit?gid=549415256#gid=549415256 | H17: [static] exportP2L - Nordics
C18: Folder Id (based on the market selected) | D18: {=XLOOKUP(D30,F16:F24,I16:I24,,0)}
C28: Settings | F28: Last run for: [F-DE] at [30.04.2026 16:44:38]
C29: For which ASLs do you want to generate it? | D29: 3
C30: Which market do you want to use? | D30: F-DE
B35: 2 | C35: Create rack labels
C37: Instructions
B38: 1 | C38: Labels are generated automatically from the RackfileUPLOAD tab.
B39: 2 | C39: Check if everything is correct
B40: 3 | C40: [Optional] Press the resize button to adjust the text size to fit cells
B42: 4 | C42: Export the labels as a PDF so they can be printed. You can adjust print settings in the code
C44: Reset format
C45: If the format got changed or you want to define a new format for the labels, you can change this in the _label formats tab and then click the button below. It takes a while.
B54: 3 | C54: Create the e-label file
C56: Settings
C57: Select ASLs in cell D29 (above)
B60: 4 | C60: Create test box file and QR codes
C62: Instructions
C63: The tool replaces [FILE_NAME] in the template with the file name defined below. Then downloads this as a CSV and saves it. It also creates the accompanying QR codes and exports these as a pdf. Edit the template tab if you want. The script will replace any mention of [FILE_NAME] in any column. See hidden tabs for the working sheets; "test boxfile" & "QR codes"
C65: Replace with:
C66: =D69&"_"&D4&"_TEST_"&TEXT(NOW(),"dd_mm_yyyy") -> F-DE_2026-W19_TEST_01_05_2026
C68: Settings
C69: Which market do you want to use? | D69: F-DE

Sheet I

Sheet exportP2L
A1: =IFERROR(__xludf.DUMMYFUNCTION("IMPORTRANGE('Control Panel'!D16,'Control Panel'!D17&""!A:Z"")"),"Recipe") -> Recipe | B1: =IFERROR(__xludf.DUMMYFUNCTION("""COMPUTED_VALUE"""),"Ingredient") -> Ingredient | C1: =IFERROR(__xludf.DUMMYFUNCTION("""COMPUTED_VALUE"""),"SKU") -> SKU | D1: =IFERROR(__xludf.DUMMYFUNCTION("""COMPUTED_VALUE"""),"Line") -> Line | E1: =IFERROR(__xludf.DUMMYFUNCTION("""COMPUTED_VALUE"""),"FlowRackPosition") -> FlowRackPosition | F1: =IFERROR(__xludf.DUMMYFUNCTION("""COMPUTED_VALUE"""),"Quantity") -> Quantity | G1: =IFERROR(__xludf.DUMMYFUNCTION("""COMPUTED_VALUE"""),"ScanRegEx") -> ScanRegEx | H1: =IFERROR(__xludf.DUMMYFUNCTION("""COMPUTED_VALUE"""),"StorageConditions") -> StorageConditions
A2: =IFERROR(__xludf.DUMMYFUNCTION("""COMPUTED_VALUE"""),"Factor Box Small") -> Factor Box Small | B2: =IFERROR(__xludf.DUMMYFUNCTION("""COMPUTED_VALUE"""),"Factor Box Small") -> Factor Box Small | C2: =IFERROR(__xludf.DUMMYFUNCTION("""COMPUTED_VALUE"""),"Factor Box Small") -> Factor Box Small | D2: =IFERROR(__xludf.DUMMYFUNCTION("""COMPUTED_VALUE"""),"ASL1") -> ASL1 | E2: =IFERROR(__xludf.DUMMYFUNCTION("""COMPUTED_VALUE"""),"F05") -> F05 | F2: =IFERROR(__xludf.DUMMYFUNCTION("""COMPUTED_VALUE"""),1.0) -> 1 | H2: =IFERROR(__xludf.DUMMYFUNCTION("""COMPUTED_VALUE"""),"Packaging") -> Packaging
A3: =IFERROR(__xludf.DUMMYFUNCTION("""COMPUTED_VALUE"""),"Factor Box Medium") -> Factor Box Medium | B3: =IFERROR(__xludf.DUMMYFUNCTION("""COMPUTED_VALUE"""),"Factor Box Medium") -> Factor Box Medium | C3: =IFERROR(__xludf.DUMMYFUNCTION("""COMPUTED_VALUE"""),"Factor Box Medium") -> Factor Box Medium | D3: =IFERROR(__xludf.DUMMYFUNCTION("""COMPUTED_VALUE"""),"ASL1") -> ASL1 | E3: =IFERROR(__xludf.DUMMYFUNCTION("""COMPUTED_VALUE"""),"F03") -> F03 | F3: =IFERROR(__xludf.DUMMYFUNCTION("""COMPUTED_VALUE"""),1.0) -> 1 | H3: =IFERROR(__xludf.DUMMYFUNCTION("""COMPUTED_VALUE"""),"Packaging") -> Packaging
A4: =IFERROR(__xludf.DUMMYFUNCTION("""COMPUTED_VALUE"""),"Factor Box Large") -> Factor Box Large | B4: =IFERROR(__xludf.DUMMYFUNCTION("""COMPUTED_VALUE"""),"Factor Box Large") -> Factor Box Large | C4: =IFERROR(__xludf.DUMMYFUNCTION("""COMPUTED_VALUE"""),"Factor Box Large") -> Factor Box Large | D4: =IFERROR(__xludf.DUMMYFUNCTION("""COMPUTED_VALUE"""),"ASL1") -> ASL1 | E4: =IFERROR(__xludf.DUMMYFUNCTION("""COMPUTED_VALUE"""),"F02") -> F02 | F4: =IFERROR(__xludf.DUMMYFUNCTION("""COMPUTED_VALUE"""),1.0) -> 1 | H4: =IFERROR(__xludf.DUMMYFUNCTION("""COMPUTED_VALUE"""),"Packaging") -> Packaging
A5: =IFERROR(__xludf.DUMMYFUNCTION("""COMPUTED_VALUE"""),"Factor Liner Medium1") -> Factor Liner Medium1 | B5: =IFERROR(__xludf.DUMMYFUNCTION("""COMPUTED_VALUE"""),"Factor Liner Medium1") -> Factor Liner Medium1 | C5: =IFERROR(__xludf.DUMMYFUNCTION("""COMPUTED_VALUE"""),"Factor Liner Medium1") -> Factor Liner Medium1 | D5: =IFERROR(__xludf.DUMMYFUNCTION("""COMPUTED_VALUE"""),"ASL1") -> ASL1 | E5: =IFERROR(__xludf.DUMMYFUNCTION("""COMPUTED_VALUE"""),"F08") -> F08 | F5: =IFERROR(__xludf.DUMMYFUNCTION("""COMPUTED_VALUE"""),1.0) -> 1 | H5: =IFERROR(__xludf.DUMMYFUNCTION("""COMPUTED_VALUE"""),"Packaging") -> Packaging
A6: =IFERROR(__xludf.DUMMYFUNCTION("""COMPUTED_VALUE"""),"Factor Liner Medium2") -> Factor Liner Medium2 | B6: =IFERROR(__xludf.DUMMYFUNCTION("""COMPUTED_VALUE"""),"Factor Liner Medium2") -> Factor Liner Medium2 | C6: =IFERROR(__xludf.DUMMYFUNCTION("""COMPUTED_VALUE"""),"Factor Liner Medium2") -> Factor Liner Medium2 | D6: =IFERROR(__xludf.DUMMYFUNCTION("""COMPUTED_VALUE"""),"ASL1") -> ASL1 | E6: =IFERROR(__xludf.DUMMYFUNCTION("""COMPUTED_VALUE"""),"F12") -> F12 | F6: =IFERROR(__xludf.DUMMYFUNCTION("""COMPUTED_VALUE"""),1.0) -> 1 | H6: =IFERROR(__xludf.DUMMYFUNCTION("""COMPUTED_VALUE"""),"Packaging") -> Packaging
A7: =IFERROR(__xludf.DUMMYFUNCTION("""COMPUTED_VALUE"""),"Factor Liner Large1") -> Factor Liner Large1 | B7: =IFERROR(__xludf.DUMMYFUNCTION("""COMPUTED_VALUE"""),"Factor Liner Large1") -> Factor Liner Large1 | C7: =IFERROR(__xludf.DUMMYFUNCTION("""COMPUTED_VALUE"""),"Factor Liner Large1") -> Factor Liner Large1 | D7: =IFERROR(__xludf.DUMMYFUNCTION("""COMPUTED_VALUE"""),"ASL1") -> ASL1 | E7: =IFERROR(__xludf.DUMMYFUNCTION("""COMPUTED_VALUE"""),"F07") -> F07 | F7: =IFERROR(__xludf.DUMMYFUNCTION("""COMPUTED_VALUE"""),1.0) -> 1 | H7: =IFERROR(__xludf.DUMMYFUNCTION("""COMPUTED_VALUE"""),"Packaging") -> Packaging
A8: =IFERROR(__xludf.DUMMYFUNCTION("""COMPUTED_VALUE"""),"Factor Liner Large2") -> Factor Liner Large2 | B8: =IFERROR(__xludf.DUMMYFUNCTION("""COMPUTED_VALUE"""),"Factor Liner Large2") -> Factor Liner Large2 | C8: =IFERROR(__xludf.DUMMYFUNCTION("""COMPUTED_VALUE"""),"Factor Liner Large2") -> Factor Liner Large2 | D8: =IFERROR(__xludf.DUMMYFUNCTION("""COMPUTED_VALUE"""),"ASL1") -> ASL1 | E8: =IFERROR(__xludf.DUMMYFUNCTION("""COMPUTED_VALUE"""),"F11") -> F11 | F8: =IFERROR(__xludf.DUMMYFUNCTION("""COMPUTED_VALUE"""),1.0) -> 1 | H8: =IFERROR(__xludf.DUMMYFUNCTION("""COMPUTED_VALUE"""),"Packaging") -> Packaging
A9: =IFERROR(__xludf.DUMMYFUNCTION("""COMPUTED_VALUE"""),"Factor Liner Small1") -> Factor Liner Small1 | B9: =IFERROR(__xludf.DUMMYFUNCTION("""COMPUTED_VALUE"""),"Factor Liner Small1") -> Factor Liner Small1 | C9: =IFERROR(__xludf.DUMMYFUNCTION("""COMPUTED_VALUE"""),"Factor Liner Small1") -> Factor Liner Small1 | D9: =IFERROR(__xludf.DUMMYFUNCTION("""COMPUTED_VALUE"""),"ASL1") -> ASL1 | E9: =IFERROR(__xludf.DUMMYFUNCTION("""COMPUTED_VALUE"""),"F06") -> F06 | F9: =IFERROR(__xludf.DUMMYFUNCTION("""COMPUTED_VALUE"""),1.0) -> 1 | H9: =IFERROR(__xludf.DUMMYFUNCTION("""COMPUTED_VALUE"""),"Packaging") -> Packaging
A10: =IFERROR(__xludf.DUMMYFUNCTION("""COMPUTED_VALUE"""),"Factor Liner Small2") -> Factor Liner Small2 | B10: =IFERROR(__xludf.DUMMYFUNCTION("""COMPUTED_VALUE"""),"Factor Liner Small2") -> Factor Liner Small2 | C10: =IFERROR(__xludf.DUMMYFUNCTION("""COMPUTED_VALUE"""),"Factor Liner Small2") -> Factor Liner Small2 | D10: =IFERROR(__xludf.DUMMYFUNCTION("""COMPUTED_VALUE"""),"ASL1") -> ASL1 | E10: =IFERROR(__xludf.DUMMYFUNCTION("""COMPUTED_VALUE"""),"F10") -> F10 | F10: =IFERROR(__xludf.DUMMYFUNCTION("""COMPUTED_VALUE"""),1.0) -> 1 | H10: =IFERROR(__xludf.DUMMYFUNCTION("""COMPUTED_VALUE"""),"Packaging") -> Packaging
A11: =IFERROR(__xludf.DUMMYFUNCTION("""COMPUTED_VALUE"""),"FR1") -> FR1 | B11: =IFERROR(__xludf.DUMMYFUNCTION("""COMPUTED_VALUE"""),"FA-DE Freebies") -> FA-DE Freebies | C11: =IFERROR(__xludf.DUMMYFUNCTION("""COMPUTED_VALUE"""),"Loyalties") -> Loyalties | D11: =IFERROR(__xludf.DUMMYFUNCTION("""COMPUTED_VALUE"""),"ASL1") -> ASL1 | E11: =IFERROR(__xludf.DUMMYFUNCTION("""COMPUTED_VALUE"""),"F143") -> F143 | F11: =IFERROR(__xludf.DUMMYFUNCTION("""COMPUTED_VALUE"""),1.0) -> 1 | H11: =IFERROR(__xludf.DUMMYFUNCTION("""COMPUTED_VALUE"""),"Chilled") -> Chilled
A12: =IFERROR(__xludf.DUMMYFUNCTION("""COMPUTED_VALUE"""),"WB1") -> WB1 | B12: =IFERROR(__xludf.DUMMYFUNCTION("""COMPUTED_VALUE"""),"FA-DE Welcome Booklet") -> FA-DE Welcome Booklet | C12: =IFERROR(__xludf.DUMMYFUNCTION("""COMPUTED_VALUE"""),"Loyalties") -> Loyalties | D12: =IFERROR(__xludf.DUMMYFUNCTION("""COMPUTED_VALUE"""),"ASL1") -> ASL1 | E12: =IFERROR(__xludf.DUMMYFUNCTION("""COMPUTED_VALUE"""),"F142") -> F142 | F12: =IFERROR(__xludf.DUMMYFUNCTION("""COMPUTED_VALUE"""),1.0) -> 1 | H12: =IFERROR(__xludf.DUMMYFUNCTION("""COMPUTED_VALUE"""),"Chilled") -> Chilled
A13: =IFERROR(__xludf.DUMMYFUNCTION("""COMPUTED_VALUE"""),"FLY1") -> FLY1 | B13: =IFERROR(__xludf.DUMMYFUNCTION("""COMPUTED_VALUE"""),"FA-DE First Box - Flyer about program") -> FA-DE First Box - Flyer about program | C13: =IFERROR(__xludf.DUMMYFUNCTION("""COMPUTED_VALUE"""),"Loyalties") -> Loyalties | D13: =IFERROR(__xludf.DUMMYFUNCTION("""COMPUTED_VALUE"""),"ASL1") -> ASL1 | E13: =IFERROR(__xludf.DUMMYFUNCTION("""COMPUTED_VALUE"""),"F141") -> F141 | F13: =IFERROR(__xludf.DUMMYFUNCTION("""COMPUTED_VALUE"""),1.0) -> 1 | H13: =IFERROR(__xludf.DUMMYFUNCTION("""COMPUTED_VALUE"""),"Chilled") -> Chilled
A14: =IFERROR(__xludf.DUMMYFUNCTION("""COMPUTED_VALUE"""),"BAG1") -> BAG1 | B14: =IFERROR(__xludf.DUMMYFUNCTION("""COMPUTED_VALUE"""),"FA-DE Second Box - Tote Bag") -> FA-DE Second Box - Tote Bag | C14: =IFERROR(__xludf.DUMMYFUNCTION("""COMPUTED_VALUE"""),"Loyalties") -> Loyalties | D14: =IFERROR(__xludf.DUMMYFUNCTION("""COMPUTED_VALUE"""),"ASL1") -> ASL1 | E14: =IFERROR(__xludf.DUMMYFUNCTION("""COMPUTED_VALUE"""),"F139") -> F139 | F14: =IFERROR(__xludf.DUMMYFUNCTION("""COMPUTED_VALUE"""),1.0) -> 1 | H14: =IFERROR(__xludf.DUMMYFUNCTION("""COMPUTED_VALUE"""),"Chilled") -> Chilled
A15: =IFERROR(__xludf.DUMMYFUNCTION("""COMPUTED_VALUE"""),"FLY2") -> FLY2 | B15: =IFERROR(__xludf.DUMMYFUNCTION("""COMPUTED_VALUE"""),"FA-DE Second Box - Flyer") -> FA-DE Second Box - Flyer | C15: =IFERROR(__xludf.DUMMYFUNCTION("""COMPUTED_VALUE"""),"Loyalties") -> Loyalties | D15: =IFERROR(__xludf.DUMMYFUNCTION("""COMPUTED_VALUE"""),"ASL1") -> ASL1 | E15: =IFERROR(__xludf.DUMMYFUNCTION("""COMPUTED_VALUE"""),"F140") -> F140 | F15: =IFERROR(__xludf.DUMMYFUNCTION("""COMPUTED_VALUE"""),1.0) -> 1 | H15: =IFERROR(__xludf.DUMMYFUNCTION("""COMPUTED_VALUE"""),"Chilled") -> Chilled
A16: =IFERROR(__xludf.DUMMYFUNCTION("""COMPUTED_VALUE"""),"SOC1") -> SOC1 | B16: =IFERROR(__xludf.DUMMYFUNCTION("""COMPUTED_VALUE"""),"FA-DE Third Box - Socks") -> FA-DE Third Box - Socks | C16: =IFERROR(__xludf.DUMMYFUNCTION("""COMPUTED_VALUE"""),"Loyalties") -> Loyalties | D16: =IFERROR(__xludf.DUMMYFUNCTION("""COMPUTED_VALUE"""),"ASL1") -> ASL1 | E16: =IFERROR(__xludf.DUMMYFUNCTION("""COMPUTED_VALUE"""),"F138") -> F138 | F16: =IFERROR(__xludf.DUMMYFUNCTION("""COMPUTED_VALUE"""),1.0) -> 1 | H16: =IFERROR(__xludf.DUMMYFUNCTION("""COMPUTED_VALUE"""),"Chilled") -> Chilled
A17: =IFERROR(__xludf.DUMMYFUNCTION("""COMPUTED_VALUE"""),"FLY3") -> FLY3 | B17: =IFERROR(__xludf.DUMMYFUNCTION("""COMPUTED_VALUE"""),"FA-DE Third Box - Flyer") -> FA-DE Third Box - Flyer | C17: =IFERROR(__xludf.DUMMYFUNCTION("""COMPUTED_VALUE"""),"Loyalties") -> Loyalties | D17: =IFERROR(__xludf.DUMMYFUNCTION("""COMPUTED_VALUE"""),"ASL1") -> ASL1 | E17: =IFERROR(__xludf.DUMMYFUNCTION("""COMPUTED_VALUE"""),"F137") -> F137 | F17: =IFERROR(__xludf.DUMMYFUNCTION("""COMPUTED_VALUE"""),1.0) -> 1 | H17: =IFERROR(__xludf.DUMMYFUNCTION("""COMPUTED_VALUE"""),"Chilled") -> Chilled
A18: =IFERROR(__xludf.DUMMYFUNCTION("""COMPUTED_VALUE"""),"FLA1") -> FLA1 | B18: =IFERROR(__xludf.DUMMYFUNCTION("""COMPUTED_VALUE"""),"FA-DE Fourth Box - Hydroflask") -> FA-DE Fourth Box - Hydroflask | C18: =IFERROR(__xludf.DUMMYFUNCTION("""COMPUTED_VALUE"""),"Loyalties") -> Loyalties | D18: =IFERROR(__xludf.DUMMYFUNCTION("""COMPUTED_VALUE"""),"ASL1") -> ASL1 | E18: =IFERROR(__xludf.DUMMYFUNCTION("""COMPUTED_VALUE"""),"F135") -> F135 | F18: =IFERROR(__xludf.DUMMYFUNCTION("""COMPUTED_VALUE"""),1.0) -> 1 | H18: =IFERROR(__xludf.DUMMYFUNCTION("""COMPUTED_VALUE"""),"Chilled") -> Chilled
A19: =IFERROR(__xludf.DUMMYFUNCTION("""COMPUTED_VALUE"""),"FLY4") -> FLY4 | B19: =IFERROR(__xludf.DUMMYFUNCTION("""COMPUTED_VALUE"""),"FA-DE Fourth Box - Flyer") -> FA-DE Fourth Box - Flyer | C19: =IFERROR(__xludf.DUMMYFUNCTION("""COMPUTED_VALUE"""),"Loyalties") -> Loyalties | D19: =IFERROR(__xludf.DUMMYFUNCTION("""COMPUTED_VALUE"""),"ASL1") -> ASL1 | E19: =IFERROR(__xludf.DUMMYFUNCTION("""COMPUTED_VALUE"""),"F136") -> F136 | F19: =IFERROR(__xludf.DUMMYFUNCTION("""COMPUTED_VALUE"""),1.0) -> 1 | H19: =IFERROR(__xludf.DUMMYFUNCTION("""COMPUTED_VALUE"""),"Chilled") -> Chilled
A20: =IFERROR(__xludf.DUMMYFUNCTION("""COMPUTED_VALUE"""),"Ice6") -> Ice6 | B20: =IFERROR(__xludf.DUMMYFUNCTION("""COMPUTED_VALUE"""),"IcePack1") -> IcePack1 | C20: =IFERROR(__xludf.DUMMYFUNCTION("""COMPUTED_VALUE"""),"IcePack") -> IcePack | D20: =IFERROR(__xludf.DUMMYFUNCTION("""COMPUTED_VALUE"""),"ASL1") -> ASL1 | E20: =IFERROR(__xludf.DUMMYFUNCTION("""COMPUTED_VALUE"""),"F144") -> F144 | F20: =IFERROR(__xludf.DUMMYFUNCTION("""COMPUTED_VALUE"""),1.0) -> 1 | H20: =IFERROR(__xludf.DUMMYFUNCTION("""COMPUTED_VALUE"""),"Chilled") -> Chilled
A21: =IFERROR(__xludf.DUMMYFUNCTION("""COMPUTED_VALUE"""),"Ice9") -> Ice9 | B21: =IFERROR(__xludf.DUMMYFUNCTION("""COMPUTED_VALUE"""),"IcePack1") -> IcePack1 | C21: =IFERROR(__xludf.DUMMYFUNCTION("""COMPUTED_VALUE"""),"IcePack") -> IcePack | D21: =IFERROR(__xludf.DUMMYFUNCTION("""COMPUTED_VALUE"""),"ASL1") -> ASL1 | E21: =IFERROR(__xludf.DUMMYFUNCTION("""COMPUTED_VALUE"""),"F144") -> F144 | F21: =IFERROR(__xludf.DUMMYFUNCTION("""COMPUTED_VALUE"""),1.0) -> 1 | H21: =IFERROR(__xludf.DUMMYFUNCTION("""COMPUTED_VALUE"""),"Chilled") -> Chilled
A22: =IFERROR(__xludf.DUMMYFUNCTION("""COMPUTED_VALUE"""),"Ice12") -> Ice12 | B22: =IFERROR(__xludf.DUMMYFUNCTION("""COMPUTED_VALUE"""),"IcePack1") -> IcePack1 | C22: =IFERROR(__xludf.DUMMYFUNCTION("""COMPUTED_VALUE"""),"IcePack") -> IcePack | D22: =IFERROR(__xludf.DUMMYFUNCTION("""COMPUTED_VALUE"""),"ASL1") -> ASL1 | E22: =IFERROR(__xludf.DUMMYFUNCTION("""COMPUTED_VALUE"""),"F144") -> F144 | F22: =IFERROR(__xludf.DUMMYFUNCTION("""COMPUTED_VALUE"""),2.0) -> 2 | H22: =IFERROR(__xludf.DUMMYFUNCTION("""COMPUTED_VALUE"""),"Chilled") -> Chilled
A23: =IFERROR(__xludf.DUMMYFUNCTION("""COMPUTED_VALUE"""),"Ice6") -> Ice6 | B23: =IFERROR(__xludf.DUMMYFUNCTION("""COMPUTED_VALUE"""),"IcePack2") -> IcePack2 | C23: =IFERROR(__xludf.DUMMYFUNCTION("""COMPUTED_VALUE"""),"IcePack") -> IcePack | D23: =IFERROR(__xludf.DUMMYFUNCTION("""COMPUTED_VALUE"""),"ASL1") -> ASL1 | E23: =IFERROR(__xludf.DUMMYFUNCTION("""COMPUTED_VALUE"""),"F105") -> F105 | F23: =IFERROR(__xludf.DUMMYFUNCTION("""COMPUTED_VALUE"""),0.0) -> 0 | H23: =IFERROR(__xludf.DUMMYFUNCTION("""COMPUTED_VALUE"""),"Chilled") -> Chilled
A24: =IFERROR(__xludf.DUMMYFUNCTION("""COMPUTED_VALUE"""),"Ice9") -> Ice9 | B24: =IFERROR(__xludf.DUMMYFUNCTION("""COMPUTED_VALUE"""),"IcePack2") -> IcePack2 | C24: =IFERROR(__xludf.DUMMYFUNCTION("""COMPUTED_VALUE"""),"IcePack") -> IcePack | D24: =IFERROR(__xludf.DUMMYFUNCTION("""COMPUTED_VALUE"""),"ASL1") -> ASL1 | E24: =IFERROR(__xludf.DUMMYFUNCTION("""COMPUTED_VALUE"""),"F105") -> F105 | F24: =IFERROR(__xludf.DUMMYFUNCTION("""COMPUTED_VALUE"""),1.0) -> 1 | H24: =IFERROR(__xludf.DUMMYFUNCTION("""COMPUTED_VALUE"""),"Chilled") -> Chilled
A25: =IFERROR(__xludf.DUMMYFUNCTION("""COMPUTED_VALUE"""),"Ice12") -> Ice12 | B25: =IFERROR(__xludf.DUMMYFUNCTION("""COMPUTED_VALUE"""),"IcePack2") -> IcePack2 | C25: =IFERROR(__xludf.DUMMYFUNCTION("""COMPUTED_VALUE"""),"IcePack") -> IcePack | D25: =IFERROR(__xludf.DUMMYFUNCTION("""COMPUTED_VALUE"""),"ASL1") -> ASL1 | E25: =IFERROR(__xludf.DUMMYFUNCTION("""COMPUTED_VALUE"""),"F105") -> F105 | F25: =IFERROR(__xludf.DUMMYFUNCTION("""COMPUTED_VALUE"""),0.0) -> 0 | H25: =IFERROR(__xludf.DUMMYFUNCTION("""COMPUTED_VALUE"""),"Chilled") -> Chilled
A26: =IFERROR(__xludf.DUMMYFUNCTION("""COMPUTED_VALUE"""),"Ice6") -> Ice6 | B26: =IFERROR(__xludf.DUMMYFUNCTION("""COMPUTED_VALUE"""),"IcePack3") -> IcePack3 | C26: =IFERROR(__xludf.DUMMYFUNCTION("""COMPUTED_VALUE"""),"IcePack") -> IcePack | D26: =IFERROR(__xludf.DUMMYFUNCTION("""COMPUTED_VALUE"""),"ASL1") -> ASL1 | E26: =IFERROR(__xludf.DUMMYFUNCTION("""COMPUTED_VALUE"""),"F127") -> F127 | F26: =IFERROR(__xludf.DUMMYFUNCTION("""COMPUTED_VALUE"""),1.0) -> 1 | H26: =IFERROR(__xludf.DUMMYFUNCTION("""COMPUTED_VALUE"""),"Chilled") -> Chilled
A27: =IFERROR(__xludf.DUMMYFUNCTION("""COMPUTED_VALUE"""),"Ice9") -> Ice9 | B27: =IFERROR(__xludf.DUMMYFUNCTION("""COMPUTED_VALUE"""),"IcePack3") -> IcePack3 | C27: =IFERROR(__xludf.DUMMYFUNCTION("""COMPUTED_VALUE"""),"IcePack") -> IcePack | D27: =IFERROR(__xludf.DUMMYFUNCTION("""COMPUTED_VALUE"""),"ASL1") -> ASL1 | E27: =IFERROR(__xludf.DUMMYFUNCTION("""COMPUTED_VALUE"""),"F127") -> F127 | F27: =IFERROR(__xludf.DUMMYFUNCTION("""COMPUTED_VALUE"""),1.0) -> 1 | H27: =IFERROR(__xludf.DUMMYFUNCTION("""COMPUTED_VALUE"""),"Chilled") -> Chilled
A28: =IFERROR(__xludf.DUMMYFUNCTION("""COMPUTED_VALUE"""),"Ice12") -> Ice12 | B28: =IFERROR(__xludf.DUMMYFUNCTION("""COMPUTED_VALUE"""),"IcePack3") -> IcePack3 | C28: =IFERROR(__xludf.DUMMYFUNCTION("""COMPUTED_VALUE"""),"IcePack") -> IcePack | D28: =IFERROR(__xludf.DUMMYFUNCTION("""COMPUTED_VALUE"""),"ASL1") -> ASL1 | E28: =IFERROR(__xludf.DUMMYFUNCTION("""COMPUTED_VALUE"""),"F127") -> F127 | F28: =IFERROR(__xludf.DUMMYFUNCTION("""COMPUTED_VALUE"""),2.0) -> 2 | H28: =IFERROR(__xludf.DUMMYFUNCTION("""COMPUTED_VALUE"""),"Chilled") -> Chilled
A29: =IFERROR(__xludf.DUMMYFUNCTION("""COMPUTED_VALUE"""),"220_1p") -> 220_1p | B29: =IFERROR(__xludf.DUMMYFUNCTION("""COMPUTED_VALUE"""),"220 - Free4Life_ Ginger Lemon Apple Wellness Shot_Single") -> 220 - Free4Life_ Ginger Lemon Apple Wellness Shot_Single | C29: =IFERROR(__xludf.DUMMYFUNCTION("""COMPUTED_VALUE"""),"BEV-00-136840-3a") -> BEV-00-136840-3a | D29: =IFERROR(__xludf.DUMMYFUNCTION("""COMPUTED_VALUE"""),"ASL1") -> ASL1 | E29: =IFERROR(__xludf.DUMMYFUNCTION("""COMPUTED_VALUE"""),"F89") -> F89 | F29: =IFERROR(__xludf.DUMMYFUNCTION("""COMPUTED_VALUE"""),1.0) -> 1 | H29: =IFERROR(__xludf.DUMMYFUNCTION("""COMPUTED_VALUE"""),"Chilled") -> Chilled
A30: =IFERROR(__xludf.DUMMYFUNCTION("""COMPUTED_VALUE"""),"221_1p") -> 221_1p | B30: =IFERROR(__xludf.DUMMYFUNCTION("""COMPUTED_VALUE"""),"221 - Free4Life_ Spirulina Ginger Lime Ginger Shot_Single") -> 221 - Free4Life_ Spirulina Ginger Lime Ginger Shot_Single | C30: =IFERROR(__xludf.DUMMYFUNCTION("""COMPUTED_VALUE"""),"BEV-00-137951-2a") -> BEV-00-137951-2a | D30: =IFERROR(__xludf.DUMMYFUNCTION("""COMPUTED_VALUE"""),"ASL1") -> ASL1 | E30: =IFERROR(__xludf.DUMMYFUNCTION("""COMPUTED_VALUE"""),"F112") -> F112 | F30: =IFERROR(__xludf.DUMMYFUNCTION("""COMPUTED_VALUE"""),1.0) -> 1 | H30: =IFERROR(__xludf.DUMMYFUNCTION("""COMPUTED_VALUE"""),"Chilled") -> Chilled
A31: =IFERROR(__xludf.DUMMYFUNCTION("""COMPUTED_VALUE"""),"222_1p") -> 222_1p | B31: =IFERROR(__xludf.DUMMYFUNCTION("""COMPUTED_VALUE"""),"222 - Free4Life_ Turmeric Cayenne Pineapple Ginger Shot_Single") -> 222 - Free4Life_ Turmeric Cayenne Pineapple Ginger Shot_Single | C31: =IFERROR(__xludf.DUMMYFUNCTION("""COMPUTED_VALUE"""),"BEV-00-137952-2a") -> BEV-00-137952-2a | D31: =IFERROR(__xludf.DUMMYFUNCTION("""COMPUTED_VALUE"""),"ASL1") -> ASL1 | E31: =IFERROR(__xludf.DUMMYFUNCTION("""COMPUTED_VALUE"""),"F124") -> F124 | F31: =IFERROR(__xludf.DUMMYFUNCTION("""COMPUTED_VALUE"""),1.0) -> 1 | H31: =IFERROR(__xludf.DUMMYFUNCTION("""COMPUTED_VALUE"""),"Chilled") -> Chilled
A32: =IFERROR(__xludf.DUMMYFUNCTION("""COMPUTED_VALUE"""),"301_1p") -> 301_1p | B32: =IFERROR(__xludf.DUMMYFUNCTION("""COMPUTED_VALUE"""),"565072 - Gegrilltes Hähnchen mit Ratatouille") -> 565072 - Gegrilltes Hähnchen mit Ratatouille | C32: =IFERROR(__xludf.DUMMYFUNCTION("""COMPUTED_VALUE"""),"CON-00-136674-3") -> CON-00-136674-3 | D32: =IFERROR(__xludf.DUMMYFUNCTION("""COMPUTED_VALUE"""),"ASL1") -> ASL1 | E32: =IFERROR(__xludf.DUMMYFUNCTION("""COMPUTED_VALUE"""),"F97") -> F97 | F32: =IFERROR(__xludf.DUMMYFUNCTION("""COMPUTED_VALUE"""),1.0) -> 1 | H32: =IFERROR(__xludf.DUMMYFUNCTION("""COMPUTED_VALUE"""),"Chilled") -> Chilled
A33: =IFERROR(__xludf.DUMMYFUNCTION("""COMPUTED_VALUE"""),"302_1p") -> 302_1p | B33: =IFERROR(__xludf.DUMMYFUNCTION("""COMPUTED_VALUE"""),"565209 - Grünes Chili-Hähnchen mit Quinoa-Salsa") -> 565209 - Grünes Chili-Hähnchen mit Quinoa-Salsa | C33: =IFERROR(__xludf.DUMMYFUNCTION("""COMPUTED_VALUE"""),"CON-00-152205-2") -> CON-00-152205-2 | D33: =IFERROR(__xludf.DUMMYFUNCTION("""COMPUTED_VALUE"""),"ASL1") -> ASL1 | E33: =IFERROR(__xludf.DUMMYFUNCTION("""COMPUTED_VALUE"""),"F133") -> F133 | F33: =IFERROR(__xludf.DUMMYFUNCTION("""COMPUTED_VALUE"""),1.0) -> 1 | H33: =IFERROR(__xludf.DUMMYFUNCTION("""COMPUTED_VALUE"""),"Chilled") -> Chilled
A34: =IFERROR(__xludf.DUMMYFUNCTION("""COMPUTED_VALUE"""),"303_1p") -> 303_1p | B34: =IFERROR(__xludf.DUMMYFUNCTION("""COMPUTED_VALUE"""),"565309 - Geschmortes Rind in Kräuterjus") -> 565309 - Geschmortes Rind in Kräuterjus | C34: =IFERROR(__xludf.DUMMYFUNCTION("""COMPUTED_VALUE"""),"CON-00-136698-3") -> CON-00-136698-3 | D34: =IFERROR(__xludf.DUMMYFUNCTION("""COMPUTED_VALUE"""),"ASL1") -> ASL1 | E34: =IFERROR(__xludf.DUMMYFUNCTION("""COMPUTED_VALUE"""),"F88") -> F88 | F34: =IFERROR(__xludf.DUMMYFUNCTION("""COMPUTED_VALUE"""),1.0) -> 1 | H34: =IFERROR(__xludf.DUMMYFUNCTION("""COMPUTED_VALUE"""),"Chilled") -> Chilled
A35: =IFERROR(__xludf.DUMMYFUNCTION("""COMPUTED_VALUE"""),"304_1p") -> 304_1p | B35: =IFERROR(__xludf.DUMMYFUNCTION("""COMPUTED_VALUE"""),"565064 - Lachs in Senf-Dill-Sauce") -> 565064 - Lachs in Senf-Dill-Sauce | C35: =IFERROR(__xludf.DUMMYFUNCTION("""COMPUTED_VALUE"""),"CON-00-137745-2") -> CON-00-137745-2 | D35: =IFERROR(__xludf.DUMMYFUNCTION("""COMPUTED_VALUE"""),"ASL1") -> ASL1 | E35: =IFERROR(__xludf.DUMMYFUNCTION("""COMPUTED_VALUE"""),"F55") -> F55 | F35: =IFERROR(__xludf.DUMMYFUNCTION("""COMPUTED_VALUE"""),1.0) -> 1 | H35: =IFERROR(__xludf.DUMMYFUNCTION("""COMPUTED_VALUE"""),"Chilled") -> Chilled
A36: =IFERROR(__xludf.DUMMYFUNCTION("""COMPUTED_VALUE"""),"305_1p") -> 305_1p | B36: =IFERROR(__xludf.DUMMYFUNCTION("""COMPUTED_VALUE"""),"565178 - Westafrikanisches Hähnchen-Erdnuss-Curry") -> 565178 - Westafrikanisches Hähnchen-Erdnuss-Curry | C36: =IFERROR(__xludf.DUMMYFUNCTION("""COMPUTED_VALUE"""),"CON-00-150748-2") -> CON-00-150748-2 | D36: =IFERROR(__xludf.DUMMYFUNCTION("""COMPUTED_VALUE"""),"ASL1") -> ASL1 | E36: =IFERROR(__xludf.DUMMYFUNCTION("""COMPUTED_VALUE"""),"F109") -> F109 | F36: =IFERROR(__xludf.DUMMYFUNCTION("""COMPUTED_VALUE"""),1.0) -> 1 | H36: =IFERROR(__xludf.DUMMYFUNCTION("""COMPUTED_VALUE"""),"Chilled") -> Chilled
A37: =IFERROR(__xludf.DUMMYFUNCTION("""COMPUTED_VALUE"""),"306_1p") -> 306_1p | B37: =IFERROR(__xludf.DUMMYFUNCTION("""COMPUTED_VALUE"""),"565189 - Lachs Piccata") -> 565189 - Lachs Piccata | C37: =IFERROR(__xludf.DUMMYFUNCTION("""COMPUTED_VALUE"""),"CON-00-152025-2") -> CON-00-152025-2 | D37: =IFERROR(__xludf.DUMMYFUNCTION("""COMPUTED_VALUE"""),"ASL1") -> ASL1 | E37: =IFERROR(__xludf.DUMMYFUNCTION("""COMPUTED_VALUE"""),"F96") -> F96 | F37: =IFERROR(__xludf.DUMMYFUNCTION("""COMPUTED_VALUE"""),1.0) -> 1 | H37: =IFERROR(__xludf.DUMMYFUNCTION("""COMPUTED_VALUE"""),"Chilled") -> Chilled
A38: =IFERROR(__xludf.DUMMYFUNCTION("""COMPUTED_VALUE"""),"307_1p") -> 307_1p | B38: =IFERROR(__xludf.DUMMYFUNCTION("""COMPUTED_VALUE"""),"565164 - Hähnchen mit karamellisierten Zwiebeln & Emmentaler-Fondue") -> 565164 - Hähnchen mit karamellisierten Zwiebeln & Emmentaler-Fondue | C38: =IFERROR(__xludf.DUMMYFUNCTION("""COMPUTED_VALUE"""),"CON-00-148220-2") -> CON-00-148220-2 | D38: =IFERROR(__xludf.DUMMYFUNCTION("""COMPUTED_VALUE"""),"ASL1") -> ASL1 | E38: =IFERROR(__xludf.DUMMYFUNCTION("""COMPUTED_VALUE"""),"F92") -> F92 | F38: =IFERROR(__xludf.DUMMYFUNCTION("""COMPUTED_VALUE"""),1.0) -> 1 | H38: =IFERROR(__xludf.DUMMYFUNCTION("""COMPUTED_VALUE"""),"Chilled") -> Chilled
A39: =IFERROR(__xludf.DUMMYFUNCTION("""COMPUTED_VALUE"""),"308_1p") -> 308_1p | B39: =IFERROR(__xludf.DUMMYFUNCTION("""COMPUTED_VALUE"""),"565043 - Würziges Hähnchen mit Jalapeño, Limette und Cheddar") -> 565043 - Würziges Hähnchen mit Jalapeño, Limette und Cheddar | C39: =IFERROR(__xludf.DUMMYFUNCTION("""COMPUTED_VALUE"""),"CON-00-136638-3") -> CON-00-136638-3 | D39: =IFERROR(__xludf.DUMMYFUNCTION("""COMPUTED_VALUE"""),"ASL1") -> ASL1 | E39: =IFERROR(__xludf.DUMMYFUNCTION("""COMPUTED_VALUE"""),"F65") -> F65 | F39: =IFERROR(__xludf.DUMMYFUNCTION("""COMPUTED_VALUE"""),1.0) -> 1 | H39: =IFERROR(__xludf.DUMMYFUNCTION("""COMPUTED_VALUE"""),"Chilled") -> Chilled
A40: =IFERROR(__xludf.DUMMYFUNCTION("""COMPUTED_VALUE"""),"309_1p") -> 309_1p | B40: =IFERROR(__xludf.DUMMYFUNCTION("""COMPUTED_VALUE"""),"565244 - Cremiges Tomaten-Risotto") -> 565244 - Cremiges Tomaten-Risotto | C40: =IFERROR(__xludf.DUMMYFUNCTION("""COMPUTED_VALUE"""),"CON-00-136629-3") -> CON-00-136629-3 | D40: =IFERROR(__xludf.DUMMYFUNCTION("""COMPUTED_VALUE"""),"ASL1") -> ASL1 | E40: =IFERROR(__xludf.DUMMYFUNCTION("""COMPUTED_VALUE"""),"F134") -> F134 | F40: =IFERROR(__xludf.DUMMYFUNCTION("""COMPUTED_VALUE"""),1.0) -> 1 | H40: =IFERROR(__xludf.DUMMYFUNCTION("""COMPUTED_VALUE"""),"Chilled") -> Chilled
A41: =IFERROR(__xludf.DUMMYFUNCTION("""COMPUTED_VALUE"""),"310_1p") -> 310_1p | B41: =IFERROR(__xludf.DUMMYFUNCTION("""COMPUTED_VALUE"""),"565141 - Zucchini-Paprika-Ratatouille") -> 565141 - Zucchini-Paprika-Ratatouille | C41: =IFERROR(__xludf.DUMMYFUNCTION("""COMPUTED_VALUE"""),"CON-00-136634-3") -> CON-00-136634-3 | D41: =IFERROR(__xludf.DUMMYFUNCTION("""COMPUTED_VALUE"""),"ASL1") -> ASL1 | E41: =IFERROR(__xludf.DUMMYFUNCTION("""COMPUTED_VALUE"""),"F126") -> F126 | F41: =IFERROR(__xludf.DUMMYFUNCTION("""COMPUTED_VALUE"""),1.0) -> 1 | H41: =IFERROR(__xludf.DUMMYFUNCTION("""COMPUTED_VALUE"""),"Chilled") -> Chilled
A42: =IFERROR(__xludf.DUMMYFUNCTION("""COMPUTED_VALUE"""),"311_1p") -> 311_1p | B42: =IFERROR(__xludf.DUMMYFUNCTION("""COMPUTED_VALUE"""),"565143 - Schweinefilet in cremiger Knoblauch-Senf-Sauce") -> 565143 - Schweinefilet in cremiger Knoblauch-Senf-Sauce | C42: =IFERROR(__xludf.DUMMYFUNCTION("""COMPUTED_VALUE"""),"CON-00-136637-3") -> CON-00-136637-3 | D42: =IFERROR(__xludf.DUMMYFUNCTION("""COMPUTED_VALUE"""),"ASL1") -> ASL1 | E42: =IFERROR(__xludf.DUMMYFUNCTION("""COMPUTED_VALUE"""),"F107") -> F107 | F42: =IFERROR(__xludf.DUMMYFUNCTION("""COMPUTED_VALUE"""),1.0) -> 1 | H42: =IFERROR(__xludf.DUMMYFUNCTION("""COMPUTED_VALUE"""),"Chilled") -> Chilled
A43: =IFERROR(__xludf.DUMMYFUNCTION("""COMPUTED_VALUE"""),"312_1p") -> 312_1p | B43: =IFERROR(__xludf.DUMMYFUNCTION("""COMPUTED_VALUE"""),"565196 - Ají Verde Lachs") -> 565196 - Ají Verde Lachs | C43: =IFERROR(__xludf.DUMMYFUNCTION("""COMPUTED_VALUE"""),"CON-00-151278-2") -> CON-00-151278-2 | D43: =IFERROR(__xludf.DUMMYFUNCTION("""COMPUTED_VALUE"""),"ASL1") -> ASL1 | E43: =IFERROR(__xludf.DUMMYFUNCTION("""COMPUTED_VALUE"""),"F125") -> F125 | F43: =IFERROR(__xludf.DUMMYFUNCTION("""COMPUTED_VALUE"""),1.0) -> 1 | H43: =IFERROR(__xludf.DUMMYFUNCTION("""COMPUTED_VALUE"""),"Chilled") -> Chilled
A44: =IFERROR(__xludf.DUMMYFUNCTION("""COMPUTED_VALUE"""),"313_1p") -> 313_1p | B44: =IFERROR(__xludf.DUMMYFUNCTION("""COMPUTED_VALUE"""),"565130 - Pulled Pork mit roter Chilisauce") -> 565130 - Pulled Pork mit roter Chilisauce | C44: =IFERROR(__xludf.DUMMYFUNCTION("""COMPUTED_VALUE"""),"CON-00-138152-2") -> CON-00-138152-2 | D44: =IFERROR(__xludf.DUMMYFUNCTION("""COMPUTED_VALUE"""),"ASL1") -> ASL1 | E44: =IFERROR(__xludf.DUMMYFUNCTION("""COMPUTED_VALUE"""),"F123") -> F123 | F44: =IFERROR(__xludf.DUMMYFUNCTION("""COMPUTED_VALUE"""),1.0) -> 1 | H44: =IFERROR(__xludf.DUMMYFUNCTION("""COMPUTED_VALUE"""),"Chilled") -> Chilled
A45: =IFERROR(__xludf.DUMMYFUNCTION("""COMPUTED_VALUE"""),"314_1p") -> 314_1p | B45: =IFERROR(__xludf.DUMMYFUNCTION("""COMPUTED_VALUE"""),"565211 - Gegrilltes Hähnchen in Ingwer-Knoblauch-Marinade") -> 565211 - Gegrilltes Hähnchen in Ingwer-Knoblauch-Marinade | C45: =IFERROR(__xludf.DUMMYFUNCTION("""COMPUTED_VALUE"""),"CON-00-152024-2") -> CON-00-152024-2 | D45: =IFERROR(__xludf.DUMMYFUNCTION("""COMPUTED_VALUE"""),"ASL1") -> ASL1 | E45: =IFERROR(__xludf.DUMMYFUNCTION("""COMPUTED_VALUE"""),"F85") -> F85 | F45: =IFERROR(__xludf.DUMMYFUNCTION("""COMPUTED_VALUE"""),1.0) -> 1 | H45: =IFERROR(__xludf.DUMMYFUNCTION("""COMPUTED_VALUE"""),"Chilled") -> Chilled
A46: =IFERROR(__xludf.DUMMYFUNCTION("""COMPUTED_VALUE"""),"315_1p") -> 315_1p | B46: =IFERROR(__xludf.DUMMYFUNCTION("""COMPUTED_VALUE"""),"565091 - Scharfes Rinderhack mit Jalapeños") -> 565091 - Scharfes Rinderhack mit Jalapeños | C46: =IFERROR(__xludf.DUMMYFUNCTION("""COMPUTED_VALUE"""),"CON-00-136694-3") -> CON-00-136694-3 | D46: =IFERROR(__xludf.DUMMYFUNCTION("""COMPUTED_VALUE"""),"ASL1") -> ASL1 | E46: =IFERROR(__xludf.DUMMYFUNCTION("""COMPUTED_VALUE"""),"F62") -> F62 | F46: =IFERROR(__xludf.DUMMYFUNCTION("""COMPUTED_VALUE"""),1.0) -> 1 | H46: =IFERROR(__xludf.DUMMYFUNCTION("""COMPUTED_VALUE"""),"Chilled") -> Chilled
A47: =IFERROR(__xludf.DUMMYFUNCTION("""COMPUTED_VALUE"""),"316_1p") -> 316_1p | B47: =IFERROR(__xludf.DUMMYFUNCTION("""COMPUTED_VALUE"""),"565221 - Lachs-Bowl mit Zitrus-Miso") -> 565221 - Lachs-Bowl mit Zitrus-Miso | C47: =IFERROR(__xludf.DUMMYFUNCTION("""COMPUTED_VALUE"""),"CON-00-154547-2") -> CON-00-154547-2 | D47: =IFERROR(__xludf.DUMMYFUNCTION("""COMPUTED_VALUE"""),"ASL1") -> ASL1 | E47: =IFERROR(__xludf.DUMMYFUNCTION("""COMPUTED_VALUE"""),"F131") -> F131 | F47: =IFERROR(__xludf.DUMMYFUNCTION("""COMPUTED_VALUE"""),1.0) -> 1 | H47: =IFERROR(__xludf.DUMMYFUNCTION("""COMPUTED_VALUE"""),"Chilled") -> Chilled
A48: =IFERROR(__xludf.DUMMYFUNCTION("""COMPUTED_VALUE"""),"317_1p") -> 317_1p | B48: =IFERROR(__xludf.DUMMYFUNCTION("""COMPUTED_VALUE"""),"565252 - Rinderragù mit sonnengetrockneten Tomaten und Pasta") -> 565252 - Rinderragù mit sonnengetrockneten Tomaten und Pasta | C48: =IFERROR(__xludf.DUMMYFUNCTION("""COMPUTED_VALUE"""),"CON-00-155185-3") -> CON-00-155185-3 | D48: =IFERROR(__xludf.DUMMYFUNCTION("""COMPUTED_VALUE"""),"ASL1") -> ASL1 | E48: =IFERROR(__xludf.DUMMYFUNCTION("""COMPUTED_VALUE"""),"F59") -> F59 | F48: =IFERROR(__xludf.DUMMYFUNCTION("""COMPUTED_VALUE"""),1.0) -> 1 | H48: =IFERROR(__xludf.DUMMYFUNCTION("""COMPUTED_VALUE"""),"Chilled") -> Chilled
A49: =IFERROR(__xludf.DUMMYFUNCTION("""COMPUTED_VALUE"""),"318_1p") -> 318_1p | B49: =IFERROR(__xludf.DUMMYFUNCTION("""COMPUTED_VALUE"""),"565095 - Schweinefilet in würziger Ancho-Chili-Sauce") -> 565095 - Schweinefilet in würziger Ancho-Chili-Sauce | C49: =IFERROR(__xludf.DUMMYFUNCTION("""COMPUTED_VALUE"""),"CON-00-136696-3") -> CON-00-136696-3 | D49: =IFERROR(__xludf.DUMMYFUNCTION("""COMPUTED_VALUE"""),"ASL1") -> ASL1 | E49: =IFERROR(__xludf.DUMMYFUNCTION("""COMPUTED_VALUE"""),"F56") -> F56 | F49: =IFERROR(__xludf.DUMMYFUNCTION("""COMPUTED_VALUE"""),1.0) -> 1 | H49: =IFERROR(__xludf.DUMMYFUNCTION("""COMPUTED_VALUE"""),"Chilled") -> Chilled
A50: =IFERROR(__xludf.DUMMYFUNCTION("""COMPUTED_VALUE"""),"206_1p") -> 206_1p | B50: =IFERROR(__xludf.DUMMYFUNCTION("""COMPUTED_VALUE"""),"565119 - Gegrilltes Hähnchen mit Knoblauch-Kräutern") -> 565119 - Gegrilltes Hähnchen mit Knoblauch-Kräutern | C50: =IFERROR(__xludf.DUMMYFUNCTION("""COMPUTED_VALUE"""),"PTN-00-136930-3") -> PTN-00-136930-3 | D50: =IFERROR(__xludf.DUMMYFUNCTION("""COMPUTED_VALUE"""),"ASL1") -> ASL1 | E50: =IFERROR(__xludf.DUMMYFUNCTION("""COMPUTED_VALUE"""),"F106") -> F106 | F50: =IFERROR(__xludf.DUMMYFUNCTION("""COMPUTED_VALUE"""),1.0) -> 1 | H50: =IFERROR(__xludf.DUMMYFUNCTION("""COMPUTED_VALUE"""),"Chilled") -> Chilled
A51: =IFERROR(__xludf.DUMMYFUNCTION("""COMPUTED_VALUE"""),"205_1p") -> 205_1p | B51: =IFERROR(__xludf.DUMMYFUNCTION("""COMPUTED_VALUE"""),"205 - FACTOR_ Ginger Lemon Apple Wellness Shot") -> 205 - FACTOR_ Ginger Lemon Apple Wellness Shot | C51: =IFERROR(__xludf.DUMMYFUNCTION("""COMPUTED_VALUE"""),"BEV-00-136840-3") -> BEV-00-136840-3 | D51: =IFERROR(__xludf.DUMMYFUNCTION("""COMPUTED_VALUE"""),"ASL1") -> ASL1 | E51: =IFERROR(__xludf.DUMMYFUNCTION("""COMPUTED_VALUE"""),"F86") -> F86 | F51: =IFERROR(__xludf.DUMMYFUNCTION("""COMPUTED_VALUE"""),1.0) -> 1 | H51: =IFERROR(__xludf.DUMMYFUNCTION("""COMPUTED_VALUE"""),"Chilled") -> Chilled
A52: =IFERROR(__xludf.DUMMYFUNCTION("""COMPUTED_VALUE"""),"209_1p") -> 209_1p | B52: =IFERROR(__xludf.DUMMYFUNCTION("""COMPUTED_VALUE"""),"209 - FACTOR_ Spirulina Ginger Lime Ginger Shot") -> 209 - FACTOR_ Spirulina Ginger Lime Ginger Shot | C52: =IFERROR(__xludf.DUMMYFUNCTION("""COMPUTED_VALUE"""),"BEV-00-137951-2") -> BEV-00-137951-2 | D52: =IFERROR(__xludf.DUMMYFUNCTION("""COMPUTED_VALUE"""),"ASL1") -> ASL1 | E52: =IFERROR(__xludf.DUMMYFUNCTION("""COMPUTED_VALUE"""),"F110") -> F110 | F52: =IFERROR(__xludf.DUMMYFUNCTION("""COMPUTED_VALUE"""),1.0) -> 1 | H52: =IFERROR(__xludf.DUMMYFUNCTION("""COMPUTED_VALUE"""),"Chilled") -> Chilled
A53: =IFERROR(__xludf.DUMMYFUNCTION("""COMPUTED_VALUE"""),"210_1p") -> 210_1p | B53: =IFERROR(__xludf.DUMMYFUNCTION("""COMPUTED_VALUE"""),"210 - FACTOR_ Turmeric Cayenne Pineapple Ginger Shot") -> 210 - FACTOR_ Turmeric Cayenne Pineapple Ginger Shot | C53: =IFERROR(__xludf.DUMMYFUNCTION("""COMPUTED_VALUE"""),"BEV-00-137952-2") -> BEV-00-137952-2 | D53: =IFERROR(__xludf.DUMMYFUNCTION("""COMPUTED_VALUE"""),"ASL1") -> ASL1 | E53: =IFERROR(__xludf.DUMMYFUNCTION("""COMPUTED_VALUE"""),"F122") -> F122 | F53: =IFERROR(__xludf.DUMMYFUNCTION("""COMPUTED_VALUE"""),1.0) -> 1 | H53: =IFERROR(__xludf.DUMMYFUNCTION("""COMPUTED_VALUE"""),"Chilled") -> Chilled

Sheet RackfileUPLOAD
A1: Recipe | B1: Line | C1: FlowRackPosition | D1: Quantity | E1: SKU | F1: Ingredient | G1: ScanRegEx | H1: LabelPos | I1: UniCode | J1: DisplayName | K1: Gramage | L1: Sort | M1: PortionSize
A2: Factor Box Large | B2: ASL3 | C2: F02 | D2: 1 | E2: Factor Box Large | F2: Factor Box Large | H2: ASL3F02 | I2: ASL3F02 | J2: Factor Box Large | L2: 2 | M2: {=IF(ISNUMBER(LEFT(A2:A3367)+0)*(RIGHT(A2:A3367)="p"),RIGHT(A2:A3367,2),IF(A2:A3367="",,"0p"))} -> 0p
A3: Factor Box Medium | B3: ASL3 | C3: F03 | D3: 1 | E3: Factor Box Medium | F3: Factor Box Medium | H3: ASL3F03 | I3: ASL3F03 | J3: Factor Box Medium | L3: 3 | M3: 0p
A4: Factor Box Small | B4: ASL3 | C4: F05 | D4: 1 | E4: Factor Box Small | F4: Factor Box Small | H4: ASL3F05 | I4: ASL3F05 | J4: Factor Box Small | L4: 5 | M4: 0p
A5: Factor Liner Small1 | B5: ASL3 | C5: F06 | D5: 1 | E5: Factor Liner Small1 | F5: Factor Liner Small1 | H5: ASL3F06 | I5: ASL3F06 | J5: Factor Liner Small1 | L5: 6 | M5: 0p
A6: Factor Liner Large1 | B6: ASL3 | C6: F07 | D6: 1 | E6: Factor Liner Large1 | F6: Factor Liner Large1 | H6: ASL3F07 | I6: ASL3F07 | J6: Factor Liner Large1 | L6: 7 | M6: 0p
A7: Factor Liner Medium1 | B7: ASL3 | C7: F08 | D7: 1 | E7: Factor Liner Medium1 | F7: Factor Liner Medium1 | H7: ASL3F08 | I7: ASL3F08 | J7: Factor Liner Medium1 | L7: 8 | M7: 0p
A8: Factor Liner Small2 | B8: ASL3 | C8: F10 | D8: 1 | E8: Factor Liner Small2 | F8: Factor Liner Small2 | H8: ASL3F10 | I8: ASL3F10 | J8: Factor Liner Small2 | L8: 10 | M8: 0p
A9: Factor Liner Large2 | B9: ASL3 | C9: F11 | D9: 1 | E9: Factor Liner Large2 | F9: Factor Liner Large2 | H9: ASL3F11 | I9: ASL3F11 | J9: Factor Liner Large2 | L9: 11 | M9: 0p
A10: Factor Liner Medium2 | B10: ASL3 | C10: F12 | D10: 1 | E10: Factor Liner Medium2 | F10: Factor Liner Medium2 | H10: ASL3F12 | I10: ASL3F12 | J10: Factor Liner Medium2 | L10: 12 | M10: 0p
A11: 304_1p | B11: ASL3 | C11: F55 | D11: 1 | E11: CON-00-137745-2 | F11: 565064 - Lachs in Senf-Dill-Sauce | H11: ASL3F55 | I11: ASL3F551p | J11: 565064 - Lachs in Senf-Dill-Sauce | L11: 55 | M11: 1p
A12: 318_1p | B12: ASL3 | C12: F56 | D12: 1 | E12: CON-00-136696-3 | F12: 565095 - Schweinefilet in würziger Ancho-Chili-Sauce | H12: ASL3F56 | I12: ASL3F561p | J12: 565095 - Schweinefilet in würziger Ancho-Chili-Sauce | L12: 56 | M12: 1p
A13: 317_1p | B13: ASL3 | C13: F59 | D13: 1 | E13: CON-00-155185-3 | F13: 565252 - Rinderragù mit sonnengetrockneten Tomaten und Pasta | H13: ASL3F59 | I13: ASL3F591p | J13: 565252 - Rinderragù mit sonnengetrockneten Tomaten und Pasta | L13: 59 | M13: 1p
A14: 315_1p | B14: ASL3 | C14: F62 | D14: 1 | E14: CON-00-136694-3 | F14: 565091 - Scharfes Rinderhack mit Jalapeños | H14: ASL3F62 | I14: ASL3F621p | J14: 565091 - Scharfes Rinderhack mit Jalapeños | L14: 62 | M14: 1p
... A53: Ice12 | B53: ASL3 | C53: F144 | D53: 2 | E53: IcePack | F53: IcePack1 | H53: ASL3F144 | I53: ASL3F144 | J53: IcePack1 | L53: 144 | M53: 0p

Sheet II

Sheet Rack labels | HF
A1: Set the rack numbers in column A The ASLs are pulled from the control sheet via a formula
A2: Week Number (pulled from the contol sheet) | B2: =RIGHT('Control Panel'!D4,2) -> 19 | D2: {=IFERROR(INDEX(SORT(UNIQUE(RackfileUPLOAD!$B$2:$B277)),1),"")} -> ASL3 | E2: {=IFERROR(INDEX(SORT(UNIQUE(RackfileUPLOAD!$B$2:$B277)),1),"")} -> ASL3 | F2: {=IFERROR(INDEX(SORT(UNIQUE(RackfileUPLOAD!$B$2:$B277)),1),"")} -> ASL3 | G2: {=IFERROR(INDEX(SORT(UNIQUE(RackfileUPLOAD!$B$2:$B277)),1),"")} -> ASL3 | I2: {=IFERROR(INDEX(SORT(UNIQUE(RackfileUPLOAD!$B$2:$B277)),1),"")} -> ASL3 | J2: {=IFERROR(INDEX(SORT(UNIQUE(RackfileUPLOAD!$B$2:$B277)),1),"")} -> ASL3 | K2: {=IFERROR(INDEX(SORT(UNIQUE(RackfileUPLOAD!$B$2:$B277)),1),"")} -> ASL3 | L2: {=IFERROR(INDEX(SORT(UNIQUE(RackfileUPLOAD!$B$2:$B277)),1),"")} -> ASL3 | O2: {=IFERROR(INDEX(SORT(UNIQUE(RackfileUPLOAD!$B$2:$B277)),2),"")} | P2: {=IFERROR(INDEX(SORT(UNIQUE(RackfileUPLOAD!$B$2:$B277)),2),"")} | Q2: {=IFERROR(INDEX(SORT(UNIQUE(RackfileUPLOAD!$B$2:$B277)),2),"")} | R2: {=IFERROR(INDEX(SORT(UNIQUE(RackfileUPLOAD!$B$2:$B277)),2),"")} | T2: {=IFERROR(INDEX(SORT(UNIQUE(RackfileUPLOAD!$B$2:$B277)),2),"")} | U2: {=IFERROR(INDEX(SORT(UNIQUE(RackfileUPLOAD!$B$2:$B277)),2),"")} | V2: {=IFERROR(INDEX(SORT(UNIQUE(RackfileUPLOAD!$B$2:$B277)),2),"")} | W2: {=IFERROR(INDEX(SORT(UNIQUE(RackfileUPLOAD!$B$2:$B277)),2),"")} | Z2: {=IFERROR(INDEX(SORT(UNIQUE(RackfileUPLOAD!$B$2:$B277)),3),"")} | AA2: {=IFERROR(INDEX(SORT(UNIQUE(RackfileUPLOAD!$B$2:$B277)),3),"")} | AB2: {=IFERROR(INDEX(SORT(UNIQUE(RackfileUPLOAD!$B$2:$B277)),3),"")} | AC2: {=IFERROR(INDEX(SORT(UNIQUE(RackfileUPLOAD!$B$2:$B277)),3),"")} | AE2: {=IFERROR(INDEX(SORT(UNIQUE(RackfileUPLOAD!$B$2:$B277)),3),"")} | AF2: {=IFERROR(INDEX(SORT(UNIQUE(RackfileUPLOAD!$B$2:$B277)),3),"")} | AG2: {=IFERROR(INDEX(SORT(UNIQUE(RackfileUPLOAD!$B$2:$B277)),3),"")} | AH2: {=IFERROR(INDEX(SORT(UNIQUE(RackfileUPLOAD!$B$2:$B277)),3),"")} | AK2: {=IFERROR(INDEX(SORT(UNIQUE(RackfileUPLOAD!$B$2:$B277)),4),"")} | AL2: {=IFERROR(INDEX(SORT(UNIQUE(RackfileUPLOAD!$B$2:$B277)),4),"")} | AM2: {=IFERROR(INDEX(SORT(UNIQUE(RackfileUPLOAD!$B$2:$B277)),4),"")} | AN2: {=IFERROR(INDEX(SORT(UNIQUE(RackfileUPLOAD!$B$2:$B277)),4),"")} | AP2: {=IFERROR(INDEX(SORT(UNIQUE(RackfileUPLOAD!$B$2:$B277)),4),"")} | AQ2: {=IFERROR(INDEX(SORT(UNIQUE(RackfileUPLOAD!$B$2:$B277)),4),"")} | AR2: {=IFERROR(INDEX(SORT(UNIQUE(RackfileUPLOAD!$B$2:$B277)),4),"")} | AS2: {=IFERROR(INDEX(SORT(UNIQUE(RackfileUPLOAD!$B$2:$B277)),4),"")} | AV2: {=IFERROR(INDEX(SORT(UNIQUE(RackfileUPLOAD!$B$2:$B277)),5),"")} | AW2: {=IFERROR(INDEX(SORT(UNIQUE(RackfileUPLOAD!$B$2:$B277)),5),"")} | AX2: {=IFERROR(INDEX(SORT(UNIQUE(RackfileUPLOAD!$B$2:$B277)),5),"")} | AY2: {=IFERROR(INDEX(SORT(UNIQUE(RackfileUPLOAD!$B$2:$B277)),5),"")} | BA2: {=IFERROR(INDEX(SORT(UNIQUE(RackfileUPLOAD!$B$2:$B277)),5),"")} | BB2: {=IFERROR(INDEX(SORT(UNIQUE(RackfileUPLOAD!$B$2:$B277)),5),"")} | BC2: {=IFERROR(INDEX(SORT(UNIQUE(RackfileUPLOAD!$B$2:$B277)),5),"")} | BD2: {=IFERROR(INDEX(SORT(UNIQUE(RackfileUPLOAD!$B$2:$B277)),5),"")} | BG2: {=IFERROR(INDEX(SORT(UNIQUE(RackfileUPLOAD!$B$2:$B277)),6),"")} | BH2: {=IFERROR(INDEX(SORT(UNIQUE(RackfileUPLOAD!$B$2:$B277)),6),"")} | BI2: {=IFERROR(INDEX(SORT(UNIQUE(RackfileUPLOAD!$B$2:$B277)),6),"")} | BJ2: {=IFERROR(INDEX(SORT(UNIQUE(RackfileUPLOAD!$B$2:$B277)),6),"")} | BL2: {=IFERROR(INDEX(SORT(UNIQUE(RackfileUPLOAD!$B$2:$B277)),6),"")} | BM2: {=IFERROR(INDEX(SORT(UNIQUE(RackfileUPLOAD!$B$2:$B277)),6),"")} | BN2: {=IFERROR(INDEX(SORT(UNIQUE(RackfileUPLOAD!$B$2:$B277)),6),"")} | BO2: {=IFERROR(INDEX(SORT(UNIQUE(RackfileUPLOAD!$B$2:$B277)),6),"")}
A4: 13 | D4: =IF(D$2="",,D$2&"_KW "&$B$2&"_F"&$A4) -> ASL3_KW 19_F13 | E4: =IFNA(VLOOKUP(E$2&"F"&$A4,RackfileUPLOAD!$H:$K,3,FALSE),"") | I4: =IF(I$2="",,I$2&"_KW "&$B$2&"_F"&$A4+1) -> ASL3_KW 19_F14 | J4: =IFNA(VLOOKUP(J$2&"F"&$A4+1,RackfileUPLOAD!$H:$K,3,FALSE),"") | O4: =IF(O$2="",,O$2&"_KW "&$B$2&"_F"&$A4) | P4: =IFNA(VLOOKUP(P$2&"F"&$A4,RackfileUPLOAD!$H:$K,3,FALSE),"") | T4: =IF(T$2="",,T$2&"_KW "&$B$2&"_F"&$A4+1) | U4: =IFNA(VLOOKUP(U$2&"F"&$A4+1,RackfileUPLOAD!$H:$K,3,FALSE),"") | Z4: =IF(Z$2="",,Z$2&"_KW "&$B$2&"_F"&$A4) | AA4: =IFNA(VLOOKUP(AA$2&"F"&$A4,RackfileUPLOAD!$H:$K,3,FALSE),"") | AE4: =IF(AE$2="",,AE$2&"_KW "&$B$2&"_F"&$A4+1) | AF4: =IFNA(VLOOKUP(AF$2&"F"&$A4+1,RackfileUPLOAD!$H:$K,3,FALSE),"") | AK4: =IF(AK$2="",,AK$2&"_KW "&$B$2&"_F"&$A4) | AL4: =IFNA(VLOOKUP(AL$2&"F"&$A4,RackfileUPLOAD!$H:$K,3,FALSE),"") | AP4: =IF(AP$2="",,AP$2&"_KW "&$B$2&"_F"&$A4+1) | AQ4: =IFNA(VLOOKUP(AQ$2&"F"&$A4+1,RackfileUPLOAD!$H:$K,3,FALSE),"") | AV4: =IF(AV$2="",,AV$2&"_KW "&$B$2&"_F"&$A4) | AW4: =IFNA(VLOOKUP(AW$2&"F"&$A4,RackfileUPLOAD!$H:$K,3,FALSE),"") | BA4: =IF(BA$2="",,BA$2&"_KW "&$B$2&"_F"&$A4+1) | BB4: =IFNA(VLOOKUP(BB$2&"F"&$A4+1,RackfileUPLOAD!$H:$K,3,FALSE),"") | BG4: =IF(BG$2="",,BG$2&"_KW "&$B$2&"_F"&$A4) | BH4: =IFNA(VLOOKUP(BH$2&"F"&$A4,RackfileUPLOAD!$H:$K,3,FALSE),"") | BL4: =IF(BL$2="",,BL$2&"_KW "&$B$2&"_F"&$A4+1) | BM4: =IFNA(VLOOKUP(BM$2&"F"&$A4+1,RackfileUPLOAD!$H:$K,3,FALSE),"")
E5: =IF(E4="","","2p") | F5: =IF(E4="","","3p") | G5: =IF(E4="","","4p") | J5: =IF(J4="","","2p") | K5: =IF(J4="","","3p") | L5: =IF(J4="","","4p") | P5: =IF(P4="","","2p") | Q5: =IF(P4="","","3p") | R5: =IF(P4="","","4p") | U5: =IF(U4="","","2p") | V5: =IF(U4="","","3p") | W5: =IF(U4="","","4p") | AA5: =IF(AA4="","","2p") | AB5: =IF(AA4="","","3p") | AC5: =IF(AA4="","","4p") | AF5: =IF(AF4="","","2p") | AG5: =IF(AF4="","","3p") | AH5: =IF(AF4="","","4p") | AL5: =IF(AL4="","","2p") | AM5: =IF(AL4="","","3p") | AN5: =IF(AL4="","","4p") | AQ5: =IF(AQ4="","","2p") | AR5: =IF(AQ4="","","3p") | AS5: =IF(AQ4="","","4p") | AW5: =IF(AW4="","","2p") | AX5: =IF(AW4="","","3p") | AY5: =IF(AW4="","","4p") | BB5: =IF(BB4="","","2p") | BC5: =IF(BB4="","","3p") | BD5: =IF(BB4="","","4p") | BH5: =IF(BH4="","","2p") | BI5: =IF(BH4="","","3p") | BJ5: =IF(BH4="","","4p") | BM5: =IF(BM4="","","2p") | BN5: =IF(BM4="","","3p") | BO5: =IF(BM4="","","4p")
E6: =IF(E4="IcePack","",IFNA(VLOOKUP(E$2&"F"&$A4&E5,RackfileUPLOAD!$I:$K,3,FALSE),IFNA(VLOOKUP(E$2&"F"&$A4,RackfileUPLOAD!$I:$K,3,FALSE),""))) | F6: =IF(E4="IcePack","",IFNA(VLOOKUP(E$2&"F"&$A4&F5,RackfileUPLOAD!$I:$K,3,FALSE),IFNA(VLOOKUP(E$2&"F"&$A4,RackfileUPLOAD!$I:$K,3,FALSE),""))) | G6: =IF(E4="IcePack","",IFNA(VLOOKUP(E$2&"F"&$A4&G5,RackfileUPLOAD!$I:$K,3,FALSE),IFNA(VLOOKUP(E$2&"F"&$A4,RackfileUPLOAD!$I:$K,3,FALSE),""))) | J6: =IF(J4="IcePack","",IFNA(VLOOKUP(J$2&"F"&$A4+1&J5,RackfileUPLOAD!$I:$K,3,FALSE),IFNA(VLOOKUP(J$2&"F"&$A4+1,RackfileUPLOAD!$I:$K,3,FALSE),""))) | K6: =IF(J4="IcePack","",IFNA(VLOOKUP(J$2&"F"&$A4+1&K5,RackfileUPLOAD!$I:$K,3,FALSE),IFNA(VLOOKUP(J$2&"F"&$A4+1,RackfileUPLOAD!$I:$K,3,FALSE),""))) | L6: =IF(J4="IcePack","",IFNA(VLOOKUP(J$2&"F"&$A4+1&L5,RackfileUPLOAD!$I:$K,3,FALSE),IFNA(VLOOKUP(J$2&"F"&$A4+1,RackfileUPLOAD!$I:$K,3,FALSE),""))) | P6: =IF(P4="IcePack","",IFNA(VLOOKUP(P$2&"F"&$A4&P5,RackfileUPLOAD!$I:$K,3,FALSE),IFNA(VLOOKUP(P$2&"F"&$A4,RackfileUPLOAD!$I:$K,3,FALSE),""))) | Q6: =IF(P4="IcePack","",IFNA(VLOOKUP(P$2&"F"&$A4&Q5,RackfileUPLOAD!$I:$K,3,FALSE),IFNA(VLOOKUP(P$2&"F"&$A4,RackfileUPLOAD!$I:$K,3,FALSE),""))) | R6: =IF(P4="IcePack","",IFNA(VLOOKUP(P$2&"F"&$A4&R5,RackfileUPLOAD!$I:$K,3,FALSE),IFNA(VLOOKUP(P$2&"F"&$A4,RackfileUPLOAD!$I:$K,3,FALSE),""))) | U6: =IF(U4="IcePack","",IFNA(VLOOKUP(U$2&"F"&$A4+1&U5,RackfileUPLOAD!$I:$K,3,FALSE),IFNA(VLOOKUP(U$2&"F"&$A4+1,RackfileUPLOAD!$I:$K,3,FALSE),""))) | V6: =IF(U4="IcePack","",IFNA(VLOOKUP(U$2&"F"&$A4+1&V5,RackfileUPLOAD!$I:$K,3,FALSE),IFNA(VLOOKUP(U$2&"F"&$A4+1,RackfileUPLOAD!$I:$K,3,FALSE),""))) | W6: =IF(U4="IcePack","",IFNA(VLOOKUP(U$2&"F"&$A4+1&W5,RackfileUPLOAD!$I:$K,3,FALSE),IFNA(VLOOKUP(U$2&"F"&$A4+1,RackfileUPLOAD!$I:$K,3,FALSE),""))) | AA6: =IF(AA4="IcePack","",IFNA(VLOOKUP(AA$2&"F"&$A4&AA5,RackfileUPLOAD!$I:$K,3,FALSE),IFNA(VLOOKUP(AA$2&"F"&$A4,RackfileUPLOAD!$I:$K,3,FALSE),""))) | AB6: =IF(AA4="IcePack","",IFNA(VLOOKUP(AA$2&"F"&$A4&AB5,RackfileUPLOAD!$I:$K,3,FALSE),IFNA(VLOOKUP(AA$2&"F"&$A4,RackfileUPLOAD!$I:$K,3,FALSE),""))) | AC6: =IF(AA4="IcePack","",IFNA(VLOOKUP(AA$2&"F"&$A4&AC5,RackfileUPLOAD!$I:$K,3,FALSE),IFNA(VLOOKUP(AA$2&"F"&$A4,RackfileUPLOAD!$I:$K,3,FALSE),""))) | AF6: =IF(AF4="IcePack","",IFNA(VLOOKUP(AF$2&"F"&$A4+1&AF5,RackfileUPLOAD!$I:$K,3,FALSE),IFNA(VLOOKUP(AF$2&"F"&$A4+1,RackfileUPLOAD!$I:$K,3,FALSE),""))) | AG6: =IF(AF4="IcePack","",IFNA(VLOOKUP(AF$2&"F"&$A4+1&AG5,RackfileUPLOAD!$I:$K,3,FALSE),IFNA(VLOOKUP(AF$2&"F"&$A4+1,RackfileUPLOAD!$I:$K,3,FALSE),""))) | AH6: =IF(AF4="IcePack","",IFNA(VLOOKUP(AF$2&"F"&$A4+1&AH5,RackfileUPLOAD!$I:$K,3,FALSE),IFNA(VLOOKUP(AF$2&"F"&$A4+1,RackfileUPLOAD!$I:$K,3,FALSE),""))) | AL6: =IF(AL4="IcePack","",IFNA(VLOOKUP(AL$2&"F"&$A4&AL5,RackfileUPLOAD!$I:$K,3,FALSE),IFNA(VLOOKUP(AL$2&"F"&$A4,RackfileUPLOAD!$I:$K,3,FALSE),""))) | AM6: =IF(AL4="IcePack","",IFNA(VLOOKUP(AL$2&"F"&$A4&AM5,RackfileUPLOAD!$I:$K,3,FALSE),IFNA(VLOOKUP(AL$2&"F"&$A4,RackfileUPLOAD!$I:$K,3,FALSE),""))) | AN6: =IF(AL4="IcePack","",IFNA(VLOOKUP(AL$2&"F"&$A4&AN5,RackfileUPLOAD!$I:$K,3,FALSE),IFNA(VLOOKUP(AL$2&"F"&$A4,RackfileUPLOAD!$I:$K,3,FALSE),""))) | AQ6: =IF(AQ4="IcePack","",IFNA(VLOOKUP(AQ$2&"F"&$A4+1&AQ5,RackfileUPLOAD!$I:$K,3,FALSE),IFNA(VLOOKUP(AQ$2&"F"&$A4+1,RackfileUPLOAD!$I:$K,3,FALSE),""))) | AR6: =IF(AQ4="IcePack","",IFNA(VLOOKUP(AQ$2&"F"&$A4+1&AR5,RackfileUPLOAD!$I:$K,3,FALSE),IFNA(VLOOKUP(AQ$2&"F"&$A4+1,RackfileUPLOAD!$I:$K,3,FALSE),""))) | AS6: =IF(AQ4="IcePack","",IFNA(VLOOKUP(AQ$2&"F"&$A4+1&AS5,RackfileUPLOAD!$I:$K,3,FALSE),IFNA(VLOOKUP(AQ$2&"F"&$A4+1,RackfileUPLOAD!$I:$K,3,FALSE),""))) | AW6: =IF(AW4="IcePack","",IFNA(VLOOKUP(AW$2&"F"&$A4&AW5,RackfileUPLOAD!$I:$K,3,FALSE),IFNA(VLOOKUP(AW$2&"F"&$A4,RackfileUPLOAD!$I:$K,3,FALSE),""))) | AX6: =IF(AW4="IcePack","",IFNA(VLOOKUP(AW$2&"F"&$A4&AX5,RackfileUPLOAD!$I:$K,3,FALSE),IFNA(VLOOKUP(AW$2&"F"&$A4,RackfileUPLOAD!$I:$K,3,FALSE),""))) | AY6: =IF(AW4="IcePack","",IFNA(VLOOKUP(AW$2&"F"&$A4&AY5,RackfileUPLOAD!$I:$K,3,FALSE),IFNA(VLOOKUP(AW$2&"F"&$A4,RackfileUPLOAD!$I:$K,3,FALSE),""))) | BB6: =IF(BB4="IcePack","",IFNA(VLOOKUP(BB$2&"F"&$A4+1&BB5,RackfileUPLOAD!$I:$K,3,FALSE),IFNA(VLOOKUP(BB$2&"F"&$A4+1,RackfileUPLOAD!$I:$K,3,FALSE),""))) | BC6: =IF(BB4="IcePack","",IFNA(VLOOKUP(BB$2&"F"&$A4+1&BC5,RackfileUPLOAD!$I:$K,3,FALSE),IFNA(VLOOKUP(BB$2&"F"&$A4+1,RackfileUPLOAD!$I:$K,3,FALSE),""))) | BD6: =IF(BB4="IcePack","",IFNA(VLOOKUP(BB$2&"F"&$A4+1&BD5,RackfileUPLOAD!$I:$K,3,FALSE),IFNA(VLOOKUP(BB$2&"F"&$A4+1,RackfileUPLOAD!$I:$K,3,FALSE),""))) | BH6: =IF(BH4="IcePack","",IFNA(VLOOKUP(BH$2&"F"&$A4&BH5,RackfileUPLOAD!$I:$K,3,FALSE),IFNA(VLOOKUP(BH$2&"F"&$A4,RackfileUPLOAD!$I:$K,3,FALSE),""))) | BI6: =IF(BH4="IcePack","",IFNA(VLOOKUP(BH$2&"F"&$A4&BI5,RackfileUPLOAD!$I:$K,3,FALSE),IFNA(VLOOKUP(BH$2&"F"&$A4,RackfileUPLOAD!$I:$K,3,FALSE),""))) | BJ6: =IF(BH4="IcePack","",IFNA(VLOOKUP(BH$2&"F"&$A4&BJ5,RackfileUPLOAD!$I:$K,3,FALSE),IFNA(VLOOKUP(BH$2&"F"&$A4,RackfileUPLOAD!$I:$K,3,FALSE),""))) | BM6: =IF(BM4="IcePack","",IFNA(VLOOKUP(BM$2&"F"&$A4+1&BM5,RackfileUPLOAD!$I:$K,3,FALSE),IFNA(VLOOKUP(BM$2&"F"&$A4+1,RackfileUPLOAD!$I:$K,3,FALSE),""))) | BN6: =IF(BM4="IcePack","",IFNA(VLOOKUP(BM$2&"F"&$A4+1&BN5,RackfileUPLOAD!$I:$K,3,FALSE),IFNA(VLOOKUP(BM$2&"F"&$A4+1,RackfileUPLOAD!$I:$K,3,FALSE),""))) | BO6: =IF(BM4="IcePack","",IFNA(VLOOKUP(BM$2&"F"&$A4+1&BO5,RackfileUPLOAD!$I:$K,3,FALSE),IFNA(VLOOKUP(BM$2&"F"&$A4+1,RackfileUPLOAD!$I:$K,3,FALSE),"")))
A8: =A4+2 -> 15 | D8: =IF(D$2="",,D$2&"_KW "&$B$2&"_F"&$A8) -> ASL3_KW 19_F15 | E8: =IFNA(VLOOKUP(E$2&"F"&$A8,RackfileUPLOAD!$H:$K,3,FALSE),"") | I8: =IF(I$2="",,I$2&"_KW "&$B$2&"_F"&$A8) -> ASL3_KW 19_F15 | J8: =IFNA(VLOOKUP(J$2&"F"&$A8+1,RackfileUPLOAD!$H:$K,3,FALSE),"") | O8: =IF(O$2="",,O$2&"_KW "&$B$2&"_F"&$A8) | P8: =IFNA(VLOOKUP(P$2&"F"&$A8,RackfileUPLOAD!$H:$K,3,FALSE),"") | T8: =IF(T$2="",,T$2&"_KW "&$B$2&"_F"&$A8) | U8: =IFNA(VLOOKUP(U$2&"F"&$A8+1,RackfileUPLOAD!$H:$K,3,FALSE),"") | Z8: =IF(Z$2="",,Z$2&"_KW "&$B$2&"_F"&$A8) | AA8: =IFNA(VLOOKUP(AA$2&"F"&$A8,RackfileUPLOAD!$H:$K,3,FALSE),"") | AE8: =IF(AE$2="",,AE$2&"_KW "&$B$2&"_F"&$A8) | AF8: =IFNA(VLOOKUP(AF$2&"F"&$A8+1,RackfileUPLOAD!$H:$K,3,FALSE),"") | AK8: =IF(AK$2="",,AK$2&"_KW "&$B$2&"_F"&$A8) | AL8: =IFNA(VLOOKUP(AL$2&"F"&$A8,RackfileUPLOAD!$H:$K,3,FALSE),"") | AP8: =IF(AP$2="",,AP$2&"_KW "&$B$2&"_F"&$A8) | AQ8: =IFNA(VLOOKUP(AQ$2&"F"&$A8+1,RackfileUPLOAD!$H:$K,3,FALSE),"") | AV8: =IF(AV$2="",,AV$2&"_KW "&$B$2&"_F"&$A8) | AW8: =IFNA(VLOOKUP(AW$2&"F"&$A8,RackfileUPLOAD!$H:$K,3,FALSE),"") | BA8: =IF(BA$2="",,BA$2&"_KW "&$B$2&"_F"&$A8) | BB8: =IFNA(VLOOKUP(BB$2&"F"&$A8+1,RackfileUPLOAD!$H:$K,3,FALSE),"") | BG8: =IF(BG$2="",,BG$2&"_KW "&$B$2&"_F"&$A8) | BH8: =IFNA(VLOOKUP(BH$2&"F"&$A8,RackfileUPLOAD!$H:$K,3,FALSE),"") | BL8: =IF(BL$2="",,BL$2&"_KW "&$B$2&"_F"&$A8) | BM8: =IFNA(VLOOKUP(BM$2&"F"&$A8+1,RackfileUPLOAD!$H:$K,3,FALSE),"")
E9: =IF(E8="","","2p") | F9: =IF(E8="","","3p") | G9: =IF(E8="","","4p") | J9: =IF(J8="","","2p") | K9: =IF(J8="","","3p") | L9: =IF(J8="","","4p") | P9: =IF(P8="","","2p") | Q9: =IF(P8="","","3p") | R9: =IF(P8="","","4p") | U9: =IF(U8="","","2p") | V9: =IF(U8="","","3p") | W9: =IF(U8="","","4p") | AA9: =IF(AA8="","","2p") | AB9: =IF(AA8="","","3p") | AC9: =IF(AA8="","","4p") | AF9: =IF(AF8="","","2p") | AG9: =IF(AF8="","","3p") | AH9: =IF(AF8="","","4p") | AL9: =IF(AL8="","","2p") | AM9: =IF(AL8="","","3p") | AN9: =IF(AL8="","","4p") | AQ9: =IF(AQ8="","","2p") | AR9: =IF(AQ8="","","3p") | AS9: =IF(AQ8="","","4p") | AW9: =IF(AW8="","","2p") | AX9: =IF(AW8="","","3p") | AY9: =IF(AW8="","","4p") | BB9: =IF(BB8="","","2p") | BC9: =IF(BB8="","","3p") | BD9: =IF(BB8="","","4p") | BH9: =IF(BH8="","","2p") | BI9: =IF(BH8="","","3p") | BJ9: =IF(BH8="","","4p") | BM9: =IF(BM8="","","2p") | BN9: =IF(BM8="","","3p") | BO9: =IF(BM8="","","4p")
E10: =IF(E8="IcePack","",IFNA(VLOOKUP(E$2&"F"&$A8&E9,RackfileUPLOAD!$I:$K,3,FALSE),IFNA(VLOOKUP(E$2&"F"&$A8,RackfileUPLOAD!$I:$K,3,FALSE),""))) | F10: =IF(E8="IcePack","",IFNA(VLOOKUP(E$2&"F"&$A8&F9,RackfileUPLOAD!$I:$K,3,FALSE),IFNA(VLOOKUP(E$2&"F"&$A8,RackfileUPLOAD!$I:$K,3,FALSE),""))) | G10: =IF(E8="IcePack","",IFNA(VLOOKUP(E$2&"F"&$A8&G9,RackfileUPLOAD!$I:$K,3,FALSE),IFNA(VLOOKUP(E$2&"F"&$A8,RackfileUPLOAD!$I:$K,3,FALSE),""))) | J10: =IF(J8="IcePack","",IFNA(VLOOKUP(J$2&"F"&$A8+1&J9,RackfileUPLOAD!$I:$K,3,FALSE),IFNA(VLOOKUP(J$2&"F"&$A8+1,RackfileUPLOAD!$I:$K,3,FALSE),""))) | K10: =IF(J8="IcePack","",IFNA(VLOOKUP(J$2&"F"&$A8+1&K9,RackfileUPLOAD!$I:$K,3,FALSE),IFNA(VLOOKUP(J$2&"F"&$A8+1,RackfileUPLOAD!$I:$K,3,FALSE),""))) | L10: =IF(J8="IcePack","",IFNA(VLOOKUP(J$2&"F"&$A8+1&L9,RackfileUPLOAD!$I:$K,3,FALSE),IFNA(VLOOKUP(J$2&"F"&$A8+1,RackfileUPLOAD!$I:$K,3,FALSE),""))) | P10: =IF(P8="IcePack","",IFNA(VLOOKUP(P$2&"F"&$A8&P9,RackfileUPLOAD!$I:$K,3,FALSE),IFNA(VLOOKUP(P$2&"F"&$A8,RackfileUPLOAD!$I:$K,3,FALSE),""))) | Q10: =IF(P8="IcePack","",IFNA(VLOOKUP(P$2&"F"&$A8&Q9,RackfileUPLOAD!$I:$K,3,FALSE),IFNA(VLOOKUP(P$2&"F"&$A8,RackfileUPLOAD!$I:$K,3,FALSE),""))) | R10: =IF(P8="IcePack","",IFNA(VLOOKUP(P$2&"F"&$A8&R9,RackfileUPLOAD!$I:$K,3,FALSE),IFNA(VLOOKUP(P$2&"F"&$A8,RackfileUPLOAD!$I:$K,3,FALSE),""))) | U10: =IF(U8="IcePack","",IFNA(VLOOKUP(U$2&"F"&$A8+1&U9,RackfileUPLOAD!$I:$K,3,FALSE),IFNA(VLOOKUP(U$2&"F"&$A8+1,RackfileUPLOAD!$I:$K,3,FALSE),""))) | V10: =IF(U8="IcePack","",IFNA(VLOOKUP(U$2&"F"&$A8+1&V9,RackfileUPLOAD!$I:$K,3,FALSE),IFNA(VLOOKUP(U$2&"F"&$A8+1,RackfileUPLOAD!$I:$K,3,FALSE),""))) | W10: =IF(U8="IcePack","",IFNA(VLOOKUP(U$2&"F"&$A8+1&W9,RackfileUPLOAD!$I:$K,3,FALSE),IFNA(VLOOKUP(U$2&"F"&$A8+1,RackfileUPLOAD!$I:$K,3,FALSE),""))) | AA10: =IF(AA8="IcePack","",IFNA(VLOOKUP(AA$2&"F"&$A8&AA9,RackfileUPLOAD!$I:$K,3,FALSE),IFNA(VLOOKUP(AA$2&"F"&$A8,RackfileUPLOAD!$I:$K,3,FALSE),""))) | AB10: =IF(AA8="IcePack","",IFNA(VLOOKUP(AA$2&"F"&$A8&AB9,RackfileUPLOAD!$I:$K,3,FALSE),IFNA(VLOOKUP(AA$2&"F"&$A8,RackfileUPLOAD!$I:$K,3,FALSE),""))) | AC10: =IF(AA8="IcePack","",IFNA(VLOOKUP(AA$2&"F"&$A8&AC9,RackfileUPLOAD!$I:$K,3,FALSE),IFNA(VLOOKUP(AA$2&"F"&$A8,RackfileUPLOAD!$I:$K,3,FALSE),""))) | AF10: =IF(AF8="IcePack","",IFNA(VLOOKUP(AF$2&"F"&$A8+1&AF9,RackfileUPLOAD!$I:$K,3,FALSE),IFNA(VLOOKUP(AF$2&"F"&$A8+1,RackfileUPLOAD!$I:$K,3,FALSE),""))) | AG10: =IF(AF8="IcePack","",IFNA(VLOOKUP(AF$2&"F"&$A8+1&AG9,RackfileUPLOAD!$I:$K,3,FALSE),IFNA(VLOOKUP(AF$2&"F"&$A8+1,RackfileUPLOAD!$I:$K,3,FALSE),""))) | AH10: =IF(AF8="IcePack","",IFNA(VLOOKUP(AF$2&"F"&$A8+1&AH9,RackfileUPLOAD!$I:$K,3,FALSE),IFNA(VLOOKUP(AF$2&"F"&$A8+1,RackfileUPLOAD!$I:$K,3,FALSE),""))) | AL10: =IF(AL8="IcePack","",IFNA(VLOOKUP(AL$2&"F"&$A8&AL9,RackfileUPLOAD!$I:$K,3,FALSE),IFNA(VLOOKUP(AL$2&"F"&$A8,RackfileUPLOAD!$I:$K,3,FALSE),""))) | AM10: =IF(AL8="IcePack","",IFNA(VLOOKUP(AL$2&"F"&$A8&AM9,RackfileUPLOAD!$I:$K,3,FALSE),IFNA(VLOOKUP(AL$2&"F"&$A8,RackfileUPLOAD!$I:$K,3,FALSE),""))) | AN10: =IF(AL8="IcePack","",IFNA(VLOOKUP(AL$2&"F"&$A8&AN9,RackfileUPLOAD!$I:$K,3,FALSE),IFNA(VLOOKUP(AL$2&"F"&$A8,RackfileUPLOAD!$I:$K,3,FALSE),""))) | AQ10: =IF(AQ8="IcePack","",IFNA(VLOOKUP(AQ$2&"F"&$A8+1&AQ9,RackfileUPLOAD!$I:$K,3,FALSE),IFNA(VLOOKUP(AQ$2&"F"&$A8+1,RackfileUPLOAD!$I:$K,3,FALSE),""))) | AR10: =IF(AQ8="IcePack","",IFNA(VLOOKUP(AQ$2&"F"&$A8+1&AR9,RackfileUPLOAD!$I:$K,3,FALSE),IFNA(VLOOKUP(AQ$2&"F"&$A8+1,RackfileUPLOAD!$I:$K,3,FALSE),""))) | AS10: =IF(AQ8="IcePack","",IFNA(VLOOKUP(AQ$2&"F"&$A8+1&AS9,RackfileUPLOAD!$I:$K,3,FALSE),IFNA(VLOOKUP(AQ$2&"F"&$A8+1,RackfileUPLOAD!$I:$K,3,FALSE),""))) | AW10: =IF(AW8="IcePack","",IFNA(VLOOKUP(AW$2&"F"&$A8&AW9,RackfileUPLOAD!$I:$K,3,FALSE),IFNA(VLOOKUP(AW$2&"F"&$A8,RackfileUPLOAD!$I:$K,3,FALSE),""))) | AX10: =IF(AW8="IcePack","",IFNA(VLOOKUP(AW$2&"F"&$A8&AX9,RackfileUPLOAD!$I:$K,3,FALSE),IFNA(VLOOKUP(AW$2&"F"&$A8,RackfileUPLOAD!$I:$K,3,FALSE),""))) | AY10: =IF(AW8="IcePack","",IFNA(VLOOKUP(AW$2&"F"&$A8&AY9,RackfileUPLOAD!$I:$K,3,FALSE),IFNA(VLOOKUP(AW$2&"F"&$A8,RackfileUPLOAD!$I:$K,3,FALSE),""))) | BB10: =IF(BB8="IcePack","",IFNA(VLOOKUP(BB$2&"F"&$A8+1&BB9,RackfileUPLOAD!$I:$K,3,FALSE),IFNA(VLOOKUP(BB$2&"F"&$A8+1,RackfileUPLOAD!$I:$K,3,FALSE),""))) | BC10: =IF(BB8="IcePack","",IFNA(VLOOKUP(BB$2&"F"&$A8+1&BC9,RackfileUPLOAD!$I:$K,3,FALSE),IFNA(VLOOKUP(BB$2&"F"&$A8+1,RackfileUPLOAD!$I:$K,3,FALSE),""))) | BD10: =IF(BB8="IcePack","",IFNA(VLOOKUP(BB$2&"F"&$A8+1&BD9,RackfileUPLOAD!$I:$K,3,FALSE),IFNA(VLOOKUP(BB$2&"F"&$A8+1,RackfileUPLOAD!$I:$K,3,FALSE),""))) | BH10: =IF(BH8="IcePack","",IFNA(VLOOKUP(BH$2&"F"&$A8&BH9,RackfileUPLOAD!$I:$K,3,FALSE),IFNA(VLOOKUP(BH$2&"F"&$A8,RackfileUPLOAD!$I:$K,3,FALSE),""))) | BI10: =IF(BH8="IcePack","",IFNA(VLOOKUP(BH$2&"F"&$A8&BI9,RackfileUPLOAD!$I:$K,3,FALSE),IFNA(VLOOKUP(BH$2&"F"&$A8,RackfileUPLOAD!$I:$K,3,FALSE),""))) | BJ10: =IF(BH8="IcePack","",IFNA(VLOOKUP(BH$2&"F"&$A8&BJ9,RackfileUPLOAD!$I:$K,3,FALSE),IFNA(VLOOKUP(BH$2&"F"&$A8,RackfileUPLOAD!$I:$K,3,FALSE),""))) | BM10: =IF(BM8="IcePack","",IFNA(VLOOKUP(BM$2&"F"&$A8+1&BM9,RackfileUPLOAD!$I:$K,3,FALSE),IFNA(VLOOKUP(BM$2&"F"&$A8+1,RackfileUPLOAD!$I:$K,3,FALSE),""))) | BN10: =IF(BM8="IcePack","",IFNA(VLOOKUP(BM$2&"F"&$A8+1&BN9,RackfileUPLOAD!$I:$K,3,FALSE),IFNA(VLOOKUP(BM$2&"F"&$A8+1,RackfileUPLOAD!$I:$K,3,FALSE),""))) | BO10: =IF(BM8="IcePack","",IFNA(VLOOKUP(BM$2&"F"&$A8+1&BO9,RackfileUPLOAD!$I:$K,3,FALSE),IFNA(VLOOKUP(BM$2&"F"&$A8+1,RackfileUPLOAD!$I:$K,3,FALSE),"")))
A12: =A8+2 -> 17 | D12: =IF(D$2="",,D$2&"_KW "&$B$2&"_F"&$A12) -> ASL3_KW 19_F17 | E12: =IFNA(VLOOKUP(E$2&"F"&$A12,RackfileUPLOAD!$H:$K,3,FALSE),"") | I12: =IF(I$2="",,I$2&"_KW "&$B$2&"_F"&$A12) -> ASL3_KW 19_F17 | J12: =IFNA(VLOOKUP(J$2&"F"&$A12+1,RackfileUPLOAD!$H:$K,3,FALSE),"") | O12: =IF(O$2="",,O$2&"_KW "&$B$2&"_F"&$A12) | P12: =IFNA(VLOOKUP(P$2&"F"&$A12,RackfileUPLOAD!$H:$K,3,FALSE),"") | T12: =IF(T$2="",,T$2&"_KW "&$B$2&"_F"&$A12) | U12: =IFNA(VLOOKUP(U$2&"F"&$A12+1,RackfileUPLOAD!$H:$K,3,FALSE),"") | Z12: =IF(Z$2="",,Z$2&"_KW "&$B$2&"_F"&$A12) | AA12: =IFNA(VLOOKUP(AA$2&"F"&$A12,RackfileUPLOAD!$H:$K,3,FALSE),"") | AE12: =IF(AE$2="",,AE$2&"_KW "&$B$2&"_F"&$A12) | AF12: =IFNA(VLOOKUP(AF$2&"F"&$A12+1,RackfileUPLOAD!$H:$K,3,FALSE),"") | AK12: =IF(AK$2="",,AK$2&"_KW "&$B$2&"_F"&$A12) | AL12: =IFNA(VLOOKUP(AL$2&"F"&$A12,RackfileUPLOAD!$H:$K,3,FALSE),"") | AP12: =IF(AP$2="",,AP$2&"_KW "&$B$2&"_F"&$A12) | AQ12: =IFNA(VLOOKUP(AQ$2&"F"&$A12+1,RackfileUPLOAD!$H:$K,3,FALSE),"") | AV12: =IF(AV$2="",,AV$2&"_KW "&$B$2&"_F"&$A12) | AW12: =IFNA(VLOOKUP(AW$2&"F"&$A12,RackfileUPLOAD!$H:$K,3,FALSE),"") | BA12: =IF(BA$2="",,BA$2&"_KW "&$B$2&"_F"&$A12) | BB12: =IFNA(VLOOKUP(BB$2&"F"&$A12+1,RackfileUPLOAD!$H:$K,3,FALSE),"") | BG12: =IF(BG$2="",,BG$2&"_KW "&$B$2&"_F"&$A12) | BH12: =IFNA(VLOOKUP(BH$2&"F"&$A12,RackfileUPLOAD!$H:$K,3,FALSE),"") | BL12: =IF(BL$2="",,BL$2&"_KW "&$B$2&"_F"&$A12) | BM12: =IFNA(VLOOKUP(BM$2&"F"&$A12+1,RackfileUPLOAD!$H:$K,3,FALSE),"")
E13: =IF(E12="","","2p") | F13: =IF(E12="","","3p") | G13: =IF(E12="","","4p") | J13: =IF(J12="","","2p") | K13: =IF(J12="","","3p") | L13: =IF(J12="","","4p") | P13: =IF(P12="","","2p") | Q13: =IF(P12="","","3p") | R13: =IF(P12="","","4p") | U13: =IF(U12="","","2p") | V13: =IF(U12="","","3p") | W13: =IF(U12="","","4p") | AA13: =IF(AA12="","","2p") | AB13: =IF(AA12="","","3p") | AC13: =IF(AA12="","","4p") | AF13: =IF(AF12="","","2p") | AG13: =IF(AF12="","","3p") | AH13: =IF(AF12="","","4p") | AL13: =IF(AL12="","","2p") | AM13: =IF(AL12="","","3p") | AN13: =IF(AL12="","","4p") | AQ13: =IF(AQ12="","","2p") | AR13: =IF(AQ12="","","3p") | AS13: =IF(AQ12="","","4p") | AW13: =IF(AW12="","","2p") | AX13: =IF(AW12="","","3p") | AY13: =IF(AW12="","","4p") | BB13: =IF(BB12="","","2p") | BC13: =IF(BB12="","","3p") | BD13: =IF(BB12="","","4p") | BH13: =IF(BH12="","","2p") | BI13: =IF(BH12="","","3p") | BJ13: =IF(BH12="","","4p") | BM13: =IF(BM12="","","2p") | BN13: =IF(BM12="","","3p") | BO13: =IF(BM12="","","4p")
E14: =IF(E12="IcePack","",IFNA(VLOOKUP(E$2&"F"&$A12&E13,RackfileUPLOAD!$I:$K,3,FALSE),IFNA(VLOOKUP(E$2&"F"&$A12,RackfileUPLOAD!$I:$K,3,FALSE),""))) | F14: =IF(E12="IcePack","",IFNA(VLOOKUP(E$2&"F"&$A12&F13,RackfileUPLOAD!$I:$K,3,FALSE),IFNA(VLOOKUP(E$2&"F"&$A12,RackfileUPLOAD!$I:$K,3,FALSE),""))) | G14: =IF(E12="IcePack","",IFNA(VLOOKUP(E$2&"F"&$A12&G13,RackfileUPLOAD!$I:$K,3,FALSE),IFNA(VLOOKUP(E$2&"F"&$A12,RackfileUPLOAD!$I:$K,3,FALSE),""))) | J14: =IF(J12="IcePack","",IFNA(VLOOKUP(J$2&"F"&$A12+1&J13,RackfileUPLOAD!$I:$K,3,FALSE),IFNA(VLOOKUP(J$2&"F"&$A12+1,RackfileUPLOAD!$I:$K,3,FALSE),""))) | K14: =IF(J12="IcePack","",IFNA(VLOOKUP(J$2&"F"&$A12+1&K13,RackfileUPLOAD!$I:$K,3,FALSE),IFNA(VLOOKUP(J$2&"F"&$A12+1,RackfileUPLOAD!$I:$K,3,FALSE),""))) | L14: =IF(J12="IcePack","",IFNA(VLOOKUP(J$2&"F"&$A12+1&L13,RackfileUPLOAD!$I:$K,3,FALSE),IFNA(VLOOKUP(J$2&"F"&$A12+1,RackfileUPLOAD!$I:$K,3,FALSE),""))) | P14: =IF(P12="IcePack","",IFNA(VLOOKUP(P$2&"F"&$A12&P13,RackfileUPLOAD!$I:$K,3,FALSE),IFNA(VLOOKUP(P$2&"F"&$A12,RackfileUPLOAD!$I:$K,3,FALSE),""))) | Q14: =IF(P12="IcePack","",IFNA(VLOOKUP(P$2&"F"&$A12&Q13,RackfileUPLOAD!$I:$K,3,FALSE),IFNA(VLOOKUP(P$2&"F"&$A12,RackfileUPLOAD!$I:$K,3,FALSE),""))) | R14: =IF(P12="IcePack","",IFNA(VLOOKUP(P$2&"F"&$A12&R13,RackfileUPLOAD!$I:$K,3,FALSE),IFNA(VLOOKUP(P$2&"F"&$A12,RackfileUPLOAD!$I:$K,3,FALSE),""))) | U14: =IF(U12="IcePack","",IFNA(VLOOKUP(U$2&"F"&$A12+1&U13,RackfileUPLOAD!$I:$K,3,FALSE),IFNA(VLOOKUP(U$2&"F"&$A12+1,RackfileUPLOAD!$I:$K,3,FALSE),""))) | V14: =IF(U12="IcePack","",IFNA(VLOOKUP(U$2&"F"&$A12+1&V13,RackfileUPLOAD!$I:$K,3,FALSE),IFNA(VLOOKUP(U$2&"F"&$A12+1,RackfileUPLOAD!$I:$K,3,FALSE),""))) | W14: =IF(U12="IcePack","",IFNA(VLOOKUP(U$2&"F"&$A12+1&W13,RackfileUPLOAD!$I:$K,3,FALSE),IFNA(VLOOKUP(U$2&"F"&$A12+1,RackfileUPLOAD!$I:$K,3,FALSE),""))) | AA14: =IF(AA12="IcePack","",IFNA(VLOOKUP(AA$2&"F"&$A12&AA13,RackfileUPLOAD!$I:$K,3,FALSE),IFNA(VLOOKUP(AA$2&"F"&$A12,RackfileUPLOAD!$I:$K,3,FALSE),""))) | AB14: =IF(AA12="IcePack","",IFNA(VLOOKUP(AA$2&"F"&$A12&AB13,RackfileUPLOAD!$I:$K,3,FALSE),IFNA(VLOOKUP(AA$2&"F"&$A12,RackfileUPLOAD!$I:$K,3,FALSE),""))) | AC14: =IF(AA12="IcePack","",IFNA(VLOOKUP(AA$2&"F"&$A12&AC13,RackfileUPLOAD!$I:$K,3,FALSE),IFNA(VLOOKUP(AA$2&"F"&$A12,RackfileUPLOAD!$I:$K,3,FALSE),""))) | AF14: =IF(AF12="IcePack","",IFNA(VLOOKUP(AF$2&"F"&$A12+1&AF13,RackfileUPLOAD!$I:$K,3,FALSE),IFNA(VLOOKUP(AF$2&"F"&$A12+1,RackfileUPLOAD!$I:$K,3,FALSE),""))) | AG14: =IF(AF12="IcePack","",IFNA(VLOOKUP(AF$2&"F"&$A12+1&AG13,RackfileUPLOAD!$I:$K,3,FALSE),IFNA(VLOOKUP(AF$2&"F"&$A12+1,RackfileUPLOAD!$I:$K,3,FALSE),""))) | AH14: =IF(AF12="IcePack","",IFNA(VLOOKUP(AF$2&"F"&$A12+1&AH13,RackfileUPLOAD!$I:$K,3,FALSE),IFNA(VLOOKUP(AF$2&"F"&$A12+1,RackfileUPLOAD!$I:$K,3,FALSE),""))) | AL14: =IF(AL12="IcePack","",IFNA(VLOOKUP(AL$2&"F"&$A12&AL13,RackfileUPLOAD!$I:$K,3,FALSE),IFNA(VLOOKUP(AL$2&"F"&$A12,RackfileUPLOAD!$I:$K,3,FALSE),""))) | AM14: =IF(AL12="IcePack","",IFNA(VLOOKUP(AL$2&"F"&$A12&AM13,RackfileUPLOAD!$I:$K,3,FALSE),IFNA(VLOOKUP(AL$2&"F"&$A12,RackfileUPLOAD!$I:$K,3,FALSE),""))) | AN14: =IF(AL12="IcePack","",IFNA(VLOOKUP(AL$2&"F"&$A12&AN13,RackfileUPLOAD!$I:$K,3,FALSE),IFNA(VLOOKUP(AL$2&"F"&$A12,RackfileUPLOAD!$I:$K,3,FALSE),""))) | AQ14: =IF(AQ12="IcePack","",IFNA(VLOOKUP(AQ$2&"F"&$A12+1&AQ13,RackfileUPLOAD!$I:$K,3,FALSE),IFNA(VLOOKUP(AQ$2&"F"&$A12+1,RackfileUPLOAD!$I:$K,3,FALSE),""))) | AR14: =IF(AQ12="IcePack","",IFNA(VLOOKUP(AQ$2&"F"&$A12+1&AR13,RackfileUPLOAD!$I:$K,3,FALSE),IFNA(VLOOKUP(AQ$2&"F"&$A12+1,RackfileUPLOAD!$I:$K,3,FALSE),""))) | AS14: =IF(AQ12="IcePack","",IFNA(VLOOKUP(AQ$2&"F"&$A12+1&AS13,RackfileUPLOAD!$I:$K,3,FALSE),IFNA(VLOOKUP(AQ$2&"F"&$A12+1,RackfileUPLOAD!$I:$K,3,FALSE),""))) | AW14: =IF(AW12="IcePack","",IFNA(VLOOKUP(AW$2&"F"&$A12&AW13,RackfileUPLOAD!$I:$K,3,FALSE),IFNA(VLOOKUP(AW$2&"F"&$A12,RackfileUPLOAD!$I:$K,3,FALSE),""))) | AX14: =IF(AW12="IcePack","",IFNA(VLOOKUP(AW$2&"F"&$A12&AX13,RackfileUPLOAD!$I:$K,3,FALSE),IFNA(VLOOKUP(AW$2&"F"&$A12,RackfileUPLOAD!$I:$K,3,FALSE),""))) | AY14: =IF(AW12="IcePack","",IFNA(VLOOKUP(AW$2&"F"&$A12&AY13,RackfileUPLOAD!$I:$K,3,FALSE),IFNA(VLOOKUP(AW$2&"F"&$A12,RackfileUPLOAD!$I:$K,3,FALSE),""))) | BB14: =IF(BB12="IcePack","",IFNA(VLOOKUP(BB$2&"F"&$A12+1&BB13,RackfileUPLOAD!$I:$K,3,FALSE),IFNA(VLOOKUP(BB$2&"F"&$A12+1,RackfileUPLOAD!$I:$K,3,FALSE),""))) | BC14: =IF(BB12="IcePack","",IFNA(VLOOKUP(BB$2&"F"&$A12+1&BC13,RackfileUPLOAD!$I:$K,3,FALSE),IFNA(VLOOKUP(BB$2&"F"&$A12+1,RackfileUPLOAD!$I:$K,3,FALSE),""))) | BD14: =IF(BB12="IcePack","",IFNA(VLOOKUP(BB$2&"F"&$A12+1&BD13,RackfileUPLOAD!$I:$K,3,FALSE),IFNA(VLOOKUP(BB$2&"F"&$A12+1,RackfileUPLOAD!$I:$K,3,FALSE),""))) | BH14: =IF(BH12="IcePack","",IFNA(VLOOKUP(BH$2&"F"&$A12&BH13,RackfileUPLOAD!$I:$K,3,FALSE),IFNA(VLOOKUP(BH$2&"F"&$A12,RackfileUPLOAD!$I:$K,3,FALSE),""))) | BI14: =IF(BH12="IcePack","",IFNA(VLOOKUP(BH$2&"F"&$A12&BI13,RackfileUPLOAD!$I:$K,3,FALSE),IFNA(VLOOKUP(BH$2&"F"&$A12,RackfileUPLOAD!$I:$K,3,FALSE),""))) | BJ14: =IF(BH12="IcePack","",IFNA(VLOOKUP(BH$2&"F"&$A12&BJ13,RackfileUPLOAD!$I:$K,3,FALSE),IFNA(VLOOKUP(BH$2&"F"&$A12,RackfileUPLOAD!$I:$K,3,FALSE),""))) | BM14: =IF(BM12="IcePack","",IFNA(VLOOKUP(BM$2&"F"&$A12+1&BM13,RackfileUPLOAD!$I:$K,3,FALSE),IFNA(VLOOKUP(BM$2&"F"&$A12+1,RackfileUPLOAD!$I:$K,3,FALSE),""))) | BN14: =IF(BM12="IcePack","",IFNA(VLOOKUP(BM$2&"F"&$A12+1&BN13,RackfileUPLOAD!$I:$K,3,FALSE),IFNA(VLOOKUP(BM$2&"F"&$A12+1,RackfileUPLOAD!$I:$K,3,FALSE),""))) | BO14: =IF(BM12="IcePack","",IFNA(VLOOKUP(BM$2&"F"&$A12+1&BO13,RackfileUPLOAD!$I:$K,3,FALSE),IFNA(VLOOKUP(BM$2&"F"&$A12+1,RackfileUPLOAD!$I:$K,3,FALSE),"")))
A16: =A12+2 -> 19 | D16: =IF(D$2="",,D$2&"_KW "&$B$2&"_F"&$A16) -> ASL3_KW 19_F19 | E16: =IFNA(VLOOKUP(E$2&"F"&$A16,RackfileUPLOAD!$H:$K,3,FALSE),"") | I16: =IF(I$2="",,I$2&"_KW "&$B$2&"_F"&$A16) -> ASL3_KW 19_F19 | J16: =IFNA(VLOOKUP(J$2&"F"&$A16+1,RackfileUPLOAD!$H:$K,3,FALSE),"") | O16: =IF(O$2="",,O$2&"_KW "&$B$2&"_F"&$A16) | P16: =IFNA(VLOOKUP(P$2&"F"&$A16,RackfileUPLOAD!$H:$K,3,FALSE),"") | T16: =IF(T$2="",,T$2&"_KW "&$B$2&"_F"&$A16) | U16: =IFNA(VLOOKUP(U$2&"F"&$A16+1,RackfileUPLOAD!$H:$K,3,FALSE),"") | Z16: =IF(Z$2="",,Z$2&"_KW "&$B$2&"_F"&$A16) | AA16: =IFNA(VLOOKUP(AA$2&"F"&$A16,RackfileUPLOAD!$H:$K,3,FALSE),"") | AE16: =IF(AE$2="",,AE$2&"_KW "&$B$2&"_F"&$A16) | AF16: =IFNA(VLOOKUP(AF$2&"F"&$A16+1,RackfileUPLOAD!$H:$K,3,FALSE),"") | AK16: =IF(AK$2="",,AK$2&"_KW "&$B$2&"_F"&$A16) | AL16: =IFNA(VLOOKUP(AL$2&"F"&$A16,RackfileUPLOAD!$H:$K,3,FALSE),"") | AP16: =IF(AP$2="",,AP$2&"_KW "&$B$2&"_F"&$A16) | AQ16: =IFNA(VLOOKUP(AQ$2&"F"&$A16+1,RackfileUPLOAD!$H:$K,3,FALSE),"") | AV16: =IF(AV$2="",,AV$2&"_KW "&$B$2&"_F"&$A16) | AW16: =IFNA(VLOOKUP(AW$2&"F"&$A16,RackfileUPLOAD!$H:$K,3,FALSE),"") | BA16: =IF(BA$2="",,BA$2&"_KW "&$B$2&"_F"&$A16) | BB16: =IFNA(VLOOKUP(BB$2&"F"&$A16+1,RackfileUPLOAD!$H:$K,3,FALSE),"") | BG16: =IF(BG$2="",,BG$2&"_KW "&$B$2&"_F"&$A16) | BH16: =IFNA(VLOOKUP(BH$2&"F"&$A16,RackfileUPLOAD!$H:$K,3,FALSE),"") | BL16: =IF(BL$2="",,BL$2&"_KW "&$B$2&"_F"&$A16) | BM16: =IFNA(VLOOKUP(BM$2&"F"&$A16+1,RackfileUPLOAD!$H:$K,3,FALSE),"")
E17: =IF(E16="","","2p") | F17: =IF(E16="","","3p") | G17: =IF(E16="","","4p") | J17: =IF(J16="","","2p") | K17: =IF(J16="","","3p") | L17: =IF(J16="","","4p") | P17: =IF(P16="","","2p") | Q17: =IF(P16="","","3p") | R17: =IF(P16="","","4p") | U17: =IF(U16="","","2p") | V17: =IF(U16="","","3p") | W17: =IF(U16="","","4p") | AA17: =IF(AA16="","","2p") | AB17: =IF(AA16="","","3p") | AC17: =IF(AA16="","","4p") | AF17: =IF(AF16="","","2p") | AG17: =IF(AF16="","","3p") | AH17: =IF(AF16="","","4p") | AL17: =IF(AL16="","","2p") | AM17: =IF(AL16="","","3p") | AN17: =IF(AL16="","","4p") | AQ17: =IF(AQ16="","","2p") | AR17: =IF(AQ16="","","3p") | AS17: =IF(AQ16="","","4p") | AW17: =IF(AW16="","","2p") | AX17: =IF(AW16="","","3p") | AY17: =IF(AW16="","","4p") | BB17: =IF(BB16="","","2p") | BC17: =IF(BB16="","","3p") | BD17: =IF(BB16="","","4p") | BH17: =IF(BH16="","","2p") | BI17: =IF(BH16="","","3p") | BJ17: =IF(BH16="","","4p") | BM17: =IF(BM16="","","2p") | BN17: =IF(BM16="","","3p") | BO17: =IF(BM16="","","4p")
E18: =IF(E16="IcePack","",IFNA(VLOOKUP(E$2&"F"&$A16&E17,RackfileUPLOAD!$I:$K,3,FALSE),IFNA(VLOOKUP(E$2&"F"&$A16,RackfileUPLOAD!$I:$K,3,FALSE),""))) | F18: =IF(E16="IcePack","",IFNA(VLOOKUP(E$2&"F"&$A16&F17,RackfileUPLOAD!$I:$K,3,FALSE),IFNA(VLOOKUP(E$2&"F"&$A16,RackfileUPLOAD!$I:$K,3,FALSE),""))) | G18: =IF(E16="IcePack","",IFNA(VLOOKUP(E$2&"F"&$A16&G17,RackfileUPLOAD!$I:$K,3,FALSE),IFNA(VLOOKUP(E$2&"F"&$A16,RackfileUPLOAD!$I:$K,3,FALSE),""))) | J18: =IF(J16="IcePack","",IFNA(VLOOKUP(J$2&"F"&$A16+1&J17,RackfileUPLOAD!$I:$K,3,FALSE),IFNA(VLOOKUP(J$2&"F"&$A16+1,RackfileUPLOAD!$I:$K,3,FALSE),""))) | K18: =IF(J16="IcePack","",IFNA(VLOOKUP(J$2&"F"&$A16+1&K17,RackfileUPLOAD!$I:$K,3,FALSE),IFNA(VLOOKUP(J$2&"F"&$A16+1,RackfileUPLOAD!$I:$K,3,FALSE),""))) | L18: =IF(J16="IcePack","",IFNA(VLOOKUP(J$2&"F"&$A16+1&L17,RackfileUPLOAD!$I:$K,3,FALSE),IFNA(VLOOKUP(J$2&"F"&$A16+1,RackfileUPLOAD!$I:$K,3,FALSE),""))) | P18: =IF(P16="IcePack","",IFNA(VLOOKUP(P$2&"F"&$A16&P17,RackfileUPLOAD!$I:$K,3,FALSE),IFNA(VLOOKUP(P$2&"F"&$A16,RackfileUPLOAD!$I:$K,3,FALSE),""))) | Q18: =IF(P16="IcePack","",IFNA(VLOOKUP(P$2&"F"&$A16&Q17,RackfileUPLOAD!$I:$K,3,FALSE),IFNA(VLOOKUP(P$2&"F"&$A16,RackfileUPLOAD!$I:$K,3,FALSE),""))) | R18: =IF(P16="IcePack","",IFNA(VLOOKUP(P$2&"F"&$A16&R17,RackfileUPLOAD!$I:$K,3,FALSE),IFNA(VLOOKUP(P$2&"F"&$A16,RackfileUPLOAD!$I:$K,3,FALSE),""))) | U18: =IF(U16="IcePack","",IFNA(VLOOKUP(U$2&"F"&$A16+1&U17,RackfileUPLOAD!$I:$K,3,FALSE),IFNA(VLOOKUP(U$2&"F"&$A16+1,RackfileUPLOAD!$I:$K,3,FALSE),""))) | V18: =IF(U16="IcePack","",IFNA(VLOOKUP(U$2&"F"&$A16+1&V17,RackfileUPLOAD!$I:$K,3,FALSE),IFNA(VLOOKUP(U$2&"F"&$A16+1,RackfileUPLOAD!$I:$K,3,FALSE),""))) | W18: =IF(U16="IcePack","",IFNA(VLOOKUP(U$2&"F"&$A16+1&W17,RackfileUPLOAD!$I:$K,3,FALSE),IFNA(VLOOKUP(U$2&"F"&$A16+1,RackfileUPLOAD!$I:$K,3,FALSE),""))) | AA18: =IF(AA16="IcePack","",IFNA(VLOOKUP(AA$2&"F"&$A16&AA17,RackfileUPLOAD!$I:$K,3,FALSE),IFNA(VLOOKUP(AA$2&"F"&$A16,RackfileUPLOAD!$I:$K,3,FALSE),""))) | AB18: =IF(AA16="IcePack","",IFNA(VLOOKUP(AA$2&"F"&$A16&AB17,RackfileUPLOAD!$I:$K,3,FALSE),IFNA(VLOOKUP(AA$2&"F"&$A16,RackfileUPLOAD!$I:$K,3,FALSE),""))) | AC18: =IF(AA16="IcePack","",IFNA(VLOOKUP(AA$2&"F"&$A16&AC17,RackfileUPLOAD!$I:$K,3,FALSE),IFNA(VLOOKUP(AA$2&"F"&$A16,RackfileUPLOAD!$I:$K,3,FALSE),""))) | AF18: =IF(AF16="IcePack","",IFNA(VLOOKUP(AF$2&"F"&$A16+1&AF17,RackfileUPLOAD!$I:$K,3,FALSE),IFNA(VLOOKUP(AF$2&"F"&$A16+1,RackfileUPLOAD!$I:$K,3,FALSE),""))) | AG18: =IF(AF16="IcePack","",IFNA(VLOOKUP(AF$2&"F"&$A16+1&AG17,RackfileUPLOAD!$I:$K,3,FALSE),IFNA(VLOOKUP(AF$2&"F"&$A16+1,RackfileUPLOAD!$I:$K,3,FALSE),""))) | AH18: =IF(AF16="IcePack","",IFNA(VLOOKUP(AF$2&"F"&$A16+1&AH17,RackfileUPLOAD!$I:$K,3,FALSE),IFNA(VLOOKUP(AF$2&"F"&$A16+1,RackfileUPLOAD!$I:$K,3,FALSE),""))) | AL18: =IF(AL16="IcePack","",IFNA(VLOOKUP(AL$2&"F"&$A16&AL17,RackfileUPLOAD!$I:$K,3,FALSE),IFNA(VLOOKUP(AL$2&"F"&$A16,RackfileUPLOAD!$I:$K,3,FALSE),""))) | AM18: =IF(AL16="IcePack","",IFNA(VLOOKUP(AL$2&"F"&$A16&AM17,RackfileUPLOAD!$I:$K,3,FALSE),IFNA(VLOOKUP(AL$2&"F"&$A16,RackfileUPLOAD!$I:$K,3,FALSE),""))) | AN18: =IF(AL16="IcePack","",IFNA(VLOOKUP(AL$2&"F"&$A16&AN17,RackfileUPLOAD!$I:$K,3,FALSE),IFNA(VLOOKUP(AL$2&"F"&$A16,RackfileUPLOAD!$I:$K,3,FALSE),""))) | AQ18: =IF(AQ16="IcePack","",IFNA(VLOOKUP(AQ$2&"F"&$A16+1&AQ17,RackfileUPLOAD!$I:$K,3,FALSE),IFNA(VLOOKUP(AQ$2&"F"&$A16+1,RackfileUPLOAD!$I:$K,3,FALSE),""))) | AR18: =IF(AQ16="IcePack","",IFNA(VLOOKUP(AQ$2&"F"&$A16+1&AR17,RackfileUPLOAD!$I:$K,3,FALSE),IFNA(VLOOKUP(AQ$2&"F"&$A16+1,RackfileUPLOAD!$I:$K,3,FALSE),""))) | AS18: =IF(AQ16="IcePack","",IFNA(VLOOKUP(AQ$2&"F"&$A16+1&AS17,RackfileUPLOAD!$I:$K,3,FALSE),IFNA(VLOOKUP(AQ$2&"F"&$A16+1,RackfileUPLOAD!$I:$K,3,FALSE),""))) | AW18: =IF(AW16="IcePack","",IFNA(VLOOKUP(AW$2&"F"&$A16&AW17,RackfileUPLOAD!$I:$K,3,FALSE),IFNA(VLOOKUP(AW$2&"F"&$A16,RackfileUPLOAD!$I:$K,3,FALSE),""))) | AX18: =IF(AW16="IcePack","",IFNA(VLOOKUP(AW$2&"F"&$A16&AX17,RackfileUPLOAD!$I:$K,3,FALSE),IFNA(VLOOKUP(AW$2&"F"&$A16,RackfileUPLOAD!$I:$K,3,FALSE),""))) | AY18: =IF(AW16="IcePack","",IFNA(VLOOKUP(AW$2&"F"&$A16&AY17,RackfileUPLOAD!$I:$K,3,FALSE),IFNA(VLOOKUP(AW$2&"F"&$A16,RackfileUPLOAD!$I:$K,3,FALSE),""))) | BB18: =IF(BB16="IcePack","",IFNA(VLOOKUP(BB$2&"F"&$A16+1&BB17,RackfileUPLOAD!$I:$K,3,FALSE),IFNA(VLOOKUP(BB$2&"F"&$A16+1,RackfileUPLOAD!$I:$K,3,FALSE),""))) | BC18: =IF(BB16="IcePack","",IFNA(VLOOKUP(BB$2&"F"&$A16+1&BC17,RackfileUPLOAD!$I:$K,3,FALSE),IFNA(VLOOKUP(BB$2&"F"&$A16+1,RackfileUPLOAD!$I:$K,3,FALSE),""))) | BD18: =IF(BB16="IcePack","",IFNA(VLOOKUP(BB$2&"F"&$A16+1&BD17,RackfileUPLOAD!$I:$K,3,FALSE),IFNA(VLOOKUP(BB$2&"F"&$A16+1,RackfileUPLOAD!$I:$K,3,FALSE),""))) | BH18: =IF(BH16="IcePack","",IFNA(VLOOKUP(BH$2&"F"&$A16&BH17,RackfileUPLOAD!$I:$K,3,FALSE),IFNA(VLOOKUP(BH$2&"F"&$A16,RackfileUPLOAD!$I:$K,3,FALSE),""))) | BI18: =IF(BH16="IcePack","",IFNA(VLOOKUP(BH$2&"F"&$A16&BI17,RackfileUPLOAD!$I:$K,3,FALSE),IFNA(VLOOKUP(BH$2&"F"&$A16,RackfileUPLOAD!$I:$K,3,FALSE),""))) | BJ18: =IF(BH16="IcePack","",IFNA(VLOOKUP(BH$2&"F"&$A16&BJ17,RackfileUPLOAD!$I:$K,3,FALSE),IFNA(VLOOKUP(BH$2&"F"&$A16,RackfileUPLOAD!$I:$K,3,FALSE),""))) | BM18: =IF(BM16="IcePack","",IFNA(VLOOKUP(BM$2&"F"&$A16+1&BM17,RackfileUPLOAD!$I:$K,3,FALSE),IFNA(VLOOKUP(BM$2&"F"&$A16+1,RackfileUPLOAD!$I:$K,3,FALSE),""))) | BN18: =IF(BM16="IcePack","",IFNA(VLOOKUP(BM$2&"F"&$A16+1&BN17,RackfileUPLOAD!$I:$K,3,FALSE),IFNA(VLOOKUP(BM$2&"F"&$A16+1,RackfileUPLOAD!$I:$K,3,FALSE),""))) | BO18: =IF(BM16="IcePack","",IFNA(VLOOKUP(BM$2&"F"&$A16+1&BO17,RackfileUPLOAD!$I:$K,3,FALSE),IFNA(VLOOKUP(BM$2&"F"&$A16+1,RackfileUPLOAD!$I:$K,3,FALSE),"")))
A20: =A16+2 -> 21 | D20: =IF(D$2="",,D$2&"_KW "&$B$2&"_F"&$A20) -> ASL3_KW 19_F21 | E20: =IFNA(VLOOKUP(E$2&"F"&$A20,RackfileUPLOAD!$H:$K,3,FALSE),"") | I20: =IF(I$2="",,I$2&"_KW "&$B$2&"_F"&$A20) -> ASL3_KW 19_F21 | J20: =IFNA(VLOOKUP(J$2&"F"&$A20+1,RackfileUPLOAD!$H:$K,3,FALSE),"") | O20: =IF(O$2="",,O$2&"_KW "&$B$2&"_F"&$A20) | P20: =IFNA(VLOOKUP(P$2&"F"&$A20,RackfileUPLOAD!$H:$K,3,FALSE),"") | T20: =IF(T$2="",,T$2&"_KW "&$B$2&"_F"&$A20) | U20: =IFNA(VLOOKUP(U$2&"F"&$A20+1,RackfileUPLOAD!$H:$K,3,FALSE),"") | Z20: =IF(Z$2="",,Z$2&"_KW "&$B$2&"_F"&$A20) | AA20: =IFNA(VLOOKUP(AA$2&"F"&$A20,RackfileUPLOAD!$H:$K,3,FALSE),"") | AE20: =IF(AE$2="",,AE$2&"_KW "&$B$2&"_F"&$A20) | AF20: =IFNA(VLOOKUP(AF$2&"F"&$A20+1,RackfileUPLOAD!$H:$K,3,FALSE),"") | AK20: =IF(AK$2="",,AK$2&"_KW "&$B$2&"_F"&$A20) | AL20: =IFNA(VLOOKUP(AL$2&"F"&$A20,RackfileUPLOAD!$H:$K,3,FALSE),"") | AP20: =IF(AP$2="",,AP$2&"_KW "&$B$2&"_F"&$A20) | AQ20: =IFNA(VLOOKUP(AQ$2&"F"&$A20+1,RackfileUPLOAD!$H:$K,3,FALSE),"") | AV20: =IF(AV$2="",,AV$2&"_KW "&$B$2&"_F"&$A20) | AW20: =IFNA(VLOOKUP(AW$2&"F"&$A20,RackfileUPLOAD!$H:$K,3,FALSE),"") | BA20: =IF(BA$2="",,BA$2&"_KW "&$B$2&"_F"&$A20) | BB20: =IFNA(VLOOKUP(BB$2&"F"&$A20+1,RackfileUPLOAD!$H:$K,3,FALSE),"") | BG20: =IF(BG$2="",,BG$2&"_KW "&$B$2&"_F"&$A20) | BH20: =IFNA(VLOOKUP(BH$2&"F"&$A20,RackfileUPLOAD!$H:$K,3,FALSE),"") | BL20: =IF(BL$2="",,BL$2&"_KW "&$B$2&"_F"&$A20) | BM20: =IFNA(VLOOKUP(BM$2&"F"&$A20+1,RackfileUPLOAD!$H:$K,3,FALSE),"")
E21: =IF(E20="","","2p") | F21: =IF(E20="","","3p") | G21: =IF(E20="","","4p") | J21: =IF(J20="","","2p") | K21: =IF(J20="","","3p") | L21: =IF(J20="","","4p") | P21: =IF(P20="","","2p") | Q21: =IF(P20="","","3p") | R21: =IF(P20="","","4p") | U21: =IF(U20="","","2p") | V21: =IF(U20="","","3p") | W21: =IF(U20="","","4p") | AA21: =IF(AA20="","","2p") | AB21: =IF(AA20="","","3p") | AC21: =IF(AA20="","","4p") | AF21: =IF(AF20="","","2p") | AG21: =IF(AF20="","","3p") | AH21: =IF(AF20="","","4p") | AL21: =IF(AL20="","","2p") | AM21: =IF(AL20="","","3p") | AN21: =IF(AL20="","","4p") | AQ21: =IF(AQ20="","","2p") | AR21: =IF(AQ20="","","3p") | AS21: =IF(AQ20="","","4p") | AW21: =IF(AW20="","","2p") | AX21: =IF(AW20="","","3p") | AY21: =IF(AW20="","","4p") | BB21: =IF(BB20="","","2p") | BC21: =IF(BB20="","","3p") | BD21: =IF(BB20="","","4p") | BH21: =IF(BH20="","","2p") | BI21: =IF(BH20="","","3p") | BJ21: =IF(BH20="","","4p") | BM21: =IF(BM20="","","2p") | BN21: =IF(BM20="","","3p") | BO21: =IF(BM20="","","4p")
E22: =IF(E20="IcePack","",IFNA(VLOOKUP(E$2&"F"&$A20&E21,RackfileUPLOAD!$I:$K,3,FALSE),IFNA(VLOOKUP(E$2&"F"&$A20,RackfileUPLOAD!$I:$K,3,FALSE),""))) | F22: =IF(E20="IcePack","",IFNA(VLOOKUP(E$2&"F"&$A20&F21,RackfileUPLOAD!$I:$K,3,FALSE),IFNA(VLOOKUP(E$2&"F"&$A20,RackfileUPLOAD!$I:$K,3,FALSE),""))) | G22: =IF(E20="IcePack","",IFNA(VLOOKUP(E$2&"F"&$A20&G21,RackfileUPLOAD!$I:$K,3,FALSE),IFNA(VLOOKUP(E$2&"F"&$A20,RackfileUPLOAD!$I:$K,3,FALSE),""))) | J22: =IF(J20="IcePack","",IFNA(VLOOKUP(J$2&"F"&$A20+1&J21,RackfileUPLOAD!$I:$K,3,FALSE),IFNA(VLOOKUP(J$2&"F"&$A20+1,RackfileUPLOAD!$I:$K,3,FALSE),""))) | K22: =IF(J20="IcePack","",IFNA(VLOOKUP(J$2&"F"&$A20+1&K21,RackfileUPLOAD!$I:$K,3,FALSE),IFNA(VLOOKUP(J$2&"F"&$A20+1,RackfileUPLOAD!$I:$K,3,FALSE),""))) | L22: =IF(J20="IcePack","",IFNA(VLOOKUP(J$2&"F"&$A20+1&L21,RackfileUPLOAD!$I:$K,3,FALSE),IFNA(VLOOKUP(J$2&"F"&$A20+1,RackfileUPLOAD!$I:$K,3,FALSE),""))) | P22: =IF(P20="IcePack","",IFNA(VLOOKUP(P$2&"F"&$A20&P21,RackfileUPLOAD!$I:$K,3,FALSE),IFNA(VLOOKUP(P$2&"F"&$A20,RackfileUPLOAD!$I:$K,3,FALSE),""))) | Q22: =IF(P20="IcePack","",IFNA(VLOOKUP(P$2&"F"&$A20&Q21,RackfileUPLOAD!$I:$K,3,FALSE),IFNA(VLOOKUP(P$2&"F"&$A20,RackfileUPLOAD!$I:$K,3,FALSE),""))) | R22: =IF(P20="IcePack","",IFNA(VLOOKUP(P$2&"F"&$A20&R21,RackfileUPLOAD!$I:$K,3,FALSE),IFNA(VLOOKUP(P$2&"F"&$A20,RackfileUPLOAD!$I:$K,3,FALSE),""))) | U22: =IF(U20="IcePack","",IFNA(VLOOKUP(U$2&"F"&$A20+1&U21,RackfileUPLOAD!$I:$K,3,FALSE),IFNA(VLOOKUP(U$2&"F"&$A20+1,RackfileUPLOAD!$I:$K,3,FALSE),""))) | V22: =IF(U20="IcePack","",IFNA(VLOOKUP(U$2&"F"&$A20+1&V21,RackfileUPLOAD!$I:$K,3,FALSE),IFNA(VLOOKUP(U$2&"F"&$A20+1,RackfileUPLOAD!$I:$K,3,FALSE),""))) | W22: =IF(U20="IcePack","",IFNA(VLOOKUP(U$2&"F"&$A20+1&W21,RackfileUPLOAD!$I:$K,3,FALSE),IFNA(VLOOKUP(U$2&"F"&$A20+1,RackfileUPLOAD!$I:$K,3,FALSE),""))) | AA22: =IF(AA20="IcePack","",IFNA(VLOOKUP(AA$2&"F"&$A20&AA21,RackfileUPLOAD!$I:$K,3,FALSE),IFNA(VLOOKUP(AA$2&"F"&$A20,RackfileUPLOAD!$I:$K,3,FALSE),""))) | AB22: =IF(AA20="IcePack","",IFNA(VLOOKUP(AA$2&"F"&$A20&AB21,RackfileUPLOAD!$I:$K,3,FALSE),IFNA(VLOOKUP(AA$2&"F"&$A20,RackfileUPLOAD!$I:$K,3,FALSE),""))) | AC22: =IF(AA20="IcePack","",IFNA(VLOOKUP(AA$2&"F"&$A20&AC21,RackfileUPLOAD!$I:$K,3,FALSE),IFNA(VLOOKUP(AA$2&"F"&$A20,RackfileUPLOAD!$I:$K,3,FALSE),""))) | AF22: =IF(AF20="IcePack","",IFNA(VLOOKUP(AF$2&"F"&$A20+1&AF21,RackfileUPLOAD!$I:$K,3,FALSE),IFNA(VLOOKUP(AF$2&"F"&$A20+1,RackfileUPLOAD!$I:$K,3,FALSE),""))) | AG22: =IF(AF20="IcePack","",IFNA(VLOOKUP(AF$2&"F"&$A20+1&AG21,RackfileUPLOAD!$I:$K,3,FALSE),IFNA(VLOOKUP(AF$2&"F"&$A20+1,RackfileUPLOAD!$I:$K,3,FALSE),""))) | AH22: =IF(AF20="IcePack","",IFNA(VLOOKUP(AF$2&"F"&$A20+1&AH21,RackfileUPLOAD!$I:$K,3,FALSE),IFNA(VLOOKUP(AF$2&"F"&$A20+1,RackfileUPLOAD!$I:$K,3,FALSE),""))) | AL22: =IF(AL20="IcePack","",IFNA(VLOOKUP(AL$2&"F"&$A20&AL21,RackfileUPLOAD!$I:$K,3,FALSE),IFNA(VLOOKUP(AL$2&"F"&$A20,RackfileUPLOAD!$I:$K,3,FALSE),""))) | AM22: =IF(AL20="IcePack","",IFNA(VLOOKUP(AL$2&"F"&$A20&AM21,RackfileUPLOAD!$I:$K,3,FALSE),IFNA(VLOOKUP(AL$2&"F"&$A20,RackfileUPLOAD!$I:$K,3,FALSE),""))) | AN22: =IF(AL20="IcePack","",IFNA(VLOOKUP(AL$2&"F"&$A20&AN21,RackfileUPLOAD!$I:$K,3,FALSE),IFNA(VLOOKUP(AL$2&"F"&$A20,RackfileUPLOAD!$I:$K,3,FALSE),""))) | AQ22: =IF(AQ20="IcePack","",IFNA(VLOOKUP(AQ$2&"F"&$A20+1&AQ21,RackfileUPLOAD!$I:$K,3,FALSE),IFNA(VLOOKUP(AQ$2&"F"&$A20+1,RackfileUPLOAD!$I:$K,3,FALSE),""))) | AR22: =IF(AQ20="IcePack","",IFNA(VLOOKUP(AQ$2&"F"&$A20+1&AR21,RackfileUPLOAD!$I:$K,3,FALSE),IFNA(VLOOKUP(AQ$2&"F"&$A20+1,RackfileUPLOAD!$I:$K,3,FALSE),""))) | AS22: =IF(AQ20="IcePack","",IFNA(VLOOKUP(AQ$2&"F"&$A20+1&AS21,RackfileUPLOAD!$I:$K,3,FALSE),IFNA(VLOOKUP(AQ$2&"F"&$A20+1,RackfileUPLOAD!$I:$K,3,FALSE),""))) | AW22: =IF(AW20="IcePack","",IFNA(VLOOKUP(AW$2&"F"&$A20&AW21,RackfileUPLOAD!$I:$K,3,FALSE),IFNA(VLOOKUP(AW$2&"F"&$A20,RackfileUPLOAD!$I:$K,3,FALSE),""))) | AX22: =IF(AW20="IcePack","",IFNA(VLOOKUP(AW$2&"F"&$A20&AX21,RackfileUPLOAD!$I:$K,3,FALSE),IFNA(VLOOKUP(AW$2&"F"&$A20,RackfileUPLOAD!$I:$K,3,FALSE),""))) | AY22: =IF(AW20="IcePack","",IFNA(VLOOKUP(AW$2&"F"&$A20&AY21,RackfileUPLOAD!$I:$K,3,FALSE),IFNA(VLOOKUP(AW$2&"F"&$A20,RackfileUPLOAD!$I:$K,3,FALSE),""))) | BB22: =IF(BB20="IcePack","",IFNA(VLOOKUP(BB$2&"F"&$A20+1&BB21,RackfileUPLOAD!$I:$K,3,FALSE),IFNA(VLOOKUP(BB$2&"F"&$A20+1,RackfileUPLOAD!$I:$K,3,FALSE),""))) | BC22: =IF(BB20="IcePack","",IFNA(VLOOKUP(BB$2&"F"&$A20+1&BC21,RackfileUPLOAD!$I:$K,3,FALSE),IFNA(VLOOKUP(BB$2&"F"&$A20+1,RackfileUPLOAD!$I:$K,3,FALSE),""))) | BD22: =IF(BB20="IcePack","",IFNA(VLOOKUP(BB$2&"F"&$A20+1&BD21,RackfileUPLOAD!$I:$K,3,FALSE),IFNA(VLOOKUP(BB$2&"F"&$A20+1,RackfileUPLOAD!$I:$K,3,FALSE),""))) | BH22: =IF(BH20="IcePack","",IFNA(VLOOKUP(BH$2&"F"&$A20&BH21,RackfileUPLOAD!$I:$K,3,FALSE),IFNA(VLOOKUP(BH$2&"F"&$A20,RackfileUPLOAD!$I:$K,3,FALSE),""))) | BI22: =IF(BH20="IcePack","",IFNA(VLOOKUP(BH$2&"F"&$A20&BI21,RackfileUPLOAD!$I:$K,3,FALSE),IFNA(VLOOKUP(BH$2&"F"&$A20,RackfileUPLOAD!$I:$K,3,FALSE),""))) | BJ22: =IF(BH20="IcePack","",IFNA(VLOOKUP(BH$2&"F"&$A20&BJ21,RackfileUPLOAD!$I:$K,3,FALSE),IFNA(VLOOKUP(BH$2&"F"&$A20,RackfileUPLOAD!$I:$K,3,FALSE),""))) | BM22: =IF(BM20="IcePack","",IFNA(VLOOKUP(BM$2&"F"&$A20+1&BM21,RackfileUPLOAD!$I:$K,3,FALSE),IFNA(VLOOKUP(BM$2&"F"&$A20+1,RackfileUPLOAD!$I:$K,3,FALSE),""))) | BN22: =IF(BM20="IcePack","",IFNA(VLOOKUP(BM$2&"F"&$A20+1&BN21,RackfileUPLOAD!$I:$K,3,FALSE),IFNA(VLOOKUP(BM$2&"F"&$A20+1,RackfileUPLOAD!$I:$K,3,FALSE),""))) | BO22: =IF(BM20="IcePack","",IFNA(VLOOKUP(BM$2&"F"&$A20+1&BO21,RackfileUPLOAD!$I:$K,3,FALSE),IFNA(VLOOKUP(BM$2&"F"&$A20+1,RackfileUPLOAD!$I:$K,3,FALSE),"")))
A24: =A20+2 -> 23 | D24: =IF(D$2="",,D$2&"_KW "&$B$2&"_F"&$A24) -> ASL3_KW 19_F23 | E24: =IFNA(VLOOKUP(E$2&"F"&$A24,RackfileUPLOAD!$H:$K,3,FALSE),"") | I24: =IF(I$2="",,I$2&"_KW "&$B$2&"_F"&$A24) -> ASL3_KW 19_F23 | J24: =IFNA(VLOOKUP(J$2&"F"&$A24+1,RackfileUPLOAD!$H:$K,3,FALSE),"") | O24: =IF(O$2="",,O$2&"_KW "&$B$2&"_F"&$A24) | P24: =IFNA(VLOOKUP(P$2&"F"&$A24,RackfileUPLOAD!$H:$K,3,FALSE),"") | T24: =IF(T$2="",,T$2&"_KW "&$B$2&"_F"&$A24) | U24: =IFNA(VLOOKUP(U$2&"F"&$A24+1,RackfileUPLOAD!$H:$K,3,FALSE),"") | Z24: =IF(Z$2="",,Z$2&"_KW "&$B$2&"_F"&$A24) | AA24: =IFNA(VLOOKUP(AA$2&"F"&$A24,RackfileUPLOAD!$H:$K,3,FALSE),"") | AE24: =IF(AE$2="",,AE$2&"_KW "&$B$2&"_F"&$A24) | AF24: =IFNA(VLOOKUP(AF$2&"F"&$A24+1,RackfileUPLOAD!$H:$K,3,FALSE),"") | AK24: =IF(AK$2="",,AK$2&"_KW "&$B$2&"_F"&$A24) | AL24: =IFNA(VLOOKUP(AL$2&"F"&$A24,RackfileUPLOAD!$H:$K,3,FALSE),"") | AP24: =IF(AP$2="",,AP$2&"_KW "&$B$2&"_F"&$A24) | AQ24: =IFNA(VLOOKUP(AQ$2&"F"&$A24+1,RackfileUPLOAD!$H:$K,3,FALSE),"") | AV24: =IF(AV$2="",,AV$2&"_KW "&$B$2&"_F"&$A24) | AW24: =IFNA(VLOOKUP(AW$2&"F"&$A24,RackfileUPLOAD!$H:$K,3,FALSE),"") | BA24: =IF(BA$2="",,BA$2&"_KW "&$B$2&"_F"&$A24) | BB24: =IFNA(VLOOKUP(BB$2&"F"&$A24+1,RackfileUPLOAD!$H:$K,3,FALSE),"") | BG24: =IF(BG$2="",,BG$2&"_KW "&$B$2&"_F"&$A24) | BH24: =IFNA(VLOOKUP(BH$2&"F"&$A24,RackfileUPLOAD!$H:$K,3,FALSE),"") | BL24: =IF(BL$2="",,BL$2&"_KW "&$B$2&"_F"&$A24) | BM24: =IFNA(VLOOKUP(BM$2&"F"&$A24+1,RackfileUPLOAD!$H:$K,3,FALSE),"")
E25: =IF(E24="","","2p") | F25: =IF(E24="","","3p") | G25: =IF(E24="","","4p") | J25: =IF(J24="","","2p") | K25: =IF(J24="","","3p") | L25: =IF(J24="","","4p") | P25: =IF(P24="","","2p") | Q25: =IF(P24="","","3p") | R25: =IF(P24="","","4p") | U25: =IF(U24="","","2p") | V25: =IF(U24="","","3p") | W25: =IF(U24="","","4p") | AA25: =IF(AA24="","","2p") | AB25: =IF(AA24="","","3p") | AC25: =IF(AA24="","","4p") | AF25: =IF(AF24="","","2p") | AG25: =IF(AF24="","","3p") | AH25: =IF(AF24="","","4p") | AL25: =IF(AL24="","","2p") | AM25: =IF(AL24="","","3p") | AN25: =IF(AL24="","","4p") | AQ25: =IF(AQ24="","","2p") | AR25: =IF(AQ24="","","3p") | AS25: =IF(AQ24="","","4p") | AW25: =IF(AW24="","","2p") | AX25: =IF(AW24="","","3p") | AY25: =IF(AW24="","","4p") | BB25: =IF(BB24="","","2p") | BC25: =IF(BB24="","","3p") | BD25: =IF(BB24="","","4p") | BH25: =IF(BH24="","","2p") | BI25: =IF(BH24="","","3p") | BJ25: =IF(BH24="","","4p") | BM25: =IF(BM24="","","2p") | BN25: =IF(BM24="","","3p") | BO25: =IF(BM24="","","4p")
E26: =IF(E24="IcePack","",IFNA(VLOOKUP(E$2&"F"&$A24&E25,RackfileUPLOAD!$I:$K,3,FALSE),IFNA(VLOOKUP(E$2&"F"&$A24,RackfileUPLOAD!$I:$K,3,FALSE),""))) | F26: =IF(E24="IcePack","",IFNA(VLOOKUP(E$2&"F"&$A24&F25,RackfileUPLOAD!$I:$K,3,FALSE),IFNA(VLOOKUP(E$2&"F"&$A24,RackfileUPLOAD!$I:$K,3,FALSE),""))) | G26: =IF(E24="IcePack","",IFNA(VLOOKUP(E$2&"F"&$A24&G25,RackfileUPLOAD!$I:$K,3,FALSE),IFNA(VLOOKUP(E$2&"F"&$A24,RackfileUPLOAD!$I:$K,3,FALSE),""))) | J26: =IF(J24="IcePack","",IFNA(VLOOKUP(J$2&"F"&$A24+1&J25,RackfileUPLOAD!$I:$K,3,FALSE),IFNA(VLOOKUP(J$2&"F"&$A24+1,RackfileUPLOAD!$I:$K,3,FALSE),""))) | K26: =IF(J24="IcePack","",IFNA(VLOOKUP(J$2&"F"&$A24+1&K25,RackfileUPLOAD!$I:$K,3,FALSE),IFNA(VLOOKUP(J$2&"F"&$A24+1,RackfileUPLOAD!$I:$K,3,FALSE),""))) | L26: =IF(J24="IcePack","",IFNA(VLOOKUP(J$2&"F"&$A24+1&L25,RackfileUPLOAD!$I:$K,3,FALSE),IFNA(VLOOKUP(J$2&"F"&$A24+1,RackfileUPLOAD!$I:$K,3,FALSE),""))) | P26: =IF(P24="IcePack","",IFNA(VLOOKUP(P$2&"F"&$A24&P25,RackfileUPLOAD!$I:$K,3,FALSE),IFNA(VLOOKUP(P$2&"F"&$A24,RackfileUPLOAD!$I:$K,3,FALSE),""))) | Q26: =IF(P24="IcePack","",IFNA(VLOOKUP(P$2&"F"&$A24&Q25,RackfileUPLOAD!$I:$K,3,FALSE),IFNA(VLOOKUP(P$2&"F"&$A24,RackfileUPLOAD!$I:$K,3,FALSE),""))) | R26: =IF(P24="IcePack","",IFNA(VLOOKUP(P$2&"F"&$A24&R25,RackfileUPLOAD!$I:$K,3,FALSE),IFNA(VLOOKUP(P$2&"F"&$A24,RackfileUPLOAD!$I:$K,3,FALSE),""))) | U26: =IF(U24="IcePack","",IFNA(VLOOKUP(U$2&"F"&$A24+1&U25,RackfileUPLOAD!$I:$K,3,FALSE),IFNA(VLOOKUP(U$2&"F"&$A24+1,RackfileUPLOAD!$I:$K,3,FALSE),""))) | V26: =IF(U24="IcePack","",IFNA(VLOOKUP(U$2&"F"&$A24+1&V25,RackfileUPLOAD!$I:$K,3,FALSE),IFNA(VLOOKUP(U$2&"F"&$A24+1,RackfileUPLOAD!$I:$K,3,FALSE),""))) | W26: =IF(U24="IcePack","",IFNA(VLOOKUP(U$2&"F"&$A24+1&W25,RackfileUPLOAD!$I:$K,3,FALSE),IFNA(VLOOKUP(U$2&"F"&$A24+1,RackfileUPLOAD!$I:$K,3,FALSE),""))) | AA26: =IF(AA24="IcePack","",IFNA(VLOOKUP(AA$2&"F"&$A24&AA25,RackfileUPLOAD!$I:$K,3,FALSE),IFNA(VLOOKUP(AA$2&"F"&$A24,RackfileUPLOAD!$I:$K,3,FALSE),""))) | AB26: =IF(AA24="IcePack","",IFNA(VLOOKUP(AA$2&"F"&$A24&AB25,RackfileUPLOAD!$I:$K,3,FALSE),IFNA(VLOOKUP(AA$2&"F"&$A24,RackfileUPLOAD!$I:$K,3,FALSE),""))) | AC26: =IF(AA24="IcePack","",IFNA(VLOOKUP(AA$2&"F"&$A24&AC25,RackfileUPLOAD!$I:$K,3,FALSE),IFNA(VLOOKUP(AA$2&"F"&$A24,RackfileUPLOAD!$I:$K,3,FALSE),""))) | AF26: =IF(AF24="IcePack","",IFNA(VLOOKUP(AF$2&"F"&$A24+1&AF25,RackfileUPLOAD!$I:$K,3,FALSE),IFNA(VLOOKUP(AF$2&"F"&$A24+1,RackfileUPLOAD!$I:$K,3,FALSE),""))) | AG26: =IF(AF24="IcePack","",IFNA(VLOOKUP(AF$2&"F"&$A24+1&AG25,RackfileUPLOAD!$I:$K,3,FALSE),IFNA(VLOOKUP(AF$2&"F"&$A24+1,RackfileUPLOAD!$I:$K,3,FALSE),""))) | AH26: =IF(AF24="IcePack","",IFNA(VLOOKUP(AF$2&"F"&$A24+1&AH25,RackfileUPLOAD!$I:$K,3,FALSE),IFNA(VLOOKUP(AF$2&"F"&$A24+1,RackfileUPLOAD!$I:$K,3,FALSE),""))) | AL26: =IF(AL24="IcePack","",IFNA(VLOOKUP(AL$2&"F"&$A24&AL25,RackfileUPLOAD!$I:$K,3,FALSE),IFNA(VLOOKUP(AL$2&"F"&$A24,RackfileUPLOAD!$I:$K,3,FALSE),""))) | AM26: =IF(AL24="IcePack","",IFNA(VLOOKUP(AL$2&"F"&$A24&AM25,RackfileUPLOAD!$I:$K,3,FALSE),IFNA(VLOOKUP(AL$2&"F"&$A24,RackfileUPLOAD!$I:$K,3,FALSE),""))) | AN26: =IF(AL24="IcePack","",IFNA(VLOOKUP(AL$2&"F"&$A24&AN25,RackfileUPLOAD!$I:$K,3,FALSE),IFNA(VLOOKUP(AL$2&"F"&$A24,RackfileUPLOAD!$I:$K,3,FALSE),""))) | AQ26: =IF(AQ24="IcePack","",IFNA(VLOOKUP(AQ$2&"F"&$A24+1&AQ25,RackfileUPLOAD!$I:$K,3,FALSE),IFNA(VLOOKUP(AQ$2&"F"&$A24+1,RackfileUPLOAD!$I:$K,3,FALSE),""))) | AR26: =IF(AQ24="IcePack","",IFNA(VLOOKUP(AQ$2&"F"&$A24+1&AR25,RackfileUPLOAD!$I:$K,3,FALSE),IFNA(VLOOKUP(AQ$2&"F"&$A24+1,RackfileUPLOAD!$I:$K,3,FALSE),""))) | AS26: =IF(AQ24="IcePack","",IFNA(VLOOKUP(AQ$2&"F"&$A24+1&AS25,RackfileUPLOAD!$I:$K,3,FALSE),IFNA(VLOOKUP(AQ$2&"F"&$A24+1,RackfileUPLOAD!$I:$K,3,FALSE),""))) | AW26: =IF(AW24="IcePack","",IFNA(VLOOKUP(AW$2&"F"&$A24&AW25,RackfileUPLOAD!$I:$K,3,FALSE),IFNA(VLOOKUP(AW$2&"F"&$A24,RackfileUPLOAD!$I:$K,3,FALSE),""))) | AX26: =IF(AW24="IcePack","",IFNA(VLOOKUP(AW$2&"F"&$A24&AX25,RackfileUPLOAD!$I:$K,3,FALSE),IFNA(VLOOKUP(AW$2&"F"&$A24,RackfileUPLOAD!$I:$K,3,FALSE),""))) | AY26: =IF(AW24="IcePack","",IFNA(VLOOKUP(AW$2&"F"&$A24&AY25,RackfileUPLOAD!$I:$K,3,FALSE),IFNA(VLOOKUP(AW$2&"F"&$A24,RackfileUPLOAD!$I:$K,3,FALSE),""))) | BB26: =IF(BB24="IcePack","",IFNA(VLOOKUP(BB$2&"F"&$A24+1&BB25,RackfileUPLOAD!$I:$K,3,FALSE),IFNA(VLOOKUP(BB$2&"F"&$A24+1,RackfileUPLOAD!$I:$K,3,FALSE),""))) | BC26: =IF(BB24="IcePack","",IFNA(VLOOKUP(BB$2&"F"&$A24+1&BC25,RackfileUPLOAD!$I:$K,3,FALSE),IFNA(VLOOKUP(BB$2&"F"&$A24+1,RackfileUPLOAD!$I:$K,3,FALSE),""))) | BD26: =IF(BB24="IcePack","",IFNA(VLOOKUP(BB$2&"F"&$A24+1&BD25,RackfileUPLOAD!$I:$K,3,FALSE),IFNA(VLOOKUP(BB$2&"F"&$A24+1,RackfileUPLOAD!$I:$K,3,FALSE),""))) | BH26: =IF(BH24="IcePack","",IFNA(VLOOKUP(BH$2&"F"&$A24&BH25,RackfileUPLOAD!$I:$K,3,FALSE),IFNA(VLOOKUP(BH$2&"F"&$A24,RackfileUPLOAD!$I:$K,3,FALSE),""))) | BI26: =IF(BH24="IcePack","",IFNA(VLOOKUP(BH$2&"F"&$A24&BI25,RackfileUPLOAD!$I:$K,3,FALSE),IFNA(VLOOKUP(BH$2&"F"&$A24,RackfileUPLOAD!$I:$K,3,FALSE),""))) | BJ26: =IF(BH24="IcePack","",IFNA(VLOOKUP(BH$2&"F"&$A24&BJ25,RackfileUPLOAD!$I:$K,3,FALSE),IFNA(VLOOKUP(BH$2&"F"&$A24,RackfileUPLOAD!$I:$K,3,FALSE),""))) | BM26: =IF(BM24="IcePack","",IFNA(VLOOKUP(BM$2&"F"&$A24+1&BM25,RackfileUPLOAD!$I:$K,3,FALSE),IFNA(VLOOKUP(BM$2&"F"&$A24+1,RackfileUPLOAD!$I:$K,3,FALSE),""))) | BN26: =IF(BM24="IcePack","",IFNA(VLOOKUP(BM$2&"F"&$A24+1&BN25,RackfileUPLOAD!$I:$K,3,FALSE),IFNA(VLOOKUP(BM$2&"F"&$A24+1,RackfileUPLOAD!$I:$K,3,FALSE),""))) | BO26: =IF(BM24="IcePack","",IFNA(VLOOKUP(BM$2&"F"&$A24+1&BO25,RackfileUPLOAD!$I:$K,3,FALSE),IFNA(VLOOKUP(BM$2&"F"&$A24+1,RackfileUPLOAD!$I:$K,3,FALSE),"")))
A29: =A24+2 -> 25 | D29: =IF(D$2="",,D$2&"_KW "&$B$2&"_F"&$A29) -> ASL3_KW 19_F25 | E29: =IFNA(VLOOKUP(E$2&"F"&$A29,RackfileUPLOAD!$H:$K,3,FALSE),"") | I29: =IF(I$2="",,I$2&"_KW "&$B$2&"_F"&$A29) -> ASL3_KW 19_F25 | J29: =IFNA(VLOOKUP(J$2&"F"&$A29+1,RackfileUPLOAD!$H:$K,3,FALSE),"") | O29: =IF(O$2="",,O$2&"_KW "&$B$2&"_F"&$A29) | P29: =IFNA(VLOOKUP(P$2&"F"&$A29,RackfileUPLOAD!$H:$K,3,FALSE),"") | T29: =IF(T$2="",,T$2&"_KW "&$B$2&"_F"&$A29) | U29: =IFNA(VLOOKUP(U$2&"F"&$A29+1,RackfileUPLOAD!$H:$K,3,FALSE),"") | Z29: =IF(Z$2="",,Z$2&"_KW "&$B$2&"_F"&$A29) | AA29: =IFNA(VLOOKUP(AA$2&"F"&$A29,RackfileUPLOAD!$H:$K,3,FALSE),"") | AE29: =IF(AE$2="",,AE$2&"_KW "&$B$2&"_F"&$A29) | AF29: =IFNA(VLOOKUP(AF$2&"F"&$A29+1,RackfileUPLOAD!$H:$K,3,FALSE),"") | AK29: =IF(AK$2="",,AK$2&"_KW "&$B$2&"_F"&$A29) | AL29: =IFNA(VLOOKUP(AL$2&"F"&$A29,RackfileUPLOAD!$H:$K,3,FALSE),"") | AP29: =IF(AP$2="",,AP$2&"_KW "&$B$2&"_F"&$A29) | AQ29: =IFNA(VLOOKUP(AQ$2&"F"&$A29+1,RackfileUPLOAD!$H:$K,3,FALSE),"") | AV29: =IF(AV$2="",,AV$2&"_KW "&$B$2&"_F"&$A29) | AW29: =IFNA(VLOOKUP(AW$2&"F"&$A29,RackfileUPLOAD!$H:$K,3,FALSE),"") | BA29: =IF(BA$2="",,BA$2&"_KW "&$B$2&"_F"&$A29) | BB29: =IFNA(VLOOKUP(BB$2&"F"&$A29+1,RackfileUPLOAD!$H:$K,3,FALSE),"") | BG29: =IF(BG$2="",,BG$2&"_KW "&$B$2&"_F"&$A29) | BH29: =IFNA(VLOOKUP(BH$2&"F"&$A29,RackfileUPLOAD!$H:$K,3,FALSE),"") | BL29: =IF(BL$2="",,BL$2&"_KW "&$B$2&"_F"&$A29) | BM29: =IFNA(VLOOKUP(BM$2&"F"&$A29+1,RackfileUPLOAD!$H:$K,3,FALSE),"")
E30: =IF(E29="","","2p") | F30: =IF(E29="","","3p") | G30: =IF(E29="","","4p") | J30: =IF(J29="","","2p") | K30: =IF(J29="","","3p") | L30: =IF(J29="","","4p") | P30: =IF(P29="","","2p") | Q30: =IF(P29="","","3p") | R30: =IF(P29="","","4p") | U30: =IF(U29="","","2p") | V30: =IF(U29="","","3p") | W30: =IF(U29="","","4p") | AA30: =IF(AA29="","","2p") | AB30: =IF(AA29="","","3p") | AC30: =IF(AA29="","","4p") | AF30: =IF(AF29="","","2p") | AG30: =IF(AF29="","","3p") | AH30: =IF(AF29="","","4p") | AL30: =IF(AL29="","","2p") | AM30: =IF(AL29="","","3p") | AN30: =IF(AL29="","","4p") | AQ30: =IF(AQ29="","","2p") | AR30: =IF(AQ29="","","3p") | AS30: =IF(AQ29="","","4p") | AW30: =IF(AW29="","","2p") | AX30: =IF(AW29="","","3p") | AY30: =IF(AW29="","","4p") | BB30: =IF(BB29="","","2p") | BC30: =IF(BB29="","","3p") | BD30: =IF(BB29="","","4p") | BH30: =IF(BH29="","","2p") | BI30: =IF(BH29="","","3p") | BJ30: =IF(BH29="","","4p") | BM30: =IF(BM29="","","2p") | BN30: =IF(BM29="","","3p") | BO30: =IF(BM29="","","4p")
E31: =IF(E29="IcePack","",IFNA(VLOOKUP(E$2&"F"&$A29&E30,RackfileUPLOAD!$I:$K,3,FALSE),IFNA(VLOOKUP(E$2&"F"&$A29,RackfileUPLOAD!$I:$K,3,FALSE),""))) | F31: =IF(E29="IcePack","",IFNA(VLOOKUP(E$2&"F"&$A29&F30,RackfileUPLOAD!$I:$K,3,FALSE),IFNA(VLOOKUP(E$2&"F"&$A29,RackfileUPLOAD!$I:$K,3,FALSE),""))) | G31: =IF(E29="IcePack","",IFNA(VLOOKUP(E$2&"F"&$A29&G30,RackfileUPLOAD!$I:$K,3,FALSE),IFNA(VLOOKUP(E$2&"F"&$A29,RackfileUPLOAD!$I:$K,3,FALSE),""))) | J31: =IF(J29="IcePack","",IFNA(VLOOKUP(J$2&"F"&$A29+1&J30,RackfileUPLOAD!$I:$K,3,FALSE),IFNA(VLOOKUP(J$2&"F"&$A29+1,RackfileUPLOAD!$I:$K,3,FALSE),""))) | K31: =IF(J29="IcePack","",IFNA(VLOOKUP(J$2&"F"&$A29+1&K30,RackfileUPLOAD!$I:$K,3,FALSE),IFNA(VLOOKUP(J$2&"F"&$A29+1,RackfileUPLOAD!$I:$K,3,FALSE),""))) | L31: =IF(J29="IcePack","",IFNA(VLOOKUP(J$2&"F"&$A29+1&L30,RackfileUPLOAD!$I:$K,3,FALSE),IFNA(VLOOKUP(J$2&"F"&$A29+1,RackfileUPLOAD!$I:$K,3,FALSE),""))) | P31: =IF(P29="IcePack","",IFNA(VLOOKUP(P$2&"F"&$A29&P30,RackfileUPLOAD!$I:$K,3,FALSE),IFNA(VLOOKUP(P$2&"F"&$A29,RackfileUPLOAD!$I:$K,3,FALSE),""))) | Q31: =IF(P29="IcePack","",IFNA(VLOOKUP(P$2&"F"&$A29&Q30,RackfileUPLOAD!$I:$K,3,FALSE),IFNA(VLOOKUP(P$2&"F"&$A29,RackfileUPLOAD!$I:$K,3,FALSE),""))) | R31: =IF(P29="IcePack","",IFNA(VLOOKUP(P$2&"F"&$A29&R30,RackfileUPLOAD!$I:$K,3,FALSE),IFNA(VLOOKUP(P$2&"F"&$A29,RackfileUPLOAD!$I:$K,3,FALSE),""))) | U31: =IF(U29="IcePack","",IFNA(VLOOKUP(U$2&"F"&$A29+1&U30,RackfileUPLOAD!$I:$K,3,FALSE),IFNA(VLOOKUP(U$2&"F"&$A29+1,RackfileUPLOAD!$I:$K,3,FALSE),""))) | V31: =IF(U29="IcePack","",IFNA(VLOOKUP(U$2&"F"&$A29+1&V30,RackfileUPLOAD!$I:$K,3,FALSE),IFNA(VLOOKUP(U$2&"F"&$A29+1,RackfileUPLOAD!$I:$K,3,FALSE),""))) | W31: =IF(U29="IcePack","",IFNA(VLOOKUP(U$2&"F"&$A29+1&W30,RackfileUPLOAD!$I:$K,3,FALSE),IFNA(VLOOKUP(U$2&"F"&$A29+1,RackfileUPLOAD!$I:$K,3,FALSE),""))) | AA31: =IF(AA29="IcePack","",IFNA(VLOOKUP(AA$2&"F"&$A29&AA30,RackfileUPLOAD!$I:$K,3,FALSE),IFNA(VLOOKUP(AA$2&"F"&$A29,RackfileUPLOAD!$I:$K,3,FALSE),""))) | AB31: =IF(AA29="IcePack","",IFNA(VLOOKUP(AA$2&"F"&$A29&AB30,RackfileUPLOAD!$I:$K,3,FALSE),IFNA(VLOOKUP(AA$2&"F"&$A29,RackfileUPLOAD!$I:$K,3,FALSE),""))) | AC31: =IF(AA29="IcePack","",IFNA(VLOOKUP(AA$2&"F"&$A29&AC30,RackfileUPLOAD!$I:$K,3,FALSE),IFNA(VLOOKUP(AA$2&"F"&$A29,RackfileUPLOAD!$I:$K,3,FALSE),""))) | AF31: =IF(AF29="IcePack","",IFNA(VLOOKUP(AF$2&"F"&$A29+1&AF30,RackfileUPLOAD!$I:$K,3,FALSE),IFNA(VLOOKUP(AF$2&"F"&$A29+1,RackfileUPLOAD!$I:$K,3,FALSE),""))) | AG31: =IF(AF29="IcePack","",IFNA(VLOOKUP(AF$2&"F"&$A29+1&AG30,RackfileUPLOAD!$I:$K,3,FALSE),IFNA(VLOOKUP(AF$2&"F"&$A29+1,RackfileUPLOAD!$I:$K,3,FALSE),""))) | AH31: =IF(AF29="IcePack","",IFNA(VLOOKUP(AF$2&"F"&$A29+1&AH30,RackfileUPLOAD!$I:$K,3,FALSE),IFNA(VLOOKUP(AF$2&"F"&$A29+1,RackfileUPLOAD!$I:$K,3,FALSE),""))) | AL31: =IF(AL29="IcePack","",IFNA(VLOOKUP(AL$2&"F"&$A29&AL30,RackfileUPLOAD!$I:$K,3,FALSE),IFNA(VLOOKUP(AL$2&"F"&$A29,RackfileUPLOAD!$I:$K,3,FALSE),""))) | AM31: =IF(AL29="IcePack","",IFNA(VLOOKUP(AL$2&"F"&$A29&AM30,RackfileUPLOAD!$I:$K,3,FALSE),IFNA(VLOOKUP(AL$2&"F"&$A29,RackfileUPLOAD!$I:$K,3,FALSE),""))) | AN31: =IF(AL29="IcePack","",IFNA(VLOOKUP(AL$2&"F"&$A29&AN30,RackfileUPLOAD!$I:$K,3,FALSE),IFNA(VLOOKUP(AL$2&"F"&$A29,RackfileUPLOAD!$I:$K,3,FALSE),""))) | AQ31: =IF(AQ29="IcePack","",IFNA(VLOOKUP(AQ$2&"F"&$A29+1&AQ30,RackfileUPLOAD!$I:$K,3,FALSE),IFNA(VLOOKUP(AQ$2&"F"&$A29+1,RackfileUPLOAD!$I:$K,3,FALSE),""))) | AR31: =IF(AQ29="IcePack","",IFNA(VLOOKUP(AQ$2&"F"&$A29+1&AR30,RackfileUPLOAD!$I:$K,3,FALSE),IFNA(VLOOKUP(AQ$2&"F"&$A29+1,RackfileUPLOAD!$I:$K,3,FALSE),""))) | AS31: =IF(AQ29="IcePack","",IFNA(VLOOKUP(AQ$2&"F"&$A29+1&AS30,RackfileUPLOAD!$I:$K,3,FALSE),IFNA(VLOOKUP(AQ$2&"F"&$A29+1,RackfileUPLOAD!$I:$K,3,FALSE),""))) | AW31: =IF(AW29="IcePack","",IFNA(VLOOKUP(AW$2&"F"&$A29&AW30,RackfileUPLOAD!$I:$K,3,FALSE),IFNA(VLOOKUP(AW$2&"F"&$A29,RackfileUPLOAD!$I:$K,3,FALSE),""))) | AX31: =IF(AW29="IcePack","",IFNA(VLOOKUP(AW$2&"F"&$A29&AX30,RackfileUPLOAD!$I:$K,3,FALSE),IFNA(VLOOKUP(AW$2&"F"&$A29,RackfileUPLOAD!$I:$K,3,FALSE),""))) | AY31: =IF(AW29="IcePack","",IFNA(VLOOKUP(AW$2&"F"&$A29&AY30,RackfileUPLOAD!$I:$K,3,FALSE),IFNA(VLOOKUP(AW$2&"F"&$A29,RackfileUPLOAD!$I:$K,3,FALSE),""))) | BB31: =IF(BB29="IcePack","",IFNA(VLOOKUP(BB$2&"F"&$A29+1&BB30,RackfileUPLOAD!$I:$K,3,FALSE),IFNA(VLOOKUP(BB$2&"F"&$A29+1,RackfileUPLOAD!$I:$K,3,FALSE),""))) | BC31: =IF(BB29="IcePack","",IFNA(VLOOKUP(BB$2&"F"&$A29+1&BC30,RackfileUPLOAD!$I:$K,3,FALSE),IFNA(VLOOKUP(BB$2&"F"&$A29+1,RackfileUPLOAD!$I:$K,3,FALSE),""))) | BD31: =IF(BB29="IcePack","",IFNA(VLOOKUP(BB$2&"F"&$A29+1&BD30,RackfileUPLOAD!$I:$K,3,FALSE),IFNA(VLOOKUP(BB$2&"F"&$A29+1,RackfileUPLOAD!$I:$K,3,FALSE),""))) | BH31: =IF(BH29="IcePack","",IFNA(VLOOKUP(BH$2&"F"&$A29&BH30,RackfileUPLOAD!$I:$K,3,FALSE),IFNA(VLOOKUP(BH$2&"F"&$A29,RackfileUPLOAD!$I:$K,3,FALSE),""))) | BI31: =IF(BH29="IcePack","",IFNA(VLOOKUP(BH$2&"F"&$A29&BI30,RackfileUPLOAD!$I:$K,3,FALSE),IFNA(VLOOKUP(BH$2&"F"&$A29,RackfileUPLOAD!$I:$K,3,FALSE),""))) | BJ31: =IF(BH29="IcePack","",IFNA(VLOOKUP(BH$2&"F"&$A29&BJ30,RackfileUPLOAD!$I:$K,3,FALSE),IFNA(VLOOKUP(BH$2&"F"&$A29,RackfileUPLOAD!$I:$K,3,FALSE),""))) | BM31: =IF(BM29="IcePack","",IFNA(VLOOKUP(BM$2&"F"&$A29+1&BM30,RackfileUPLOAD!$I:$K,3,FALSE),IFNA(VLOOKUP(BM$2&"F"&$A29+1,RackfileUPLOAD!$I:$K,3,FALSE),""))) | BN31: =IF(BM29="IcePack","",IFNA(VLOOKUP(BM$2&"F"&$A29+1&BN30,RackfileUPLOAD!$I:$K,3,FALSE),IFNA(VLOOKUP(BM$2&"F"&$A29+1,RackfileUPLOAD!$I:$K,3,FALSE),""))) | BO31: =IF(BM29="IcePack","",IFNA(VLOOKUP(BM$2&"F"&$A29+1&BO30,RackfileUPLOAD!$I:$K,3,FALSE),IFNA(VLOOKUP(BM$2&"F"&$A29+1,RackfileUPLOAD!$I:$K,3,FALSE),"")))
A33: =A29+2 -> 27 | D33: =IF(D$2="",,D$2&"_KW "&$B$2&"_F"&$A33) -> ASL3_KW 19_F27 | E33: =IFNA(VLOOKUP(E$2&"F"&$A33,RackfileUPLOAD!$H:$K,3,FALSE),"") | I33: =IF(I$2="",,I$2&"_KW "&$B$2&"_F"&$A33) -> ASL3_KW 19_F27 | J33: =IFNA(VLOOKUP(J$2&"F"&$A33+1,RackfileUPLOAD!$H:$K,3,FALSE),"") | O33: =IF(O$2="",,O$2&"_KW "&$B$2&"_F"&$A33) | P33: =IFNA(VLOOKUP(P$2&"F"&$A33,RackfileUPLOAD!$H:$K,3,FALSE),"") | T33: =IF(T$2="",,T$2&"_KW "&$B$2&"_F"&$A33) | U33: =IFNA(VLOOKUP(U$2&"F"&$A33+1,RackfileUPLOAD!$H:$K,3,FALSE),"") | Z33: =IF(Z$2="",,Z$2&"_KW "&$B$2&"_F"&$A33) | AA33: =IFNA(VLOOKUP(AA$2&"F"&$A33,RackfileUPLOAD!$H:$K,3,FALSE),"") | AE33: =IF(AE$2="",,AE$2&"_KW "&$B$2&"_F"&$A33) | AF33: =IFNA(VLOOKUP(AF$2&"F"&$A33+1,RackfileUPLOAD!$H:$K,3,FALSE),"") | AK33: =IF(AK$2="",,AK$2&"_KW "&$B$2&"_F"&$A33) | AL33: =IFNA(VLOOKUP(AL$2&"F"&$A33,RackfileUPLOAD!$H:$K,3,FALSE),"") | AP33: =IF(AP$2="",,AP$2&"_KW "&$B$2&"_F"&$A33) | AQ33: =IFNA(VLOOKUP(AQ$2&"F"&$A33+1,RackfileUPLOAD!$H:$K,3,FALSE),"") | AV33: =IF(AV$2="",,AV$2&"_KW "&$B$2&"_F"&$A33) | AW33: =IFNA(VLOOKUP(AW$2&"F"&$A33,RackfileUPLOAD!$H:$K,3,FALSE),"") | BA33: =IF(BA$2="",,BA$2&"_KW "&$B$2&"_F"&$A33) | BB33: =IFNA(VLOOKUP(BB$2&"F"&$A33+1,RackfileUPLOAD!$H:$K,3,FALSE),"") | BG33: =IF(BG$2="",,BG$2&"_KW "&$B$2&"_F"&$A33) | BH33: =IFNA(VLOOKUP(BH$2&"F"&$A33,RackfileUPLOAD!$H:$K,3,FALSE),"") | BL33: =IF(BL$2="",,BL$2&"_KW "&$B$2&"_F"&$A33) | BM33: =IFNA(VLOOKUP(BM$2&"F"&$A33+1,RackfileUPLOAD!$H:$K,3,FALSE),"")
E34: =IF(E33="","","2p") | F34: =IF(E33="","","3p") | G34: =IF(E33="","","4p") | J34: =IF(J33="","","2p") | K34: =IF(J33="","","3p") | L34: =IF(J33="","","4p") | P34: =IF(P33="","","2p") | Q34: =IF(P33="","","3p") | R34: =IF(P33="","","4p") | U34: =IF(U33="","","2p") | V34: =IF(U33="","","3p") | W34: =IF(U33="","","4p") | AA34: =IF(AA33="","","2p") | AB34: =IF(AA33="","","3p") | AC34: =IF(AA33="","","4p") | AF34: =IF(AF33="","","2p") | AG34: =IF(AF33="","","3p") | AH34: =IF(AF33="","","4p") | AL34: =IF(AL33="","","2p") | AM34: =IF(AL33="","","3p") | AN34: =IF(AL33="","","4p") | AQ34: =IF(AQ33="","","2p") | AR34: =IF(AQ33="","","3p") | AS34: =IF(AQ33="","","4p") | AW34: =IF(AW33="","","2p") | AX34: =IF(AW33="","","3p") | AY34: =IF(AW33="","","4p") | BB34: =IF(BB33="","","2p") | BC34: =IF(BB33="","","3p") | BD34: =IF(BB33="","","4p") | BH34: =IF(BH33="","","2p") | BI34: =IF(BH33="","","3p") | BJ34: =IF(BH33="","","4p") | BM34: =IF(BM33="","","2p") | BN34: =IF(BM33="","","3p") | BO34: =IF(BM33="","","4p")
E35: =IF(E33="IcePack","",IFNA(VLOOKUP(E$2&"F"&$A33&E34,RackfileUPLOAD!$I:$K,3,FALSE),IFNA(VLOOKUP(E$2&"F"&$A33,RackfileUPLOAD!$I:$K,3,FALSE),""))) | F35: =IF(E33="IcePack","",IFNA(VLOOKUP(E$2&"F"&$A33&F34,RackfileUPLOAD!$I:$K,3,FALSE),IFNA(VLOOKUP(E$2&"F"&$A33,RackfileUPLOAD!$I:$K,3,FALSE),""))) | G35: =IF(E33="IcePack","",IFNA(VLOOKUP(E$2&"F"&$A33&G34,RackfileUPLOAD!$I:$K,3,FALSE),IFNA(VLOOKUP(E$2&"F"&$A33,RackfileUPLOAD!$I:$K,3,FALSE),""))) | J35: =IF(J33="IcePack","",IFNA(VLOOKUP(J$2&"F"&$A33+1&J34,RackfileUPLOAD!$I:$K,3,FALSE),IFNA(VLOOKUP(J$2&"F"&$A33+1,RackfileUPLOAD!$I:$K,3,FALSE),""))) | K35: =IF(J33="IcePack","",IFNA(VLOOKUP(J$2&"F"&$A33+1&K34,RackfileUPLOAD!$I:$K,3,FALSE),IFNA(VLOOKUP(J$2&"F"&$A33+1,RackfileUPLOAD!$I:$K,3,FALSE),""))) | L35: =IF(J33="IcePack","",IFNA(VLOOKUP(J$2&"F"&$A33+1&L34,RackfileUPLOAD!$I:$K,3,FALSE),IFNA(VLOOKUP(J$2&"F"&$A33+1,RackfileUPLOAD!$I:$K,3,FALSE),""))) | P35: =IF(P33="IcePack","",IFNA(VLOOKUP(P$2&"F"&$A33&P34,RackfileUPLOAD!$I:$K,3,FALSE),IFNA(VLOOKUP(P$2&"F"&$A33,RackfileUPLOAD!$I:$K,3,FALSE),""))) | Q35: =IF(P33="IcePack","",IFNA(VLOOKUP(P$2&"F"&$A33&Q34,RackfileUPLOAD!$I:$K,3,FALSE),IFNA(VLOOKUP(P$2&"F"&$A33,RackfileUPLOAD!$I:$K,3,FALSE),""))) | R35: =IF(P33="IcePack","",IFNA(VLOOKUP(P$2&"F"&$A33&R34,RackfileUPLOAD!$I:$K,3,FALSE),IFNA(VLOOKUP(P$2&"F"&$A33,RackfileUPLOAD!$I:$K,3,FALSE),""))) | U35: =IF(U33="IcePack","",IFNA(VLOOKUP(U$2&"F"&$A33+1&U34,RackfileUPLOAD!$I:$K,3,FALSE),IFNA(VLOOKUP(U$2&"F"&$A33+1,RackfileUPLOAD!$I:$K,3,FALSE),""))) | V35: =IF(U33="IcePack","",IFNA(VLOOKUP(U$2&"F"&$A33+1&V34,RackfileUPLOAD!$I:$K,3,FALSE),IFNA(VLOOKUP(U$2&"F"&$A33+1,RackfileUPLOAD!$I:$K,3,FALSE),""))) | W35: =IF(U33="IcePack","",IFNA(VLOOKUP(U$2&"F"&$A33+1&W34,RackfileUPLOAD!$I:$K,3,FALSE),IFNA(VLOOKUP(U$2&"F"&$A33+1,RackfileUPLOAD!$I:$K,3,FALSE),""))) | AA35: =IF(AA33="IcePack","",IFNA(VLOOKUP(AA$2&"F"&$A33&AA34,RackfileUPLOAD!$I:$K,3,FALSE),IFNA(VLOOKUP(AA$2&"F"&$A33,RackfileUPLOAD!$I:$K,3,FALSE),""))) | AB35: =IF(AA33="IcePack","",IFNA(VLOOKUP(AA$2&"F"&$A33&AB34,RackfileUPLOAD!$I:$K,3,FALSE),IFNA(VLOOKUP(AA$2&"F"&$A33,RackfileUPLOAD!$I:$K,3,FALSE),""))) | AC35: =IF(AA33="IcePack","",IFNA(VLOOKUP(AA$2&"F"&$A33&AC34,RackfileUPLOAD!$I:$K,3,FALSE),IFNA(VLOOKUP(AA$2&"F"&$A33,RackfileUPLOAD!$I:$K,3,FALSE),""))) | AF35: =IF(AF33="IcePack","",IFNA(VLOOKUP(AF$2&"F"&$A33+1&AF34,RackfileUPLOAD!$I:$K,3,FALSE),IFNA(VLOOKUP(AF$2&"F"&$A33+1,RackfileUPLOAD!$I:$K,3,FALSE),""))) | AG35: =IF(AF33="IcePack","",IFNA(VLOOKUP(AF$2&"F"&$A33+1&AG34,RackfileUPLOAD!$I:$K,3,FALSE),IFNA(VLOOKUP(AF$2&"F"&$A33+1,RackfileUPLOAD!$I:$K,3,FALSE),""))) | AH35: =IF(AF33="IcePack","",IFNA(VLOOKUP(AF$2&"F"&$A33+1&AH34,RackfileUPLOAD!$I:$K,3,FALSE),IFNA(VLOOKUP(AF$2&"F"&$A33+1,RackfileUPLOAD!$I:$K,3,FALSE),""))) | AL35: =IF(AL33="IcePack","",IFNA(VLOOKUP(AL$2&"F"&$A33&AL34,RackfileUPLOAD!$I:$K,3,FALSE),IFNA(VLOOKUP(AL$2&"F"&$A33,RackfileUPLOAD!$I:$K,3,FALSE),""))) | AM35: =IF(AL33="IcePack","",IFNA(VLOOKUP(AL$2&"F"&$A33&AM34,RackfileUPLOAD!$I:$K,3,FALSE),IFNA(VLOOKUP(AL$2&"F"&$A33,RackfileUPLOAD!$I:$K,3,FALSE),""))) | AN35: =IF(AL33="IcePack","",IFNA(VLOOKUP(AL$2&"F"&$A33&AN34,RackfileUPLOAD!$I:$K,3,FALSE),IFNA(VLOOKUP(AL$2&"F"&$A33,RackfileUPLOAD!$I:$K,3,FALSE),""))) | AQ35: =IF(AQ33="IcePack","",IFNA(VLOOKUP(AQ$2&"F"&$A33+1&AQ34,RackfileUPLOAD!$I:$K,3,FALSE),IFNA(VLOOKUP(AQ$2&"F"&$A33+1,RackfileUPLOAD!$I:$K,3,FALSE),""))) | AR35: =IF(AQ33="IcePack","",IFNA(VLOOKUP(AQ$2&"F"&$A33+1&AR34,RackfileUPLOAD!$I:$K,3,FALSE),IFNA(VLOOKUP(AQ$2&"F"&$A33+1,RackfileUPLOAD!$I:$K,3,FALSE),""))) | AS35: =IF(AQ33="IcePack","",IFNA(VLOOKUP(AQ$2&"F"&$A33+1&AS34,RackfileUPLOAD!$I:$K,3,FALSE),IFNA(VLOOKUP(AQ$2&"F"&$A33+1,RackfileUPLOAD!$I:$K,3,FALSE),""))) | AW35: =IF(AW33="IcePack","",IFNA(VLOOKUP(AW$2&"F"&$A33&AW34,RackfileUPLOAD!$I:$K,3,FALSE),IFNA(VLOOKUP(AW$2&"F"&$A33,RackfileUPLOAD!$I:$K,3,FALSE),""))) | AX35: =IF(AW33="IcePack","",IFNA(VLOOKUP(AW$2&"F"&$A33&AX34,RackfileUPLOAD!$I:$K,3,FALSE),IFNA(VLOOKUP(AW$2&"F"&$A33,RackfileUPLOAD!$I:$K,3,FALSE),""))) | AY35: =IF(AW33="IcePack","",IFNA(VLOOKUP(AW$2&"F"&$A33&AY34,RackfileUPLOAD!$I:$K,3,FALSE),IFNA(VLOOKUP(AW$2&"F"&$A33,RackfileUPLOAD!$I:$K,3,FALSE),""))) | BB35: =IF(BB33="IcePack","",IFNA(VLOOKUP(BB$2&"F"&$A33+1&BB34,RackfileUPLOAD!$I:$K,3,FALSE),IFNA(VLOOKUP(BB$2&"F"&$A33+1,RackfileUPLOAD!$I:$K,3,FALSE),""))) | BC35: =IF(BB33="IcePack","",IFNA(VLOOKUP(BB$2&"F"&$A33+1&BC34,RackfileUPLOAD!$I:$K,3,FALSE),IFNA(VLOOKUP(BB$2&"F"&$A33+1,RackfileUPLOAD!$I:$K,3,FALSE),""))) | BD35: =IF(BB33="IcePack","",IFNA(VLOOKUP(BB$2&"F"&$A33+1&BD34,RackfileUPLOAD!$I:$K,3,FALSE),IFNA(VLOOKUP(BB$2&"F"&$A33+1,RackfileUPLOAD!$I:$K,3,FALSE),""))) | BH35: =IF(BH33="IcePack","",IFNA(VLOOKUP(BH$2&"F"&$A33&BH34,RackfileUPLOAD!$I:$K,3,FALSE),IFNA(VLOOKUP(BH$2&"F"&$A33,RackfileUPLOAD!$I:$K,3,FALSE),""))) | BI35: =IF(BH33="IcePack","",IFNA(VLOOKUP(BH$2&"F"&$A33&BI34,RackfileUPLOAD!$I:$K,3,FALSE),IFNA(VLOOKUP(BH$2&"F"&$A33,RackfileUPLOAD!$I:$K,3,FALSE),""))) | BJ35: =IF(BH33="IcePack","",IFNA(VLOOKUP(BH$2&"F"&$A33&BJ34,RackfileUPLOAD!$I:$K,3,FALSE),IFNA(VLOOKUP(BH$2&"F"&$A33,RackfileUPLOAD!$I:$K,3,FALSE),""))) | BM35: =IF(BM33="IcePack","",IFNA(VLOOKUP(BM$2&"F"&$A33+1&BM34,RackfileUPLOAD!$I:$K,3,FALSE),IFNA(VLOOKUP(BM$2&"F"&$A33+1,RackfileUPLOAD!$I:$K,3,FALSE),""))) | BN35: =IF(BM33="IcePack","",IFNA(VLOOKUP(BM$2&"F"&$A33+1&BN34,RackfileUPLOAD!$I:$K,3,FALSE),IFNA(VLOOKUP(BM$2&"F"&$A33+1,RackfileUPLOAD!$I:$K,3,FALSE),""))) | BO35: =IF(BM33="IcePack","",IFNA(VLOOKUP(BM$2&"F"&$A33+1&BO34,RackfileUPLOAD!$I:$K,3,FALSE),IFNA(VLOOKUP(BM$2&"F"&$A33+1,RackfileUPLOAD!$I:$K,3,FALSE),"")))
A37: =A33+2 -> 29 | D37: =IF(D$2="",,D$2&"_KW "&$B$2&"_F"&$A37) -> ASL3_KW 19_F29 | E37: =IFNA(VLOOKUP(E$2&"F"&$A37,RackfileUPLOAD!$H:$K,3,FALSE),"") | I37: =IF(I$2="",,I$2&"_KW "&$B$2&"_F"&$A37) -> ASL3_KW 19_F29 | J37: =IFNA(VLOOKUP(J$2&"F"&$A37+1,RackfileUPLOAD!$H:$K,3,FALSE),"") | O37: =IF(O$2="",,O$2&"_KW "&$B$2&"_F"&$A37) | P37: =IFNA(VLOOKUP(P$2&"F"&$A37,RackfileUPLOAD!$H:$K,3,FALSE),"") | T37: =IF(T$2="",,T$2&"_KW "&$B$2&"_F"&$A37) | U37: =IFNA(VLOOKUP(U$2&"F"&$A37+1,RackfileUPLOAD!$H:$K,3,FALSE),"") | Z37: =IF(Z$2="",,Z$2&"_KW "&$B$2&"_F"&$A37) | AA37: =IFNA(VLOOKUP(AA$2&"F"&$A37,RackfileUPLOAD!$H:$K,3,FALSE),"") | AE37: =IF(AE$2="",,AE$2&"_KW "&$B$2&"_F"&$A37) | AF37: =IFNA(VLOOKUP(AF$2&"F"&$A37+1,RackfileUPLOAD!$H:$K,3,FALSE),"") | AK37: =IF(AK$2="",,AK$2&"_KW "&$B$2&"_F"&$A37) | AL37: =IFNA(VLOOKUP(AL$2&"F"&$A37,RackfileUPLOAD!$H:$K,3,FALSE),"") | AP37: =IF(AP$2="",,AP$2&"_KW "&$B$2&"_F"&$A37) | AQ37: =IFNA(VLOOKUP(AQ$2&"F"&$A37+1,RackfileUPLOAD!$H:$K,3,FALSE),"") | AV37: =IF(AV$2="",,AV$2&"_KW "&$B$2&"_F"&$A37) | AW37: =IFNA(VLOOKUP(AW$2&"F"&$A37,RackfileUPLOAD!$H:$K,3,FALSE),"") | BA37: =IF(BA$2="",,BA$2&"_KW "&$B$2&"_F"&$A37) | BB37: =IFNA(VLOOKUP(BB$2&"F"&$A37+1,RackfileUPLOAD!$H:$K,3,FALSE),"") | BG37: =IF(BG$2="",,BG$2&"_KW "&$B$2&"_F"&$A37) | BH37: =IFNA(VLOOKUP(BH$2&"F"&$A37,RackfileUPLOAD!$H:$K,3,FALSE),"") | BL37: =IF(BL$2="",,BL$2&"_KW "&$B$2&"_F"&$A37) | BM37: =IFNA(VLOOKUP(BM$2&"F"&$A37+1,RackfileUPLOAD!$H:$K,3,FALSE),"")
E38: =IF(E37="","","2p") | F38: =IF(E37="","","3p") | G38: =IF(E37="","","4p") | J38: =IF(J37="","","2p") | K38: =IF(J37="","","3p") | L38: =IF(J37="","","4p") | P38: =IF(P37="","","2p") | Q38: =IF(P37="","","3p") | R38: =IF(P37="","","4p") | U38: =IF(U37="","","2p") | V38: =IF(U37="","","3p") | W38: =IF(U37="","","4p") | AA38: =IF(AA37="","","2p") | AB38: =IF(AA37="","","3p") | AC38: =IF(AA37="","","4p") | AF38: =IF(AF37="","","2p") | AG38: =IF(AF37="","","3p") | AH38: =IF(AF37="","","4p") | AL38: =IF(AL37="","","2p") | AM38: =IF(AL37="","","3p") | AN38: =IF(AL37="","","4p") | AQ38: =IF(AQ37="","","2p") | AR38: =IF(AQ37="","","3p") | AS38: =IF(AQ37="","","4p") | AW38: =IF(AW37="","","2p") | AX38: =IF(AW37="","","3p") | AY38: =IF(AW37="","","4p") | BB38: =IF(BB37="","","2p") | BC38: =IF(BB37="","","3p") | BD38: =IF(BB37="","","4p") | BH38: =IF(BH37="","","2p") | BI38: =IF(BH37="","","3p") | BJ38: =IF(BH37="","","4p") | BM38: =IF(BM37="","","2p") | BN38: =IF(BM37="","","3p") | BO38: =IF(BM37="","","4p")
E39: =IF(E37="IcePack","",IFNA(VLOOKUP(E$2&"F"&$A37&E38,RackfileUPLOAD!$I:$K,3,FALSE),IFNA(VLOOKUP(E$2&"F"&$A37,RackfileUPLOAD!$I:$K,3,FALSE),""))) | F39: =IF(E37="IcePack","",IFNA(VLOOKUP(E$2&"F"&$A37&F38,RackfileUPLOAD!$I:$K,3,FALSE),IFNA(VLOOKUP(E$2&"F"&$A37,RackfileUPLOAD!$I:$K,3,FALSE),""))) | G39: =IF(E37="IcePack","",IFNA(VLOOKUP(E$2&"F"&$A37&G38,RackfileUPLOAD!$I:$K,3,FALSE),IFNA(VLOOKUP(E$2&"F"&$A37,RackfileUPLOAD!$I:$K,3,FALSE),""))) | J39: =IF(J37="IcePack","",IFNA(VLOOKUP(J$2&"F"&$A37+1&J38,RackfileUPLOAD!$I:$K,3,FALSE),IFNA(VLOOKUP(J$2&"F"&$A37+1,RackfileUPLOAD!$I:$K,3,FALSE),""))) | K39: =IF(J37="IcePack","",IFNA(VLOOKUP(J$2&"F"&$A37+1&K38,RackfileUPLOAD!$I:$K,3,FALSE),IFNA(VLOOKUP(J$2&"F"&$A37+1,RackfileUPLOAD!$I:$K,3,FALSE),""))) | L39: =IF(J37="IcePack","",IFNA(VLOOKUP(J$2&"F"&$A37+1&L38,RackfileUPLOAD!$I:$K,3,FALSE),IFNA(VLOOKUP(J$2&"F"&$A37+1,RackfileUPLOAD!$I:$K,3,FALSE),""))) | P39: =IF(P37="IcePack","",IFNA(VLOOKUP(P$2&"F"&$A37&P38,RackfileUPLOAD!$I:$K,3,FALSE),IFNA(VLOOKUP(P$2&"F"&$A37,RackfileUPLOAD!$I:$K,3,FALSE),""))) | Q39: =IF(P37="IcePack","",IFNA(VLOOKUP(P$2&"F"&$A37&Q38,RackfileUPLOAD!$I:$K,3,FALSE),IFNA(VLOOKUP(P$2&"F"&$A37,RackfileUPLOAD!$I:$K,3,FALSE),""))) | R39: =IF(P37="IcePack","",IFNA(VLOOKUP(P$2&"F"&$A37&R38,RackfileUPLOAD!$I:$K,3,FALSE),IFNA(VLOOKUP(P$2&"F"&$A37,RackfileUPLOAD!$I:$K,3,FALSE),""))) | U39: =IF(U37="IcePack","",IFNA(VLOOKUP(U$2&"F"&$A37+1&U38,RackfileUPLOAD!$I:$K,3,FALSE),IFNA(VLOOKUP(U$2&"F"&$A37+1,RackfileUPLOAD!$I:$K,3,FALSE),""))) | V39: =IF(U37="IcePack","",IFNA(VLOOKUP(U$2&"F"&$A37+1&V38,RackfileUPLOAD!$I:$K,3,FALSE),IFNA(VLOOKUP(U$2&"F"&$A37+1,RackfileUPLOAD!$I:$K,3,FALSE),""))) | W39: =IF(U37="IcePack","",IFNA(VLOOKUP(U$2&"F"&$A37+1&W38,RackfileUPLOAD!$I:$K,3,FALSE),IFNA(VLOOKUP(U$2&"F"&$A37+1,RackfileUPLOAD!$I:$K,3,FALSE),""))) | AA39: =IF(AA37="IcePack","",IFNA(VLOOKUP(AA$2&"F"&$A37&AA38,RackfileUPLOAD!$I:$K,3,FALSE),IFNA(VLOOKUP(AA$2&"F"&$A37,RackfileUPLOAD!$I:$K,3,FALSE),""))) | AB39: =IF(AA37="IcePack","",IFNA(VLOOKUP(AA$2&"F"&$A37&AB38,RackfileUPLOAD!$I:$K,3,FALSE),IFNA(VLOOKUP(AA$2&"F"&$A37,RackfileUPLOAD!$I:$K,3,FALSE),""))) | AC39: =IF(AA37="IcePack","",IFNA(VLOOKUP(AA$2&"F"&$A37&AC38,RackfileUPLOAD!$I:$K,3,FALSE),IFNA(VLOOKUP(AA$2&"F"&$A37,RackfileUPLOAD!$I:$K,3,FALSE),""))) | AF39: =IF(AF37="IcePack","",IFNA(VLOOKUP(AF$2&"F"&$A37+1&AF38,RackfileUPLOAD!$I:$K,3,FALSE),IFNA(VLOOKUP(AF$2&"F"&$A37+1,RackfileUPLOAD!$I:$K,3,FALSE),""))) | AG39: =IF(AF37="IcePack","",IFNA(VLOOKUP(AF$2&"F"&$A37+1&AG38,RackfileUPLOAD!$I:$K,3,FALSE),IFNA(VLOOKUP(AF$2&"F"&$A37+1,RackfileUPLOAD!$I:$K,3,FALSE),""))) | AH39: =IF(AF37="IcePack","",IFNA(VLOOKUP(AF$2&"F"&$A37+1&AH38,RackfileUPLOAD!$I:$K,3,FALSE),IFNA(VLOOKUP(AF$2&"F"&$A37+1,RackfileUPLOAD!$I:$K,3,FALSE),""))) | AL39: =IF(AL37="IcePack","",IFNA(VLOOKUP(AL$2&"F"&$A37&AL38,RackfileUPLOAD!$I:$K,3,FALSE),IFNA(VLOOKUP(AL$2&"F"&$A37,RackfileUPLOAD!$I:$K,3,FALSE),""))) | AM39: =IF(AL37="IcePack","",IFNA(VLOOKUP(AL$2&"F"&$A37&AM38,RackfileUPLOAD!$I:$K,3,FALSE),IFNA(VLOOKUP(AL$2&"F"&$A37,RackfileUPLOAD!$I:$K,3,FALSE),""))) | AN39: =IF(AL37="IcePack","",IFNA(VLOOKUP(AL$2&"F"&$A37&AN38,RackfileUPLOAD!$I:$K,3,FALSE),IFNA(VLOOKUP(AL$2&"F"&$A37,RackfileUPLOAD!$I:$K,3,FALSE),""))) | AQ39: =IF(AQ37="IcePack","",IFNA(VLOOKUP(AQ$2&"F"&$A37+1&AQ38,RackfileUPLOAD!$I:$K,3,FALSE),IFNA(VLOOKUP(AQ$2&"F"&$A37+1,RackfileUPLOAD!$I:$K,3,FALSE),""))) | AR39: =IF(AQ37="IcePack","",IFNA(VLOOKUP(AQ$2&"F"&$A37+1&AR38,RackfileUPLOAD!$I:$K,3,FALSE),IFNA(VLOOKUP(AQ$2&"F"&$A37+1,RackfileUPLOAD!$I:$K,3,FALSE),""))) | AS39: =IF(AQ37="IcePack","",IFNA(VLOOKUP(AQ$2&"F"&$A37+1&AS38,RackfileUPLOAD!$I:$K,3,FALSE),IFNA(VLOOKUP(AQ$2&"F"&$A37+1,RackfileUPLOAD!$I:$K,3,FALSE),""))) | AW39: =IF(AW37="IcePack","",IFNA(VLOOKUP(AW$2&"F"&$A37&AW38,RackfileUPLOAD!$I:$K,3,FALSE),IFNA(VLOOKUP(AW$2&"F"&$A37,RackfileUPLOAD!$I:$K,3,FALSE),""))) | AX39: =IF(AW37="IcePack","",IFNA(VLOOKUP(AW$2&"F"&$A37&AX38,RackfileUPLOAD!$I:$K,3,FALSE),IFNA(VLOOKUP(AW$2&"F"&$A37,RackfileUPLOAD!$I:$K,3,FALSE),""))) | AY39: =IF(AW37="IcePack","",IFNA(VLOOKUP(AW$2&"F"&$A37&AY38,RackfileUPLOAD!$I:$K,3,FALSE),IFNA(VLOOKUP(AW$2&"F"&$A37,RackfileUPLOAD!$I:$K,3,FALSE),""))) | BB39: =IF(BB37="IcePack","",IFNA(VLOOKUP(BB$2&"F"&$A37+1&BB38,RackfileUPLOAD!$I:$K,3,FALSE),IFNA(VLOOKUP(BB$2&"F"&$A37+1,RackfileUPLOAD!$I:$K,3,FALSE),""))) | BC39: =IF(BB37="IcePack","",IFNA(VLOOKUP(BB$2&"F"&$A37+1&BC38,RackfileUPLOAD!$I:$K,3,FALSE),IFNA(VLOOKUP(BB$2&"F"&$A37+1,RackfileUPLOAD!$I:$K,3,FALSE),""))) | BD39: =IF(BB37="IcePack","",IFNA(VLOOKUP(BB$2&"F"&$A37+1&BD38,RackfileUPLOAD!$I:$K,3,FALSE),IFNA(VLOOKUP(BB$2&"F"&$A37+1,RackfileUPLOAD!$I:$K,3,FALSE),""))) | BH39: =IF(BH37="IcePack","",IFNA(VLOOKUP(BH$2&"F"&$A37&BH38,RackfileUPLOAD!$I:$K,3,FALSE),IFNA(VLOOKUP(BH$2&"F"&$A37,RackfileUPLOAD!$I:$K,3,FALSE),""))) | BI39: =IF(BH37="IcePack","",IFNA(VLOOKUP(BH$2&"F"&$A37&BI38,RackfileUPLOAD!$I:$K,3,FALSE),IFNA(VLOOKUP(BH$2&"F"&$A37,RackfileUPLOAD!$I:$K,3,FALSE),""))) | BJ39: =IF(BH37="IcePack","",IFNA(VLOOKUP(BH$2&"F"&$A37&BJ38,RackfileUPLOAD!$I:$K,3,FALSE),IFNA(VLOOKUP(BH$2&"F"&$A37,RackfileUPLOAD!$I:$K,3,FALSE),""))) | BM39: =IF(BM37="IcePack","",IFNA(VLOOKUP(BM$2&"F"&$A37+1&BM38,RackfileUPLOAD!$I:$K,3,FALSE),IFNA(VLOOKUP(BM$2&"F"&$A37+1,RackfileUPLOAD!$I:$K,3,FALSE),""))) | BN39: =IF(BM37="IcePack","",IFNA(VLOOKUP(BM$2&"F"&$A37+1&BN38,RackfileUPLOAD!$I:$K,3,FALSE),IFNA(VLOOKUP(BM$2&"F"&$A37+1,RackfileUPLOAD!$I:$K,3,FALSE),""))) | BO39: =IF(BM37="IcePack","",IFNA(VLOOKUP(BM$2&"F"&$A37+1&BO38,RackfileUPLOAD!$I:$K,3,FALSE),IFNA(VLOOKUP(BM$2&"F"&$A37+1,RackfileUPLOAD!$I:$K,3,FALSE),"")))
A41: =A37+2 -> 31 | D41: =IF(D$2="",,D$2&"_KW "&$B$2&"_F"&$A41) -> ASL3_KW 19_F31 | E41: =IFNA(VLOOKUP(E$2&"F"&$A41,RackfileUPLOAD!$H:$K,3,FALSE),"") | I41: =IF(I$2="",,I$2&"_KW "&$B$2&"_F"&$A4+11) -> ASL3_KW 19_F24 | J41: =IFNA(VLOOKUP(J$2&"F"&$A41+1,RackfileUPLOAD!$H:$K,3,FALSE),"") | O41: =IF(O$2="",,O$2&"_KW "&$B$2&"_F"&$A41) | P41: =IFNA(VLOOKUP(P$2&"F"&$A41,RackfileUPLOAD!$H:$K,3,FALSE),"") | T41: =IF(T$2="",,T$2&"_KW "&$B$2&"_F"&$A4+11) | U41: =IFNA(VLOOKUP(U$2&"F"&$A41+1,RackfileUPLOAD!$H:$K,3,FALSE),"") | Z41: =IF(Z$2="",,Z$2&"_KW "&$B$2&"_F"&$A41) | AA41: =IFNA(VLOOKUP(AA$2&"F"&$A41,RackfileUPLOAD!$H:$K,3,FALSE),"") | AE41: =IF(AE$2="",,AE$2&"_KW "&$B$2&"_F"&$A4+11) | AF41: =IFNA(VLOOKUP(AF$2&"F"&$A41+1,RackfileUPLOAD!$H:$K,3,FALSE),"") | AK41: =IF(AK$2="",,AK$2&"_KW "&$B$2&"_F"&$A41) | AL41: =IFNA(VLOOKUP(AL$2&"F"&$A41,RackfileUPLOAD!$H:$K,3,FALSE),"") | AP41: =IF(AP$2="",,AP$2&"_KW "&$B$2&"_F"&$A4+11) | AQ41: =IFNA(VLOOKUP(AQ$2&"F"&$A41+1,RackfileUPLOAD!$H:$K,3,FALSE),"") | AV41: =IF(AV$2="",,AV$2&"_KW "&$B$2&"_F"&$A41) | AW41: =IFNA(VLOOKUP(AW$2&"F"&$A41,RackfileUPLOAD!$H:$K,3,FALSE),"") | BA41: =IF(BA$2="",,BA$2&"_KW "&$B$2&"_F"&$A4+11) | BB41: =IFNA(VLOOKUP(BB$2&"F"&$A41+1,RackfileUPLOAD!$H:$K,3,FALSE),"") | BG41: =IF(BG$2="",,BG$2&"_KW "&$B$2&"_F"&$A41) | BH41: =IFNA(VLOOKUP(BH$2&"F"&$A41,RackfileUPLOAD!$H:$K,3,FALSE),"") | BL41: =IF(BL$2="",,BL$2&"_KW "&$B$2&"_F"&$A4+11) | BM41: =IFNA(VLOOKUP(BM$2&"F"&$A41+1,RackfileUPLOAD!$H:$K,3,FALSE),"")
E42: =IF(E41="","","2p") | F42: =IF(E41="","","3p") | G42: =IF(E41="","","4p") | J42: =IF(J41="","","2p") | K42: =IF(J41="","","3p") | L42: =IF(J41="","","4p") | P42: =IF(P41="","","2p") | Q42: =IF(P41="","","3p") | R42: =IF(P41="","","4p") | U42: =IF(U41="","","2p") | V42: =IF(U41="","","3p") | W42: =IF(U41="","","4p") | AA42: =IF(AA41="","","2p") | AB42: =IF(AA41="","","3p") | AC42: =IF(AA41="","","4p") | AF42: =IF(AF41="","","2p") | AG42: =IF(AF41="","","3p") | AH42: =IF(AF41="","","4p") | AL42: =IF(AL41="","","2p") | AM42: =IF(AL41="","","3p") | AN42: =IF(AL41="","","4p") | AQ42: =IF(AQ41="","","2p") | AR42: =IF(AQ41="","","3p") | AS42: =IF(AQ41="","","4p") | AW42: =IF(AW41="","","2p") | AX42: =IF(AW41="","","3p") | AY42: =IF(AW41="","","4p") | BB42: =IF(BB41="","","2p") | BC42: =IF(BB41="","","3p") | BD42: =IF(BB41="","","4p") | BH42: =IF(BH41="","","2p") | BI42: =IF(BH41="","","3p") | BJ42: =IF(BH41="","","4p") | BM42: =IF(BM41="","","2p") | BN42: =IF(BM41="","","3p") | BO42: =IF(BM41="","","4p")
E43: =IF(E41="IcePack","",IFNA(VLOOKUP(E$2&"F"&$A41&E42,RackfileUPLOAD!$I:$K,3,FALSE),IFNA(VLOOKUP(E$2&"F"&$A41,RackfileUPLOAD!$I:$K,3,FALSE),""))) | F43: =IF(E41="IcePack","",IFNA(VLOOKUP(E$2&"F"&$A41&F42,RackfileUPLOAD!$I:$K,3,FALSE),IFNA(VLOOKUP(E$2&"F"&$A41,RackfileUPLOAD!$I:$K,3,FALSE),""))) | G43: =IF(E41="IcePack","",IFNA(VLOOKUP(E$2&"F"&$A41&G42,RackfileUPLOAD!$I:$K,3,FALSE),IFNA(VLOOKUP(E$2&"F"&$A41,RackfileUPLOAD!$I:$K,3,FALSE),""))) | J43: =IF(J41="IcePack","",IFNA(VLOOKUP(J$2&"F"&$A41+1&J42,RackfileUPLOAD!$I:$K,3,FALSE),IFNA(VLOOKUP(J$2&"F"&$A41+1,RackfileUPLOAD!$I:$K,3,FALSE),""))) | K43: =IF(J41="IcePack","",IFNA(VLOOKUP(J$2&"F"&$A41+1&K42,RackfileUPLOAD!$I:$K,3,FALSE),IFNA(VLOOKUP(J$2&"F"&$A41+1,RackfileUPLOAD!$I:$K,3,FALSE),""))) | L43: =IF(J41="IcePack","",IFNA(VLOOKUP(J$2&"F"&$A41+1&L42,RackfileUPLOAD!$I:$K,3,FALSE),IFNA(VLOOKUP(J$2&"F"&$A41+1,RackfileUPLOAD!$I:$K,3,FALSE),""))) | P43: =IF(P41="IcePack","",IFNA(VLOOKUP(P$2&"F"&$A41&P42,RackfileUPLOAD!$I:$K,3,FALSE),IFNA(VLOOKUP(P$2&"F"&$A41,RackfileUPLOAD!$I:$K,3,FALSE),""))) | Q43: =IF(P41="IcePack","",IFNA(VLOOKUP(P$2&"F"&$A41&Q42,RackfileUPLOAD!$I:$K,3,FALSE),IFNA(VLOOKUP(P$2&"F"&$A41,RackfileUPLOAD!$I:$K,3,FALSE),""))) | R43: =IF(P41="IcePack","",IFNA(VLOOKUP(P$2&"F"&$A41&R42,RackfileUPLOAD!$I:$K,3,FALSE),IFNA(VLOOKUP(P$2&"F"&$A41,RackfileUPLOAD!$I:$K,3,FALSE),""))) | U43: =IF(U41="IcePack","",IFNA(VLOOKUP(U$2&"F"&$A41+1&U42,RackfileUPLOAD!$I:$K,3,FALSE),IFNA(VLOOKUP(U$2&"F"&$A41+1,RackfileUPLOAD!$I:$K,3,FALSE),""))) | V43: =IF(U41="IcePack","",IFNA(VLOOKUP(U$2&"F"&$A41+1&V42,RackfileUPLOAD!$I:$K,3,FALSE),IFNA(VLOOKUP(U$2&"F"&$A41+1,RackfileUPLOAD!$I:$K,3,FALSE),""))) | W43: =IF(U41="IcePack","",IFNA(VLOOKUP(U$2&"F"&$A41+1&W42,RackfileUPLOAD!$I:$K,3,FALSE),IFNA(VLOOKUP(U$2&"F"&$A41+1,RackfileUPLOAD!$I:$K,3,FALSE),""))) | AA43: =IF(AA41="IcePack","",IFNA(VLOOKUP(AA$2&"F"&$A41&AA42,RackfileUPLOAD!$I:$K,3,FALSE),IFNA(VLOOKUP(AA$2&"F"&$A41,RackfileUPLOAD!$I:$K,3,FALSE),""))) | AB43: =IF(AA41="IcePack","",IFNA(VLOOKUP(AA$2&"F"&$A41&AB42,RackfileUPLOAD!$I:$K,3,FALSE),IFNA(VLOOKUP(AA$2&"F"&$A41,RackfileUPLOAD!$I:$K,3,FALSE),""))) | AC43: =IF(AA41="IcePack","",IFNA(VLOOKUP(AA$2&"F"&$A41&AC42,RackfileUPLOAD!$I:$K,3,FALSE),IFNA(VLOOKUP(AA$2&"F"&$A41,RackfileUPLOAD!$I:$K,3,FALSE),""))) | AF43: =IF(AF41="IcePack","",IFNA(VLOOKUP(AF$2&"F"&$A41+1&AF42,RackfileUPLOAD!$I:$K,3,FALSE),IFNA(VLOOKUP(AF$2&"F"&$A41+1,RackfileUPLOAD!$I:$K,3,FALSE),""))) | AG43: =IF(AF41="IcePack","",IFNA(VLOOKUP(AF$2&"F"&$A41+1&AG42,RackfileUPLOAD!$I:$K,3,FALSE),IFNA(VLOOKUP(AF$2&"F"&$A41+1,RackfileUPLOAD!$I:$K,3,FALSE),""))) | AH43: =IF(AF41="IcePack","",IFNA(VLOOKUP(AF$2&"F"&$A41+1&AH42,RackfileUPLOAD!$I:$K,3,FALSE),IFNA(VLOOKUP(AF$2&"F"&$A41+1,RackfileUPLOAD!$I:$K,3,FALSE),""))) | AL43: =IF(AL41="IcePack","",IFNA(VLOOKUP(AL$2&"F"&$A41&AL42,RackfileUPLOAD!$I:$K,3,FALSE),IFNA(VLOOKUP(AL$2&"F"&$A41,RackfileUPLOAD!$I:$K,3,FALSE),""))) | AM43: =IF(AL41="IcePack","",IFNA(VLOOKUP(AL$2&"F"&$A41&AM42,RackfileUPLOAD!$I:$K,3,FALSE),IFNA(VLOOKUP(AL$2&"F"&$A41,RackfileUPLOAD!$I:$K,3,FALSE),""))) | AN43: =IF(AL41="IcePack","",IFNA(VLOOKUP(AL$2&"F"&$A41&AN42,RackfileUPLOAD!$I:$K,3,FALSE),IFNA(VLOOKUP(AL$2&"F"&$A41,RackfileUPLOAD!$I:$K,3,FALSE),""))) | AQ43: =IF(AQ41="IcePack","",IFNA(VLOOKUP(AQ$2&"F"&$A41+1&AQ42,RackfileUPLOAD!$I:$K,3,FALSE),IFNA(VLOOKUP(AQ$2&"F"&$A41+1,RackfileUPLOAD!$I:$K,3,FALSE),""))) | AR43: =IF(AQ41="IcePack","",IFNA(VLOOKUP(AQ$2&"F"&$A41+1&AR42,RackfileUPLOAD!$I:$K,3,FALSE),IFNA(VLOOKUP(AQ$2&"F"&$A41+1,RackfileUPLOAD!$I:$K,3,FALSE),""))) | AS43: =IF(AQ41="IcePack","",IFNA(VLOOKUP(AQ$2&"F"&$A41+1&AS42,RackfileUPLOAD!$I:$K,3,FALSE),IFNA(VLOOKUP(AQ$2&"F"&$A41+1,RackfileUPLOAD!$I:$K,3,FALSE),""))) | AW43: =IF(AW41="IcePack","",IFNA(VLOOKUP(AW$2&"F"&$A41&AW42,RackfileUPLOAD!$I:$K,3,FALSE),IFNA(VLOOKUP(AW$2&"F"&$A41,RackfileUPLOAD!$I:$K,3,FALSE),""))) | AX43: =IF(AW41="IcePack","",IFNA(VLOOKUP(AW$2&"F"&$A41&AX42,RackfileUPLOAD!$I:$K,3,FALSE),IFNA(VLOOKUP(AW$2&"F"&$A41,RackfileUPLOAD!$I:$K,3,FALSE),""))) | AY43: =IF(AW41="IcePack","",IFNA(VLOOKUP(AW$2&"F"&$A41&AY42,RackfileUPLOAD!$I:$K,3,FALSE),IFNA(VLOOKUP(AW$2&"F"&$A41,RackfileUPLOAD!$I:$K,3,FALSE),""))) | BB43: =IF(BB41="IcePack","",IFNA(VLOOKUP(BB$2&"F"&$A41+1&BB42,RackfileUPLOAD!$I:$K,3,FALSE),IFNA(VLOOKUP(BB$2&"F"&$A41+1,RackfileUPLOAD!$I:$K,3,FALSE),""))) | BC43: =IF(BB41="IcePack","",IFNA(VLOOKUP(BB$2&"F"&$A41+1&BC42,RackfileUPLOAD!$I:$K,3,FALSE),IFNA(VLOOKUP(BB$2&"F"&$A41+1,RackfileUPLOAD!$I:$K,3,FALSE),""))) | BD43: =IF(BB41="IcePack","",IFNA(VLOOKUP(BB$2&"F"&$A41+1&BD42,RackfileUPLOAD!$I:$K,3,FALSE),IFNA(VLOOKUP(BB$2&"F"&$A41+1,RackfileUPLOAD!$I:$K,3,FALSE),""))) | BH43: =IF(BH41="IcePack","",IFNA(VLOOKUP(BH$2&"F"&$A41&BH42,RackfileUPLOAD!$I:$K,3,FALSE),IFNA(VLOOKUP(BH$2&"F"&$A41,RackfileUPLOAD!$I:$K,3,FALSE),""))) | BI43: =IF(BH41="IcePack","",IFNA(VLOOKUP(BH$2&"F"&$A41&BI42,RackfileUPLOAD!$I:$K,3,FALSE),IFNA(VLOOKUP(BH$2&"F"&$A41,RackfileUPLOAD!$I:$K,3,FALSE),""))) | BJ43: =IF(BH41="IcePack","",IFNA(VLOOKUP(BH$2&"F"&$A41&BJ42,RackfileUPLOAD!$I:$K,3,FALSE),IFNA(VLOOKUP(BH$2&"F"&$A41,RackfileUPLOAD!$I:$K,3,FALSE),""))) | BM43: =IF(BM41="IcePack","",IFNA(VLOOKUP(BM$2&"F"&$A41+1&BM42,RackfileUPLOAD!$I:$K,3,FALSE),IFNA(VLOOKUP(BM$2&"F"&$A41+1,RackfileUPLOAD!$I:$K,3,FALSE),""))) | BN43: =IF(BM41="IcePack","",IFNA(VLOOKUP(BM$2&"F"&$A41+1&BN42,RackfileUPLOAD!$I:$K,3,FALSE),IFNA(VLOOKUP(BM$2&"F"&$A41+1,RackfileUPLOAD!$I:$K,3,FALSE),""))) | BO43: =IF(BM41="IcePack","",IFNA(VLOOKUP(BM$2&"F"&$A41+1&BO42,RackfileUPLOAD!$I:$K,3,FALSE),IFNA(VLOOKUP(BM$2&"F"&$A41+1,RackfileUPLOAD!$I:$K,3,FALSE),"")))
A45: =A41+2 -> 33 | D45: =IF(D$2="",,D$2&"_KW "&$B$2&"_F"&$A45) -> ASL3_KW 19_F33 | E45: =IFNA(VLOOKUP(E$2&"F"&$A45,RackfileUPLOAD!$H:$K,3,FALSE),"") | I45: =IF(I$2="",,I$2&"_KW "&$B$2&"_F"&$A4+15) -> ASL3_KW 19_F28 | J45: =IFNA(VLOOKUP(J$2&"F"&$A45+1,RackfileUPLOAD!$H:$K,3,FALSE),"") | O45: =IF(O$2="",,O$2&"_KW "&$B$2&"_F"&$A45) | P45: =IFNA(VLOOKUP(P$2&"F"&$A45,RackfileUPLOAD!$H:$K,3,FALSE),"") | T45: =IF(T$2="",,T$2&"_KW "&$B$2&"_F"&$A4+15) | U45: =IFNA(VLOOKUP(U$2&"F"&$A45+1,RackfileUPLOAD!$H:$K,3,FALSE),"") | Z45: =IF(Z$2="",,Z$2&"_KW "&$B$2&"_F"&$A45) | AA45: =IFNA(VLOOKUP(AA$2&"F"&$A45,RackfileUPLOAD!$H:$K,3,FALSE),"") | AE45: =IF(AE$2="",,AE$2&"_KW "&$B$2&"_F"&$A4+15) | AF45: =IFNA(VLOOKUP(AF$2&"F"&$A45+1,RackfileUPLOAD!$H:$K,3,FALSE),"") | AK45: =IF(AK$2="",,AK$2&"_KW "&$B$2&"_F"&$A45) | AL45: =IFNA(VLOOKUP(AL$2&"F"&$A45,RackfileUPLOAD!$H:$K,3,FALSE),"") | AP45: =IF(AP$2="",,AP$2&"_KW "&$B$2&"_F"&$A4+15) | AQ45: =IFNA(VLOOKUP(AQ$2&"F"&$A45+1,RackfileUPLOAD!$H:$K,3,FALSE),"") | AV45: =IF(AV$2="",,AV$2&"_KW "&$B$2&"_F"&$A45) | AW45: =IFNA(VLOOKUP(AW$2&"F"&$A45,RackfileUPLOAD!$H:$K,3,FALSE),"") | BA45: =IF(BA$2="",,BA$2&"_KW "&$B$2&"_F"&$A4+15) | BB45: =IFNA(VLOOKUP(BB$2&"F"&$A45+1,RackfileUPLOAD!$H:$K,3,FALSE),"") | BG45: =IF(BG$2="",,BG$2&"_KW "&$B$2&"_F"&$A45) | BH45: =IFNA(VLOOKUP(BH$2&"F"&$A45,RackfileUPLOAD!$H:$K,3,FALSE),"") | BL45: =IF(BL$2="",,BL$2&"_KW "&$B$2&"_F"&$A4+15) | BM45: =IFNA(VLOOKUP(BM$2&"F"&$A45+1,RackfileUPLOAD!$H:$K,3,FALSE),"")
E46: =IF(E45="","","2p") | F46: =IF(E45="","","3p") | G46: =IF(E45="","","4p") | J46: =IF(J45="","","2p") | K46: =IF(J45="","","3p") | L46: =IF(J45="","","4p") | P46: =IF(P45="","","2p") | Q46: =IF(P45="","","3p") | R46: =IF(P45="","","4p") | U46: =IF(U45="","","2p") | V46: =IF(U45="","","3p") | W46: =IF(U45="","","4p") | AA46: =IF(AA45="","","2p") | AB46: =IF(AA45="","","3p") | AC46: =IF(AA45="","","4p") | AF46: =IF(AF45="","","2p") | AG46: =IF(AF45="","","3p") | AH46: =IF(AF45="","","4p") | AL46: =IF(AL45="","","2p") | AM46: =IF(AL45="","","3p") | AN46: =IF(AL45="","","4p") | AQ46: =IF(AQ45="","","2p") | AR46: =IF(AQ45="","","3p") | AS46: =IF(AQ45="","","4p") | AW46: =IF(AW45="","","2p") | AX46: =IF(AW45="","","3p") | AY46: =IF(AW45="","","4p") | BB46: =IF(BB45="","","2p") | BC46: =IF(BB45="","","3p") | BD46: =IF(BB45="","","4p") | BH46: =IF(BH45="","","2p") | BI46: =IF(BH45="","","3p") | BJ46: =IF(BH45="","","4p") | BM46: =IF(BM45="","","2p") | BN46: =IF(BM45="","","3p") | BO46: =IF(BM45="","","4p")
E47: =IF(E45="IcePack","",IFNA(VLOOKUP(E$2&"F"&$A45&E46,RackfileUPLOAD!$I:$K,3,FALSE),IFNA(VLOOKUP(E$2&"F"&$A45,RackfileUPLOAD!$I:$K,3,FALSE),""))) | F47: =IF(E45="IcePack","",IFNA(VLOOKUP(E$2&"F"&$A45&F46,RackfileUPLOAD!$I:$K,3,FALSE),IFNA(VLOOKUP(E$2&"F"&$A45,RackfileUPLOAD!$I:$K,3,FALSE),""))) | G47: =IF(E45="IcePack","",IFNA(VLOOKUP(E$2&"F"&$A45&G46,RackfileUPLOAD!$I:$K,3,FALSE),IFNA(VLOOKUP(E$2&"F"&$A45,RackfileUPLOAD!$I:$K,3,FALSE),""))) | J47: =IF(J45="IcePack","",IFNA(VLOOKUP(J$2&"F"&$A45+1&J46,RackfileUPLOAD!$I:$K,3,FALSE),IFNA(VLOOKUP(J$2&"F"&$A45+1,RackfileUPLOAD!$I:$K,3,FALSE),""))) | K47: =IF(J45="IcePack","",IFNA(VLOOKUP(J$2&"F"&$A45+1&K46,RackfileUPLOAD!$I:$K,3,FALSE),IFNA(VLOOKUP(J$2&"F"&$A45+1,RackfileUPLOAD!$I:$K,3,FALSE),""))) | L47: =IF(J45="IcePack","",IFNA(VLOOKUP(J$2&"F"&$A45+1&L46,RackfileUPLOAD!$I:$K,3,FALSE),IFNA(VLOOKUP(J$2&"F"&$A45+1,RackfileUPLOAD!$I:$K,3,FALSE),""))) | P47: =IF(P45="IcePack","",IFNA(VLOOKUP(P$2&"F"&$A45&P46,RackfileUPLOAD!$I:$K,3,FALSE),IFNA(VLOOKUP(P$2&"F"&$A45,RackfileUPLOAD!$I:$K,3,FALSE),""))) | Q47: =IF(P45="IcePack","",IFNA(VLOOKUP(P$2&"F"&$A45&Q46,RackfileUPLOAD!$I:$K,3,FALSE),IFNA(VLOOKUP(P$2&"F"&$A45,RackfileUPLOAD!$I:$K,3,FALSE),""))) | R47: =IF(P45="IcePack","",IFNA(VLOOKUP(P$2&"F"&$A45&R46,RackfileUPLOAD!$I:$K,3,FALSE),IFNA(VLOOKUP(P$2&"F"&$A45,RackfileUPLOAD!$I:$K,3,FALSE),""))) | U47: =IF(U45="IcePack","",IFNA(VLOOKUP(U$2&"F"&$A45+1&U46,RackfileUPLOAD!$I:$K,3,FALSE),IFNA(VLOOKUP(U$2&"F"&$A45+1,RackfileUPLOAD!$I:$K,3,FALSE),""))) | V47: =IF(U45="IcePack","",IFNA(VLOOKUP(U$2&"F"&$A45+1&V46,RackfileUPLOAD!$I:$K,3,FALSE),IFNA(VLOOKUP(U$2&"F"&$A45+1,RackfileUPLOAD!$I:$K,3,FALSE),""))) | W47: =IF(U45="IcePack","",IFNA(VLOOKUP(U$2&"F"&$A45+1&W46,RackfileUPLOAD!$I:$K,3,FALSE),IFNA(VLOOKUP(U$2&"F"&$A45+1,RackfileUPLOAD!$I:$K,3,FALSE),""))) | AA47: =IF(AA45="IcePack","",IFNA(VLOOKUP(AA$2&"F"&$A45&AA46,RackfileUPLOAD!$I:$K,3,FALSE),IFNA(VLOOKUP(AA$2&"F"&$A45,RackfileUPLOAD!$I:$K,3,FALSE),""))) | AB47: =IF(AA45="IcePack","",IFNA(VLOOKUP(AA$2&"F"&$A45&AB46,RackfileUPLOAD!$I:$K,3,FALSE),IFNA(VLOOKUP(AA$2&"F"&$A45,RackfileUPLOAD!$I:$K,3,FALSE),""))) | AC47: =IF(AA45="IcePack","",IFNA(VLOOKUP(AA$2&"F"&$A45&AC46,RackfileUPLOAD!$I:$K,3,FALSE),IFNA(VLOOKUP(AA$2&"F"&$A45,RackfileUPLOAD!$I:$K,3,FALSE),""))) | AF47: =IF(AF45="IcePack","",IFNA(VLOOKUP(AF$2&"F"&$A45+1&AF46,RackfileUPLOAD!$I:$K,3,FALSE),IFNA(VLOOKUP(AF$2&"F"&$A45+1,RackfileUPLOAD!$I:$K,3,FALSE),""))) | AG47: =IF(AF45="IcePack","",IFNA(VLOOKUP(AF$2&"F"&$A45+1&AG46,RackfileUPLOAD!$I:$K,3,FALSE),IFNA(VLOOKUP(AF$2&"F"&$A45+1,RackfileUPLOAD!$I:$K,3,FALSE),""))) | AH47: =IF(AF45="IcePack","",IFNA(VLOOKUP(AF$2&"F"&$A45+1&AH46,RackfileUPLOAD!$I:$K,3,FALSE),IFNA(VLOOKUP(AF$2&"F"&$A45+1,RackfileUPLOAD!$I:$K,3,FALSE),""))) | AL47: =IF(AL45="IcePack","",IFNA(VLOOKUP(AL$2&"F"&$A45&AL46,RackfileUPLOAD!$I:$K,3,FALSE),IFNA(VLOOKUP(AL$2&"F"&$A45,RackfileUPLOAD!$I:$K,3,FALSE),""))) | AM47: =IF(AL45="IcePack","",IFNA(VLOOKUP(AL$2&"F"&$A45&AM46,RackfileUPLOAD!$I:$K,3,FALSE),IFNA(VLOOKUP(AL$2&"F"&$A45,RackfileUPLOAD!$I:$K,3,FALSE),""))) | AN47: =IF(AL45="IcePack","",IFNA(VLOOKUP(AL$2&"F"&$A45&AN46,RackfileUPLOAD!$I:$K,3,FALSE),IFNA(VLOOKUP(AL$2&"F"&$A45,RackfileUPLOAD!$I:$K,3,FALSE),""))) | AQ47: =IF(AQ45="IcePack","",IFNA(VLOOKUP(AQ$2&"F"&$A45+1&AQ46,RackfileUPLOAD!$I:$K,3,FALSE),IFNA(VLOOKUP(AQ$2&"F"&$A45+1,RackfileUPLOAD!$I:$K,3,FALSE),""))) | AR47: =IF(AQ45="IcePack","",IFNA(VLOOKUP(AQ$2&"F"&$A45+1&AR46,RackfileUPLOAD!$I:$K,3,FALSE),IFNA(VLOOKUP(AQ$2&"F"&$A45+1,RackfileUPLOAD!$I:$K,3,FALSE),""))) | AS47: =IF(AQ45="IcePack","",IFNA(VLOOKUP(AQ$2&"F"&$A45+1&AS46,RackfileUPLOAD!$I:$K,3,FALSE),IFNA(VLOOKUP(AQ$2&"F"&$A45+1,RackfileUPLOAD!$I:$K,3,FALSE),""))) | AW47: =IF(AW45="IcePack","",IFNA(VLOOKUP(AW$2&"F"&$A45&AW46,RackfileUPLOAD!$I:$K,3,FALSE),IFNA(VLOOKUP(AW$2&"F"&$A45,RackfileUPLOAD!$I:$K,3,FALSE),""))) | AX47: =IF(AW45="IcePack","",IFNA(VLOOKUP(AW$2&"F"&$A45&AX46,RackfileUPLOAD!$I:$K,3,FALSE),IFNA(VLOOKUP(AW$2&"F"&$A45,RackfileUPLOAD!$I:$K,3,FALSE),""))) | AY47: =IF(AW45="IcePack","",IFNA(VLOOKUP(AW$2&"F"&$A45&AY46,RackfileUPLOAD!$I:$K,3,FALSE),IFNA(VLOOKUP(AW$2&"F"&$A45,RackfileUPLOAD!$I:$K,3,FALSE),""))) | BB47: =IF(BB45="IcePack","",IFNA(VLOOKUP(BB$2&"F"&$A45+1&BB46,RackfileUPLOAD!$I:$K,3,FALSE),IFNA(VLOOKUP(BB$2&"F"&$A45+1,RackfileUPLOAD!$I:$K,3,FALSE),""))) | BC47: =IF(BB45="IcePack","",IFNA(VLOOKUP(BB$2&"F"&$A45+1&BC46,RackfileUPLOAD!$I:$K,3,FALSE),IFNA(VLOOKUP(BB$2&"F"&$A45+1,RackfileUPLOAD!$I:$K,3,FALSE),""))) | BD47: =IF(BB45="IcePack","",IFNA(VLOOKUP(BB$2&"F"&$A45+1&BD46,RackfileUPLOAD!$I:$K,3,FALSE),IFNA(VLOOKUP(BB$2&"F"&$A45+1,RackfileUPLOAD!$I:$K,3,FALSE),""))) | BH47: =IF(BH45="IcePack","",IFNA(VLOOKUP(BH$2&"F"&$A45&BH46,RackfileUPLOAD!$I:$K,3,FALSE),IFNA(VLOOKUP(BH$2&"F"&$A45,RackfileUPLOAD!$I:$K,3,FALSE),""))) | BI47: =IF(BH45="IcePack","",IFNA(VLOOKUP(BH$2&"F"&$A45&BI46,RackfileUPLOAD!$I:$K,3,FALSE),IFNA(VLOOKUP(BH$2&"F"&$A45,RackfileUPLOAD!$I:$K,3,FALSE),""))) | BJ47: =IF(BH45="IcePack","",IFNA(VLOOKUP(BH$2&"F"&$A45&BJ46,RackfileUPLOAD!$I:$K,3,FALSE),IFNA(VLOOKUP(BH$2&"F"&$A45,RackfileUPLOAD!$I:$K,3,FALSE),""))) | BM47: =IF(BM45="IcePack","",IFNA(VLOOKUP(BM$2&"F"&$A45+1&BM46,RackfileUPLOAD!$I:$K,3,FALSE),IFNA(VLOOKUP(BM$2&"F"&$A45+1,RackfileUPLOAD!$I:$K,3,FALSE),""))) | BN47: =IF(BM45="IcePack","",IFNA(VLOOKUP(BM$2&"F"&$A45+1&BN46,RackfileUPLOAD!$I:$K,3,FALSE),IFNA(VLOOKUP(BM$2&"F"&$A45+1,RackfileUPLOAD!$I:$K,3,FALSE),""))) | BO47: =IF(BM45="IcePack","",IFNA(VLOOKUP(BM$2&"F"&$A45+1&BO46,RackfileUPLOAD!$I:$K,3,FALSE),IFNA(VLOOKUP(BM$2&"F"&$A45+1,RackfileUPLOAD!$I:$K,3,FALSE),"")))
A49: =A45+2 -> 35 | D49: =IF(D$2="",,D$2&"_KW "&$B$2&"_F"&$A49) -> ASL3_KW 19_F35 | E49: =IFNA(VLOOKUP(E$2&"F"&$A49,RackfileUPLOAD!$H:$K,3,FALSE),"") | I49: =IF(I$2="",,I$2&"_KW "&$B$2&"_F"&$A4+19) -> ASL3_KW 19_F32 | J49: =IFNA(VLOOKUP(J$2&"F"&$A49+1,RackfileUPLOAD!$H:$K,3,FALSE),"") | O49: =IF(O$2="",,O$2&"_KW "&$B$2&"_F"&$A49) | P49: =IFNA(VLOOKUP(P$2&"F"&$A49,RackfileUPLOAD!$H:$K,3,FALSE),"") | T49: =IF(T$2="",,T$2&"_KW "&$B$2&"_F"&$A4+19) | U49: =IFNA(VLOOKUP(U$2&"F"&$A49+1,RackfileUPLOAD!$H:$K,3,FALSE),"") | Z49: =IF(Z$2="",,Z$2&"_KW "&$B$2&"_F"&$A49) | AA49: =IFNA(VLOOKUP(AA$2&"F"&$A49,RackfileUPLOAD!$H:$K,3,FALSE),"") | AE49: =IF(AE$2="",,AE$2&"_KW "&$B$2&"_F"&$A4+19) | AF49: =IFNA(VLOOKUP(AF$2&"F"&$A49+1,RackfileUPLOAD!$H:$K,3,FALSE),"") | AK49: =IF(AK$2="",,AK$2&"_KW "&$B$2&"_F"&$A49) | AL49: =IFNA(VLOOKUP(AL$2&"F"&$A49,RackfileUPLOAD!$H:$K,3,FALSE),"") | AP49: =IF(AP$2="",,AP$2&"_KW "&$B$2&"_F"&$A4+19) | AQ49: =IFNA(VLOOKUP(AQ$2&"F"&$A49+1,RackfileUPLOAD!$H:$K,3,FALSE),"") | AV49: =IF(AV$2="",,AV$2&"_KW "&$B$2&"_F"&$A49) | AW49: =IFNA(VLOOKUP(AW$2&"F"&$A49,RackfileUPLOAD!$H:$K,3,FALSE),"") | BA49: =IF(BA$2="",,BA$2&"_KW "&$B$2&"_F"&$A4+19) | BB49: =IFNA(VLOOKUP(BB$2&"F"&$A49+1,RackfileUPLOAD!$H:$K,3,FALSE),"") | BG49: =IF(BG$2="",,BG$2&"_KW "&$B$2&"_F"&$A49) | BH49: =IFNA(VLOOKUP(BH$2&"F"&$A49,RackfileUPLOAD!$H:$K,3,FALSE),"") | BL49: =IF(BL$2="",,BL$2&"_KW "&$B$2&"_F"&$A4+19) | BM49: =IFNA(VLOOKUP(BM$2&"F"&$A49+1,RackfileUPLOAD!$H:$K,3,FALSE),"")
E50: =IF(E49="","","2p") | F50: =IF(E49="","","3p") | G50: =IF(E49="","","4p") | J50: =IF(J49="","","2p") | K50: =IF(J49="","","3p") | L50: =IF(J49="","","4p") | P50: =IF(P49="","","2p") | Q50: =IF(P49="","","3p") | R50: =IF(P49="","","4p") | U50: =IF(U49="","","2p") | V50: =IF(U49="","","3p") | W50: =IF(U49="","","4p") | AA50: =IF(AA49="","","2p") | AB50: =IF(AA49="","","3p") | AC50: =IF(AA49="","","4p") | AF50: =IF(AF49="","","2p") | AG50: =IF(AF49="","","3p") | AH50: =IF(AF49="","","4p") | AL50: =IF(AL49="","","2p") | AM50: =IF(AL49="","","3p") | AN50: =IF(AL49="","","4p") | AQ50: =IF(AQ49="","","2p") | AR50: =IF(AQ49="","","3p") | AS50: =IF(AQ49="","","4p") | AW50: =IF(AW49="","","2p") | AX50: =IF(AW49="","","3p") | AY50: =IF(AW49="","","4p") | BB50: =IF(BB49="","","2p") | BC50: =IF(BB49="","","3p") | BD50: =IF(BB49="","","4p") | BH50: =IF(BH49="","","2p") | BI50: =IF(BH49="","","3p") | BJ50: =IF(BH49="","","4p") | BM50: =IF(BM49="","","2p") | BN50: =IF(BM49="","","3p") | BO50: =IF(BM49="","","4p")
E51: =IF(E49="IcePack","",IFNA(VLOOKUP(E$2&"F"&$A49&E50,RackfileUPLOAD!$I:$K,3,FALSE),IFNA(VLOOKUP(E$2&"F"&$A49,RackfileUPLOAD!$I:$K,3,FALSE),""))) | F51: =IF(E49="IcePack","",IFNA(VLOOKUP(E$2&"F"&$A49&F50,RackfileUPLOAD!$I:$K,3,FALSE),IFNA(VLOOKUP(E$2&"F"&$A49,RackfileUPLOAD!$I:$K,3,FALSE),""))) | G51: =IF(E49="IcePack","",IFNA(VLOOKUP(E$2&"F"&$A49&G50,RackfileUPLOAD!$I:$K,3,FALSE),IFNA(VLOOKUP(E$2&"F"&$A49,RackfileUPLOAD!$I:$K,3,FALSE),""))) | J51: =IF(J49="IcePack","",IFNA(VLOOKUP(J$2&"F"&$A49+1&J50,RackfileUPLOAD!$I:$K,3,FALSE),IFNA(VLOOKUP(J$2&"F"&$A49+1,RackfileUPLOAD!$I:$K,3,FALSE),""))) | K51: =IF(J49="IcePack","",IFNA(VLOOKUP(J$2&"F"&$A49+1&K50,RackfileUPLOAD!$I:$K,3,FALSE),IFNA(VLOOKUP(J$2&"F"&$A49+1,RackfileUPLOAD!$I:$K,3,FALSE),""))) | L51: =IF(J49="IcePack","",IFNA(VLOOKUP(J$2&"F"&$A49+1&L50,RackfileUPLOAD!$I:$K,3,FALSE),IFNA(VLOOKUP(J$2&"F"&$A49+1,RackfileUPLOAD!$I:$K,3,FALSE),""))) | P51: =IF(P49="IcePack","",IFNA(VLOOKUP(P$2&"F"&$A49&P50,RackfileUPLOAD!$I:$K,3,FALSE),IFNA(VLOOKUP(P$2&"F"&$A49,RackfileUPLOAD!$I:$K,3,FALSE),""))) | Q51: =IF(P49="IcePack","",IFNA(VLOOKUP(P$2&"F"&$A49&Q50,RackfileUPLOAD!$I:$K,3,FALSE),IFNA(VLOOKUP(P$2&"F"&$A49,RackfileUPLOAD!$I:$K,3,FALSE),""))) | R51: =IF(P49="IcePack","",IFNA(VLOOKUP(P$2&"F"&$A49&R50,RackfileUPLOAD!$I:$K,3,FALSE),IFNA(VLOOKUP(P$2&"F"&$A49,RackfileUPLOAD!$I:$K,3,FALSE),""))) | U51: =IF(U49="IcePack","",IFNA(VLOOKUP(U$2&"F"&$A49+1&U50,RackfileUPLOAD!$I:$K,3,FALSE),IFNA(VLOOKUP(U$2&"F"&$A49+1,RackfileUPLOAD!$I:$K,3,FALSE),""))) | V51: =IF(U49="IcePack","",IFNA(VLOOKUP(U$2&"F"&$A49+1&V50,RackfileUPLOAD!$I:$K,3,FALSE),IFNA(VLOOKUP(U$2&"F"&$A49+1,RackfileUPLOAD!$I:$K,3,FALSE),""))) | W51: =IF(U49="IcePack","",IFNA(VLOOKUP(U$2&"F"&$A49+1&W50,RackfileUPLOAD!$I:$K,3,FALSE),IFNA(VLOOKUP(U$2&"F"&$A49+1,RackfileUPLOAD!$I:$K,3,FALSE),""))) | AA51: =IF(AA49="IcePack","",IFNA(VLOOKUP(AA$2&"F"&$A49&AA50,RackfileUPLOAD!$I:$K,3,FALSE),IFNA(VLOOKUP(AA$2&"F"&$A49,RackfileUPLOAD!$I:$K,3,FALSE),""))) | AB51: =IF(AA49="IcePack","",IFNA(VLOOKUP(AA$2&"F"&$A49&AB50,RackfileUPLOAD!$I:$K,3,FALSE),IFNA(VLOOKUP(AA$2&"F"&$A49,RackfileUPLOAD!$I:$K,3,FALSE),""))) | AC51: =IF(AA49="IcePack","",IFNA(VLOOKUP(AA$2&"F"&$A49&AC50,RackfileUPLOAD!$I:$K,3,FALSE),IFNA(VLOOKUP(AA$2&"F"&$A49,RackfileUPLOAD!$I:$K,3,FALSE),""))) | AF51: =IF(AF49="IcePack","",IFNA(VLOOKUP(AF$2&"F"&$A49+1&AF50,RackfileUPLOAD!$I:$K,3,FALSE),IFNA(VLOOKUP(AF$2&"F"&$A49+1,RackfileUPLOAD!$I:$K,3,FALSE),""))) | AG51: =IF(AF49="IcePack","",IFNA(VLOOKUP(AF$2&"F"&$A49+1&AG50,RackfileUPLOAD!$I:$K,3,FALSE),IFNA(VLOOKUP(AF$2&"F"&$A49+1,RackfileUPLOAD!$I:$K,3,FALSE),""))) | AH51: =IF(AF49="IcePack","",IFNA(VLOOKUP(AF$2&"F"&$A49+1&AH50,RackfileUPLOAD!$I:$K,3,FALSE),IFNA(VLOOKUP(AF$2&"F"&$A49+1,RackfileUPLOAD!$I:$K,3,FALSE),""))) | AL51: =IF(AL49="IcePack","",IFNA(VLOOKUP(AL$2&"F"&$A49&AL50,RackfileUPLOAD!$I:$K,3,FALSE),IFNA(VLOOKUP(AL$2&"F"&$A49,RackfileUPLOAD!$I:$K,3,FALSE),""))) | AM51: =IF(AL49="IcePack","",IFNA(VLOOKUP(AL$2&"F"&$A49&AM50,RackfileUPLOAD!$I:$K,3,FALSE),IFNA(VLOOKUP(AL$2&"F"&$A49,RackfileUPLOAD!$I:$K,3,FALSE),""))) | AN51: =IF(AL49="IcePack","",IFNA(VLOOKUP(AL$2&"F"&$A49&AN50,RackfileUPLOAD!$I:$K,3,FALSE),IFNA(VLOOKUP(AL$2&"F"&$A49,RackfileUPLOAD!$I:$K,3,FALSE),""))) | AQ51: =IF(AQ49="IcePack","",IFNA(VLOOKUP(AQ$2&"F"&$A49+1&AQ50,RackfileUPLOAD!$I:$K,3,FALSE),IFNA(VLOOKUP(AQ$2&"F"&$A49+1,RackfileUPLOAD!$I:$K,3,FALSE),""))) | AR51: =IF(AQ49="IcePack","",IFNA(VLOOKUP(AQ$2&"F"&$A49+1&AR50,RackfileUPLOAD!$I:$K,3,FALSE),IFNA(VLOOKUP(AQ$2&"F"&$A49+1,RackfileUPLOAD!$I:$K,3,FALSE),""))) | AS51: =IF(AQ49="IcePack","",IFNA(VLOOKUP(AQ$2&"F"&$A49+1&AS50,RackfileUPLOAD!$I:$K,3,FALSE),IFNA(VLOOKUP(AQ$2&"F"&$A49+1,RackfileUPLOAD!$I:$K,3,FALSE),""))) | AW51: =IF(AW49="IcePack","",IFNA(VLOOKUP(AW$2&"F"&$A49&AW50,RackfileUPLOAD!$I:$K,3,FALSE),IFNA(VLOOKUP(AW$2&"F"&$A49,RackfileUPLOAD!$I:$K,3,FALSE),""))) | AX51: =IF(AW49="IcePack","",IFNA(VLOOKUP(AW$2&"F"&$A49&AX50,RackfileUPLOAD!$I:$K,3,FALSE),IFNA(VLOOKUP(AW$2&"F"&$A49,RackfileUPLOAD!$I:$K,3,FALSE),""))) | AY51: =IF(AW49="IcePack","",IFNA(VLOOKUP(AW$2&"F"&$A49&AY50,RackfileUPLOAD!$I:$K,3,FALSE),IFNA(VLOOKUP(AW$2&"F"&$A49,RackfileUPLOAD!$I:$K,3,FALSE),""))) | BB51: =IF(BB49="IcePack","",IFNA(VLOOKUP(BB$2&"F"&$A49+1&BB50,RackfileUPLOAD!$I:$K,3,FALSE),IFNA(VLOOKUP(BB$2&"F"&$A49+1,RackfileUPLOAD!$I:$K,3,FALSE),""))) | BC51: =IF(BB49="IcePack","",IFNA(VLOOKUP(BB$2&"F"&$A49+1&BC50,RackfileUPLOAD!$I:$K,3,FALSE),IFNA(VLOOKUP(BB$2&"F"&$A49+1,RackfileUPLOAD!$I:$K,3,FALSE),""))) | BD51: =IF(BB49="IcePack","",IFNA(VLOOKUP(BB$2&"F"&$A49+1&BD50,RackfileUPLOAD!$I:$K,3,FALSE),IFNA(VLOOKUP(BB$2&"F"&$A49+1,RackfileUPLOAD!$I:$K,3,FALSE),""))) | BH51: =IF(BH49="IcePack","",IFNA(VLOOKUP(BH$2&"F"&$A49&BH50,RackfileUPLOAD!$I:$K,3,FALSE),IFNA(VLOOKUP(BH$2&"F"&$A49,RackfileUPLOAD!$I:$K,3,FALSE),""))) | BI51: =IF(BH49="IcePack","",IFNA(VLOOKUP(BH$2&"F"&$A49&BI50,RackfileUPLOAD!$I:$K,3,FALSE),IFNA(VLOOKUP(BH$2&"F"&$A49,RackfileUPLOAD!$I:$K,3,FALSE),""))) | BJ51: =IF(BH49="IcePack","",IFNA(VLOOKUP(BH$2&"F"&$A49&BJ50,RackfileUPLOAD!$I:$K,3,FALSE),IFNA(VLOOKUP(BH$2&"F"&$A49,RackfileUPLOAD!$I:$K,3,FALSE),""))) | BM51: =IF(BM49="IcePack","",IFNA(VLOOKUP(BM$2&"F"&$A49+1&BM50,RackfileUPLOAD!$I:$K,3,FALSE),IFNA(VLOOKUP(BM$2&"F"&$A49+1,RackfileUPLOAD!$I:$K,3,FALSE),""))) | BN51: =IF(BM49="IcePack","",IFNA(VLOOKUP(BM$2&"F"&$A49+1&BN50,RackfileUPLOAD!$I:$K,3,FALSE),IFNA(VLOOKUP(BM$2&"F"&$A49+1,RackfileUPLOAD!$I:$K,3,FALSE),""))) | BO51: =IF(BM49="IcePack","",IFNA(VLOOKUP(BM$2&"F"&$A49+1&BO50,RackfileUPLOAD!$I:$K,3,FALSE),IFNA(VLOOKUP(BM$2&"F"&$A49+1,RackfileUPLOAD!$I:$K,3,FALSE),"")))
A54: =A49+2 -> 37 | D54: =IF(D$2="",,D$2&"_KW "&$B$2&"_F"&$A54) -> ASL3_KW 19_F37 | E54: =IFNA(VLOOKUP(E$2&"F"&$A54,RackfileUPLOAD!$H:$K,3,FALSE),"") | I54: =IF(I$2="",,I$2&"_KW "&$B$2&"_F"&$A54) -> ASL3_KW 19_F37 | J54: =IFNA(VLOOKUP(J$2&"F"&$A54+1,RackfileUPLOAD!$H:$K,3,FALSE),"") | O54: =IF(O$2="",,O$2&"_KW "&$B$2&"_F"&$A54) | P54: =IFNA(VLOOKUP(P$2&"F"&$A54,RackfileUPLOAD!$H:$K,3,FALSE),"") | T54: =IF(T$2="",,T$2&"_KW "&$B$2&"_F"&$A54) | U54: =IFNA(VLOOKUP(U$2&"F"&$A54+1,RackfileUPLOAD!$H:$K,3,FALSE),"") | Z54: =IF(Z$2="",,Z$2&"_KW "&$B$2&"_F"&$A54) | AA54: =IFNA(VLOOKUP(AA$2&"F"&$A54,RackfileUPLOAD!$H:$K,3,FALSE),"") | AE54: =IF(AE$2="",,AE$2&"_KW "&$B$2&"_F"&$A54) | AF54: =IFNA(VLOOKUP(AF$2&"F"&$A54+1,RackfileUPLOAD!$H:$K,3,FALSE),"") | AK54: =IF(AK$2="",,AK$2&"_KW "&$B$2&"_F"&$A54) | AL54: =IFNA(VLOOKUP(AL$2&"F"&$A54,RackfileUPLOAD!$H:$K,3,FALSE),"") | AP54: =IF(AP$2="",,AP$2&"_KW "&$B$2&"_F"&$A54) | AQ54: =IFNA(VLOOKUP(AQ$2&"F"&$A54+1,RackfileUPLOAD!$H:$K,3,FALSE),"") | AV54: =IF(AV$2="",,AV$2&"_KW "&$B$2&"_F"&$A54) | AW54: =IFNA(VLOOKUP(AW$2&"F"&$A54,RackfileUPLOAD!$H:$K,3,FALSE),"") | BA54: =IF(BA$2="",,BA$2&"_KW "&$B$2&"_F"&$A54) | BB54: =IFNA(VLOOKUP(BB$2&"F"&$A54+1,RackfileUPLOAD!$H:$K,3,FALSE),"") | BG54: =IF(BG$2="",,BG$2&"_KW "&$B$2&"_F"&$A54) | BH54: =IFNA(VLOOKUP(BH$2&"F"&$A54,RackfileUPLOAD!$H:$K,3,FALSE),"") | BL54: =IF(BL$2="",,BL$2&"_KW "&$B$2&"_F"&$A54) | BM54: =IFNA(VLOOKUP(BM$2&"F"&$A54+1,RackfileUPLOAD!$H:$K,3,FALSE),"")
E55: =IF(E54="","","2p") | F55: =IF(E54="","","3p") | G55: =IF(E54="","","4p") | J55: =IF(J54="","","2p") | K55: =IF(J54="","","3p") | L55: =IF(J54="","","4p") | P55: =IF(P54="","","2p") | Q55: =IF(P54="","","3p") | R55: =IF(P54="","","4p") | U55: =IF(U54="","","2p") | V55: =IF(U54="","","3p") | W55: =IF(U54="","","4p") | AA55: =IF(AA54="","","2p") | AB55: =IF(AA54="","","3p") | AC55: =IF(AA54="","","4p") | AF55: =IF(AF54="","","2p") | AG55: =IF(AF54="","","3p") | AH55: =IF(AF54="","","4p") | AL55: =IF(AL54="","","2p") | AM55: =IF(AL54="","","3p") | AN55: =IF(AL54="","","4p") | AQ55: =IF(AQ54="","","2p") | AR55: =IF(AQ54="","","3p") | AS55: =IF(AQ54="","","4p") | AW55: =IF(AW54="","","2p") | AX55: =IF(AW54="","","3p") | AY55: =IF(AW54="","","4p") | BB55: =IF(BB54="","","2p") | BC55: =IF(BB54="","","3p") | BD55: =IF(BB54="","","4p") | BH55: =IF(BH54="","","2p") | BI55: =IF(BH54="","","3p") | BJ55: =IF(BH54="","","4p") | BM55: =IF(BM54="","","2p") | BN55: =IF(BM54="","","3p") | BO55: =IF(BM54="","","4p")
E56: =IF(E54="IcePack","",IFNA(VLOOKUP(E$2&"F"&$A54&E55,RackfileUPLOAD!$I:$K,3,FALSE),IFNA(VLOOKUP(E$2&"F"&$A54,RackfileUPLOAD!$I:$K,3,FALSE),""))) | F56: =IF(E54="IcePack","",IFNA(VLOOKUP(E$2&"F"&$A54&F55,RackfileUPLOAD!$I:$K,3,FALSE),IFNA(VLOOKUP(E$2&"F"&$A54,RackfileUPLOAD!$I:$K,3,FALSE),""))) | G56: =IF(E54="IcePack","",IFNA(VLOOKUP(E$2&"F"&$A54&G55,RackfileUPLOAD!$I:$K,3,FALSE),IFNA(VLOOKUP(E$2&"F"&$A54,RackfileUPLOAD!$I:$K,3,FALSE),""))) | J56: =IF(J54="IcePack","",IFNA(VLOOKUP(J$2&"F"&$A54+1&J55,RackfileUPLOAD!$I:$K,3,FALSE),IFNA(VLOOKUP(J$2&"F"&$A54+1,RackfileUPLOAD!$I:$K,3,FALSE),""))) | K56: =IF(J54="IcePack","",IFNA(VLOOKUP(J$2&"F"&$A54+1&K55,RackfileUPLOAD!$I:$K,3,FALSE),IFNA(VLOOKUP(J$2&"F"&$A54+1,RackfileUPLOAD!$I:$K,3,FALSE),""))) | L56: =IF(J54="IcePack","",IFNA(VLOOKUP(J$2&"F"&$A54+1&L55,RackfileUPLOAD!$I:$K,3,FALSE),IFNA(VLOOKUP(J$2&"F"&$A54+1,RackfileUPLOAD!$I:$K,3,FALSE),""))) | P56: =IF(P54="IcePack","",IFNA(VLOOKUP(P$2&"F"&$A54&P55,RackfileUPLOAD!$I:$K,3,FALSE),IFNA(VLOOKUP(P$2&"F"&$A54,RackfileUPLOAD!$I:$K,3,FALSE),""))) | Q56: =IF(P54="IcePack","",IFNA(VLOOKUP(P$2&"F"&$A54&Q55,RackfileUPLOAD!$I:$K,3,FALSE),IFNA(VLOOKUP(P$2&"F"&$A54,RackfileUPLOAD!$I:$K,3,FALSE),""))) | R56: =IF(P54="IcePack","",IFNA(VLOOKUP(P$2&"F"&$A54&R55,RackfileUPLOAD!$I:$K,3,FALSE),IFNA(VLOOKUP(P$2&"F"&$A54,RackfileUPLOAD!$I:$K,3,FALSE),""))) | U56: =IF(U54="IcePack","",IFNA(VLOOKUP(U$2&"F"&$A54+1&U55,RackfileUPLOAD!$I:$K,3,FALSE),IFNA(VLOOKUP(U$2&"F"&$A54+1,RackfileUPLOAD!$I:$K,3,FALSE),""))) | V56: =IF(U54="IcePack","",IFNA(VLOOKUP(U$2&"F"&$A54+1&V55,RackfileUPLOAD!$I:$K,3,FALSE),IFNA(VLOOKUP(U$2&"F"&$A54+1,RackfileUPLOAD!$I:$K,3,FALSE),""))) | W56: =IF(U54="IcePack","",IFNA(VLOOKUP(U$2&"F"&$A54+1&W55,RackfileUPLOAD!$I:$K,3,FALSE),IFNA(VLOOKUP(U$2&"F"&$A54+1,RackfileUPLOAD!$I:$K,3,FALSE),""))) | AA56: =IF(AA54="IcePack","",IFNA(VLOOKUP(AA$2&"F"&$A54&AA55,RackfileUPLOAD!$I:$K,3,FALSE),IFNA(VLOOKUP(AA$2&"F"&$A54,RackfileUPLOAD!$I:$K,3,FALSE),""))) | AB56: =IF(AA54="IcePack","",IFNA(VLOOKUP(AA$2&"F"&$A54&AB55,RackfileUPLOAD!$I:$K,3,FALSE),IFNA(VLOOKUP(AA$2&"F"&$A54,RackfileUPLOAD!$I:$K,3,FALSE),""))) | AC56: =IF(AA54="IcePack","",IFNA(VLOOKUP(AA$2&"F"&$A54&AC55,RackfileUPLOAD!$I:$K,3,FALSE),IFNA(VLOOKUP(AA$2&"F"&$A54,RackfileUPLOAD!$I:$K,3,FALSE),""))) | AF56: =IF(AF54="IcePack","",IFNA(VLOOKUP(AF$2&"F"&$A54+1&AF55,RackfileUPLOAD!$I:$K,3,FALSE),IFNA(VLOOKUP(AF$2&"F"&$A54+1,RackfileUPLOAD!$I:$K,3,FALSE),""))) | AG56: =IF(AF54="IcePack","",IFNA(VLOOKUP(AF$2&"F"&$A54+1&AG55,RackfileUPLOAD!$I:$K,3,FALSE),IFNA(VLOOKUP(AF$2&"F"&$A54+1,RackfileUPLOAD!$I:$K,3,FALSE),""))) | AH56: =IF(AF54="IcePack","",IFNA(VLOOKUP(AF$2&"F"&$A54+1&AH55,RackfileUPLOAD!$I:$K,3,FALSE),IFNA(VLOOKUP(AF$2&"F"&$A54+1,RackfileUPLOAD!$I:$K,3,FALSE),""))) | AL56: =IF(AL54="IcePack","",IFNA(VLOOKUP(AL$2&"F"&$A54&AL55,RackfileUPLOAD!$I:$K,3,FALSE),IFNA(VLOOKUP(AL$2&"F"&$A54,RackfileUPLOAD!$I:$K,3,FALSE),""))) | AM56: =IF(AL54="IcePack","",IFNA(VLOOKUP(AL$2&"F"&$A54&AM55,RackfileUPLOAD!$I:$K,3,FALSE),IFNA(VLOOKUP(AL$2&"F"&$A54,RackfileUPLOAD!$I:$K,3,FALSE),""))) | AN56: =IF(AL54="IcePack","",IFNA(VLOOKUP(AL$2&"F"&$A54&AN55,RackfileUPLOAD!$I:$K,3,FALSE),IFNA(VLOOKUP(AL$2&"F"&$A54,RackfileUPLOAD!$I:$K,3,FALSE),""))) | AQ56: =IF(AQ54="IcePack","",IFNA(VLOOKUP(AQ$2&"F"&$A54+1&AQ55,RackfileUPLOAD!$I:$K,3,FALSE),IFNA(VLOOKUP(AQ$2&"F"&$A54+1,RackfileUPLOAD!$I:$K,3,FALSE),""))) | AR56: =IF(AQ54="IcePack","",IFNA(VLOOKUP(AQ$2&"F"&$A54+1&AR55,RackfileUPLOAD!$I:$K,3,FALSE),IFNA(VLOOKUP(AQ$2&"F"&$A54+1,RackfileUPLOAD!$I:$K,3,FALSE),""))) | AS56: =IF(AQ54="IcePack","",IFNA(VLOOKUP(AQ$2&"F"&$A54+1&AS55,RackfileUPLOAD!$I:$K,3,FALSE),IFNA(VLOOKUP(AQ$2&"F"&$A54+1,RackfileUPLOAD!$I:$K,3,FALSE),""))) | AW56: =IF(AW54="IcePack","",IFNA(VLOOKUP(AW$2&"F"&$A54&AW55,RackfileUPLOAD!$I:$K,3,FALSE),IFNA(VLOOKUP(AW$2&"F"&$A54,RackfileUPLOAD!$I:$K,3,FALSE),""))) | AX56: =IF(AW54="IcePack","",IFNA(VLOOKUP(AW$2&"F"&$A54&AX55,RackfileUPLOAD!$I:$K,3,FALSE),IFNA(VLOOKUP(AW$2&"F"&$A54,RackfileUPLOAD!$I:$K,3,FALSE),""))) | AY56: =IF(AW54="IcePack","",IFNA(VLOOKUP(AW$2&"F"&$A54&AY55,RackfileUPLOAD!$I:$K,3,FALSE),IFNA(VLOOKUP(AW$2&"F"&$A54,RackfileUPLOAD!$I:$K,3,FALSE),""))) | BB56: =IF(BB54="IcePack","",IFNA(VLOOKUP(BB$2&"F"&$A54+1&BB55,RackfileUPLOAD!$I:$K,3,FALSE),IFNA(VLOOKUP(BB$2&"F"&$A54+1,RackfileUPLOAD!$I:$K,3,FALSE),""))) | BC56: =IF(BB54="IcePack","",IFNA(VLOOKUP(BB$2&"F"&$A54+1&BC55,RackfileUPLOAD!$I:$K,3,FALSE),IFNA(VLOOKUP(BB$2&"F"&$A54+1,RackfileUPLOAD!$I:$K,3,FALSE),""))) | BD56: =IF(BB54="IcePack","",IFNA(VLOOKUP(BB$2&"F"&$A54+1&BD55,RackfileUPLOAD!$I:$K,3,FALSE),IFNA(VLOOKUP(BB$2&"F"&$A54+1,RackfileUPLOAD!$I:$K,3,FALSE),""))) | BH56: =IF(BH54="IcePack","",IFNA(VLOOKUP(BH$2&"F"&$A54&BH55,RackfileUPLOAD!$I:$K,3,FALSE),IFNA(VLOOKUP(BH$2&"F"&$A54,RackfileUPLOAD!$I:$K,3,FALSE),""))) | BI56: =IF(BH54="IcePack","",IFNA(VLOOKUP(BH$2&"F"&$A54&BI55,RackfileUPLOAD!$I:$K,3,FALSE),IFNA(VLOOKUP(BH$2&"F"&$A54,RackfileUPLOAD!$I:$K,3,FALSE),""))) | BJ56: =IF(BH54="IcePack","",IFNA(VLOOKUP(BH$2&"F"&$A54&BJ55,RackfileUPLOAD!$I:$K,3,FALSE),IFNA(VLOOKUP(BH$2&"F"&$A54,RackfileUPLOAD!$I:$K,3,FALSE),""))) | BM56: =IF(BM54="IcePack","",IFNA(VLOOKUP(BM$2&"F"&$A54+1&BM55,RackfileUPLOAD!$I:$K,3,FALSE),IFNA(VLOOKUP(BM$2&"F"&$A54+1,RackfileUPLOAD!$I:$K,3,FALSE),""))) | BN56: =IF(BM54="IcePack","",IFNA(VLOOKUP(BM$2&"F"&$A54+1&BN55,RackfileUPLOAD!$I:$K,3,FALSE),IFNA(VLOOKUP(BM$2&"F"&$A54+1,RackfileUPLOAD!$I:$K,3,FALSE),""))) | BO56: =IF(BM54="IcePack","",IFNA(VLOOKUP(BM$2&"F"&$A54+1&BO55,RackfileUPLOAD!$I:$K,3,FALSE),IFNA(VLOOKUP(BM$2&"F"&$A54+1,RackfileUPLOAD!$I:$K,3,FALSE),"")))
A58: =A54+2 -> 39 | D58: =IF(D$2="",,D$2&"_KW "&$B$2&"_F"&$A58) -> ASL3_KW 19_F39 | E58: =IFNA(VLOOKUP(E$2&"F"&$A58,RackfileUPLOAD!$H:$K,3,FALSE),"") | I58: =IF(I$2="",,I$2&"_KW "&$B$2&"_F"&$A58) -> ASL3_KW 19_F39 | J58: =IFNA(VLOOKUP(J$2&"F"&$A58+1,RackfileUPLOAD!$H:$K,3,FALSE),"") | O58: =IF(O$2="",,O$2&"_KW "&$B$2&"_F"&$A58) | P58: =IFNA(VLOOKUP(P$2&"F"&$A58,RackfileUPLOAD!$H:$K,3,FALSE),"") | T58: =IF(T$2="",,T$2&"_KW "&$B$2&"_F"&$A58) | U58: =IFNA(VLOOKUP(U$2&"F"&$A58+1,RackfileUPLOAD!$H:$K,3,FALSE),"") | Z58: =IF(Z$2="",,Z$2&"_KW "&$B$2&"_F"&$A58) | AA58: =IFNA(VLOOKUP(AA$2&"F"&$A58,RackfileUPLOAD!$H:$K,3,FALSE),"") | AE58: =IF(AE$2="",,AE$2&"_KW "&$B$2&"_F"&$A58) | AF58: =IFNA(VLOOKUP(AF$2&"F"&$A58+1,RackfileUPLOAD!$H:$K,3,FALSE),"") | AK58: =IF(AK$2="",,AK$2&"_KW "&$B$2&"_F"&$A58) | AL58: =IFNA(VLOOKUP(AL$2&"F"&$A58,RackfileUPLOAD!$H:$K,3,FALSE),"") | AP58: =IF(AP$2="",,AP$2&"_KW "&$B$2&"_F"&$A58) | AQ58: =IFNA(VLOOKUP(AQ$2&"F"&$A58+1,RackfileUPLOAD!$H:$K,3,FALSE),"") | AV58: =IF(AV$2="",,AV$2&"_KW "&$B$2&"_F"&$A58) | AW58: =IFNA(VLOOKUP(AW$2&"F"&$A58,RackfileUPLOAD!$H:$K,3,FALSE),"") | BA58: =IF(BA$2="",,BA$2&"_KW "&$B$2&"_F"&$A58) | BB58: =IFNA(VLOOKUP(BB$2&"F"&$A58+1,RackfileUPLOAD!$H:$K,3,FALSE),"") | BG58: =IF(BG$2="",,BG$2&"_KW "&$B$2&"_F"&$A58) | BH58: =IFNA(VLOOKUP(BH$2&"F"&$A58,RackfileUPLOAD!$H:$K,3,FALSE),"") | BL58: =IF(BL$2="",,BL$2&"_KW "&$B$2&"_F"&$A58) | BM58: =IFNA(VLOOKUP(BM$2&"F"&$A58+1,RackfileUPLOAD!$H:$K,3,FALSE),"")
E59: =IF(E58="","","2p") | F59: =IF(E58="","","3p") | G59: =IF(E58="","","4p") | J59: =IF(J58="","","2p") | K59: =IF(J58="","","3p") | L59: =IF(J58="","","4p") | P59: =IF(P58="","","2p") | Q59: =IF(P58="","","3p") | R59: =IF(P58="","","4p") | U59: =IF(U58="","","2p") | V59: =IF(U58="","","3p") | W59: =IF(U58="","","4p") | AA59: =IF(AA58="","","2p") | AB59: =IF(AA58="","","3p") | AC59: =IF(AA58="","","4p") | AF59: =IF(AF58="","","2p") | AG59: =IF(AF58="","","3p") | AH59: =IF(AF58="","","4p") | AL59: =IF(AL58="","","2p") | AM59: =IF(AL58="","","3p") | AN59: =IF(AL58="","","4p") | AQ59: =IF(AQ58="","","2p") | AR59: =IF(AQ58="","","3p") | AS59: =IF(AQ58="","","4p") | AW59: =IF(AW58="","","2p") | AX59: =IF(AW58="","","3p") | AY59: =IF(AW58="","","4p") | BB59: =IF(BB58="","","2p") | BC59: =IF(BB58="","","3p") | BD59: =IF(BB58="","","4p") | BH59: =IF(BH58="","","2p") | BI59: =IF(BH58="","","3p") | BJ59: =IF(BH58="","","4p") | BM59: =IF(BM58="","","2p") | BN59: =IF(BM58="","","3p") | BO59: =IF(BM58="","","4p")
E60: =IF(E58="IcePack","",IFNA(VLOOKUP(E$2&"F"&$A58&E59,RackfileUPLOAD!$I:$K,3,FALSE),IFNA(VLOOKUP(E$2&"F"&$A58,RackfileUPLOAD!$I:$K,3,FALSE),""))) | F60: =IF(E58="IcePack","",IFNA(VLOOKUP(E$2&"F"&$A58&F59,RackfileUPLOAD!$I:$K,3,FALSE),IFNA(VLOOKUP(E$2&"F"&$A58,RackfileUPLOAD!$I:$K,3,FALSE),""))) | G60: =IF(E58="IcePack","",IFNA(VLOOKUP(E$2&"F"&$A58&G59,RackfileUPLOAD!$I:$K,3,FALSE),IFNA(VLOOKUP(E$2&"F"&$A58,RackfileUPLOAD!$I:$K,3,FALSE),""))) | J60: =IF(J58="IcePack","",IFNA(VLOOKUP(J$2&"F"&$A58+1&J59,RackfileUPLOAD!$I:$K,3,FALSE),IFNA(VLOOKUP(J$2&"F"&$A58+1,RackfileUPLOAD!$I:$K,3,FALSE),""))) | K60: =IF(J58="IcePack","",IFNA(VLOOKUP(J$2&"F"&$A58+1&K59,RackfileUPLOAD!$I:$K,3,FALSE),IFNA(VLOOKUP(J$2&"F"&$A58+1,RackfileUPLOAD!$I:$K,3,FALSE),""))) | L60: =IF(J58="IcePack","",IFNA(VLOOKUP(J$2&"F"&$A58+1&L59,RackfileUPLOAD!$I:$K,3,FALSE),IFNA(VLOOKUP(J$2&"F"&$A58+1,RackfileUPLOAD!$I:$K,3,FALSE),""))) | P60: =IF(P58="IcePack","",IFNA(VLOOKUP(P$2&"F"&$A58&P59,RackfileUPLOAD!$I:$K,3,FALSE),IFNA(VLOOKUP(P$2&"F"&$A58,RackfileUPLOAD!$I:$K,3,FALSE),""))) | Q60: =IF(P58="IcePack","",IFNA(VLOOKUP(P$2&"F"&$A58&Q59,RackfileUPLOAD!$I:$K,3,FALSE),IFNA(VLOOKUP(P$2&"F"&$A58,RackfileUPLOAD!$I:$K,3,FALSE),""))) | R60: =IF(P58="IcePack","",IFNA(VLOOKUP(P$2&"F"&$A58&R59,RackfileUPLOAD!$I:$K,3,FALSE),IFNA(VLOOKUP(P$2&"F"&$A58,RackfileUPLOAD!$I:$K,3,FALSE),""))) | U60: =IF(U58="IcePack","",IFNA(VLOOKUP(U$2&"F"&$A58+1&U59,RackfileUPLOAD!$I:$K,3,FALSE),IFNA(VLOOKUP(U$2&"F"&$A58+1,RackfileUPLOAD!$I:$K,3,FALSE),""))) | V60: =IF(U58="IcePack","",IFNA(VLOOKUP(U$2&"F"&$A58+1&V59,RackfileUPLOAD!$I:$K,3,FALSE),IFNA(VLOOKUP(U$2&"F"&$A58+1,RackfileUPLOAD!$I:$K,3,FALSE),""))) | W60: =IF(U58="IcePack","",IFNA(VLOOKUP(U$2&"F"&$A58+1&W59,RackfileUPLOAD!$I:$K,3,FALSE),IFNA(VLOOKUP(U$2&"F"&$A58+1,RackfileUPLOAD!$I:$K,3,FALSE),""))) | AA60: =IF(AA58="IcePack","",IFNA(VLOOKUP(AA$2&"F"&$A58&AA59,RackfileUPLOAD!$I:$K,3,FALSE),IFNA(VLOOKUP(AA$2&"F"&$A58,RackfileUPLOAD!$I:$K,3,FALSE),""))) | AB60: =IF(AA58="IcePack","",IFNA(VLOOKUP(AA$2&"F"&$A58&AB59,RackfileUPLOAD!$I:$K,3,FALSE),IFNA(VLOOKUP(AA$2&"F"&$A58,RackfileUPLOAD!$I:$K,3,FALSE),""))) | AC60: =IF(AA58="IcePack","",IFNA(VLOOKUP(AA$2&"F"&$A58&AC59,RackfileUPLOAD!$I:$K,3,FALSE),IFNA(VLOOKUP(AA$2&"F"&$A58,RackfileUPLOAD!$I:$K,3,FALSE),""))) | AF60: =IF(AF58="IcePack","",IFNA(VLOOKUP(AF$2&"F"&$A58+1&AF59,RackfileUPLOAD!$I:$K,3,FALSE),IFNA(VLOOKUP(AF$2&"F"&$A58+1,RackfileUPLOAD!$I:$K,3,FALSE),""))) | AG60: =IF(AF58="IcePack","",IFNA(VLOOKUP(AF$2&"F"&$A58+1&AG59,RackfileUPLOAD!$I:$K,3,FALSE),IFNA(VLOOKUP(AF$2&"F"&$A58+1,RackfileUPLOAD!$I:$K,3,FALSE),""))) | AH60: =IF(AF58="IcePack","",IFNA(VLOOKUP(AF$2&"F"&$A58+1&AH59,RackfileUPLOAD!$I:$K,3,FALSE),IFNA(VLOOKUP(AF$2&"F"&$A58+1,RackfileUPLOAD!$I:$K,3,FALSE),""))) | AL60: =IF(AL58="IcePack","",IFNA(VLOOKUP(AL$2&"F"&$A58&AL59,RackfileUPLOAD!$I:$K,3,FALSE),IFNA(VLOOKUP(AL$2&"F"&$A58,RackfileUPLOAD!$I:$K,3,FALSE),""))) | AM60: =IF(AL58="IcePack","",IFNA(VLOOKUP(AL$2&"F"&$A58&AM59,RackfileUPLOAD!$I:$K,3,FALSE),IFNA(VLOOKUP(AL$2&"F"&$A58,RackfileUPLOAD!$I:$K,3,FALSE),""))) | AN60: =IF(AL58="IcePack","",IFNA(VLOOKUP(AL$2&"F"&$A58&AN59,RackfileUPLOAD!$I:$K,3,FALSE),IFNA(VLOOKUP(AL$2&"F"&$A58,RackfileUPLOAD!$I:$K,3,FALSE),""))) | AQ60: =IF(AQ58="IcePack","",IFNA(VLOOKUP(AQ$2&"F"&$A58+1&AQ59,RackfileUPLOAD!$I:$K,3,FALSE),IFNA(VLOOKUP(AQ$2&"F"&$A58+1,RackfileUPLOAD!$I:$K,3,FALSE),""))) | AR60: =IF(AQ58="IcePack","",IFNA(VLOOKUP(AQ$2&"F"&$A58+1&AR59,RackfileUPLOAD!$I:$K,3,FALSE),IFNA(VLOOKUP(AQ$2&"F"&$A58+1,RackfileUPLOAD!$I:$K,3,FALSE),""))) | AS60: =IF(AQ58="IcePack","",IFNA(VLOOKUP(AQ$2&"F"&$A58+1&AS59,RackfileUPLOAD!$I:$K,3,FALSE),IFNA(VLOOKUP(AQ$2&"F"&$A58+1,RackfileUPLOAD!$I:$K,3,FALSE),""))) | AW60: =IF(AW58="IcePack","",IFNA(VLOOKUP(AW$2&"F"&$A58&AW59,RackfileUPLOAD!$I:$K,3,FALSE),IFNA(VLOOKUP(AW$2&"F"&$A58,RackfileUPLOAD!$I:$K,3,FALSE),""))) | AX60: =IF(AW58="IcePack","",IFNA(VLOOKUP(AW$2&"F"&$A58&AX59,RackfileUPLOAD!$I:$K,3,FALSE),IFNA(VLOOKUP(AW$2&"F"&$A58,RackfileUPLOAD!$I:$K,3,FALSE),""))) | AY60: =IF(AW58="IcePack","",IFNA(VLOOKUP(AW$2&"F"&$A58&AY59,RackfileUPLOAD!$I:$K,3,FALSE),IFNA(VLOOKUP(AW$2&"F"&$A58,RackfileUPLOAD!$I:$K,3,FALSE),""))) | BB60: =IF(BB58="IcePack","",IFNA(VLOOKUP(BB$2&"F"&$A58+1&BB59,RackfileUPLOAD!$I:$K,3,FALSE),IFNA(VLOOKUP(BB$2&"F"&$A58+1,RackfileUPLOAD!$I:$K,3,FALSE),""))) | BC60: =IF(BB58="IcePack","",IFNA(VLOOKUP(BB$2&"F"&$A58+1&BC59,RackfileUPLOAD!$I:$K,3,FALSE),IFNA(VLOOKUP(BB$2&"F"&$A58+1,RackfileUPLOAD!$I:$K,3,FALSE),""))) | BD60: =IF(BB58="IcePack","",IFNA(VLOOKUP(BB$2&"F"&$A58+1&BD59,RackfileUPLOAD!$I:$K,3,FALSE),IFNA(VLOOKUP(BB$2&"F"&$A58+1,RackfileUPLOAD!$I:$K,3,FALSE),""))) | BH60: =IF(BH58="IcePack","",IFNA(VLOOKUP(BH$2&"F"&$A58&BH59,RackfileUPLOAD!$I:$K,3,FALSE),IFNA(VLOOKUP(BH$2&"F"&$A58,RackfileUPLOAD!$I:$K,3,FALSE),""))) | BI60: =IF(BH58="IcePack","",IFNA(VLOOKUP(BH$2&"F"&$A58&BI59,RackfileUPLOAD!$I:$K,3,FALSE),IFNA(VLOOKUP(BH$2&"F"&$A58,RackfileUPLOAD!$I:$K,3,FALSE),""))) | BJ60: =IF(BH58="IcePack","",IFNA(VLOOKUP(BH$2&"F"&$A58&BJ59,RackfileUPLOAD!$I:$K,3,FALSE),IFNA(VLOOKUP(BH$2&"F"&$A58,RackfileUPLOAD!$I:$K,3,FALSE),""))) | BM60: =IF(BM58="IcePack","",IFNA(VLOOKUP(BM$2&"F"&$A58+1&BM59,RackfileUPLOAD!$I:$K,3,FALSE),IFNA(VLOOKUP(BM$2&"F"&$A58+1,RackfileUPLOAD!$I:$K,3,FALSE),""))) | BN60: =IF(BM58="IcePack","",IFNA(VLOOKUP(BM$2&"F"&$A58+1&BN59,RackfileUPLOAD!$I:$K,3,FALSE),IFNA(VLOOKUP(BM$2&"F"&$A58+1,RackfileUPLOAD!$I:$K,3,FALSE),""))) | BO60: =IF(BM58="IcePack","",IFNA(VLOOKUP(BM$2&"F"&$A58+1&BO59,RackfileUPLOAD!$I:$K,3,FALSE),IFNA(VLOOKUP(BM$2&"F"&$A58+1,RackfileUPLOAD!$I:$K,3,FALSE),"")))
A62: =A58+2 -> 41 | D62: =IF(D$2="",,D$2&"_KW "&$B$2&"_F"&$A62) -> ASL3_KW 19_F41 | E62: =IFNA(VLOOKUP(E$2&"F"&$A62,RackfileUPLOAD!$H:$K,3,FALSE),"") | I62: =IF(I$2="",,I$2&"_KW "&$B$2&"_F"&$A62) -> ASL3_KW 19_F41 | J62: =IFNA(VLOOKUP(J$2&"F"&$A62+1,RackfileUPLOAD!$H:$K,3,FALSE),"") | O62: =IF(O$2="",,O$2&"_KW "&$B$2&"_F"&$A62) | P62: =IFNA(VLOOKUP(P$2&"F"&$A62,RackfileUPLOAD!$H:$K,3,FALSE),"") | T62: =IF(T$2="",,T$2&"_KW "&$B$2&"_F"&$A62) | U62: =IFNA(VLOOKUP(U$2&"F"&$A62+1,RackfileUPLOAD!$H:$K,3,FALSE),"") | Z62: =IF(Z$2="",,Z$2&"_KW "&$B$2&"_F"&$A62) | AA62: =IFNA(VLOOKUP(AA$2&"F"&$A62,RackfileUPLOAD!$H:$K,3,FALSE),"") | AE62: =IF(AE$2="",,AE$2&"_KW "&$B$2&"_F"&$A62) | AF62: =IFNA(VLOOKUP(AF$2&"F"&$A62+1,RackfileUPLOAD!$H:$K,3,FALSE),"") | AK62: =IF(AK$2="",,AK$2&"_KW "&$B$2&"_F"&$A62) | AL62: =IFNA(VLOOKUP(AL$2&"F"&$A62,RackfileUPLOAD!$H:$K,3,FALSE),"") | AP62: =IF(AP$2="",,AP$2&"_KW "&$B$2&"_F"&$A62) | AQ62: =IFNA(VLOOKUP(AQ$2&"F"&$A62+1,RackfileUPLOAD!$H:$K,3,FALSE),"") | AV62: =IF(AV$2="",,AV$2&"_KW "&$B$2&"_F"&$A62) | AW62: =IFNA(VLOOKUP(AW$2&"F"&$A62,RackfileUPLOAD!$H:$K,3,FALSE),"") | BA62: =IF(BA$2="",,BA$2&"_KW "&$B$2&"_F"&$A62) | BB62: =IFNA(VLOOKUP(BB$2&"F"&$A62+1,RackfileUPLOAD!$H:$K,3,FALSE),"") | BG62: =IF(BG$2="",,BG$2&"_KW "&$B$2&"_F"&$A62) | BH62: =IFNA(VLOOKUP(BH$2&"F"&$A62,RackfileUPLOAD!$H:$K,3,FALSE),"") | BL62: =IF(BL$2="",,BL$2&"_KW "&$B$2&"_F"&$A62) | BM62: =IFNA(VLOOKUP(BM$2&"F"&$A62+1,RackfileUPLOAD!$H:$K,3,FALSE),"")
E63: =IF(E62="","","2p") | F63: =IF(E62="","","3p") | G63: =IF(E62="","","4p") | J63: =IF(J62="","","2p") | K63: =IF(J62="","","3p") | L63: =IF(J62="","","4p") | P63: =IF(P62="","","2p") | Q63: =IF(P62="","","3p") | R63: =IF(P62="","","4p") | U63: =IF(U62="","","2p") | V63: =IF(U62="","","3p") | W63: =IF(U62="","","4p") | AA63: =IF(AA62="","","2p") | AB63: =IF(AA62="","","3p") | AC63: =IF(AA62="","","4p") | AF63: =IF(AF62="","","2p") | AG63: =IF(AF62="","","3p") | AH63: =IF(AF62="","","4p") | AL63: =IF(AL62="","","2p") | AM63: =IF(AL62="","","3p") | AN63: =IF(AL62="","","4p") | AQ63: =IF(AQ62="","","2p") | AR63: =IF(AQ62="","","3p") | AS63: =IF(AQ62="","","4p") | AW63: =IF(AW62="","","2p") | AX63: =IF(AW62="","","3p") | AY63: =IF(AW62="","","4p") | BB63: =IF(BB62="","","2p") | BC63: =IF(BB62="","","3p") | BD63: =IF(BB62="","","4p") | BH63: =IF(BH62="","","2p") | BI63: =IF(BH62="","","3p") | BJ63: =IF(BH62="","","4p") | BM63: =IF(BM62="","","2p") | BN63: =IF(BM62="","","3p") | BO63: =IF(BM62="","","4p")
E64: =IF(E62="IcePack","",IFNA(VLOOKUP(E$2&"F"&$A62&E63,RackfileUPLOAD!$I:$K,3,FALSE),IFNA(VLOOKUP(E$2&"F"&$A62,RackfileUPLOAD!$I:$K,3,FALSE),""))) | F64: =IF(E62="IcePack","",IFNA(VLOOKUP(E$2&"F"&$A62&F63,RackfileUPLOAD!$I:$K,3,FALSE),IFNA(VLOOKUP(E$2&"F"&$A62,RackfileUPLOAD!$I:$K,3,FALSE),""))) | G64: =IF(E62="IcePack","",IFNA(VLOOKUP(E$2&"F"&$A62&G63,RackfileUPLOAD!$I:$K,3,FALSE),IFNA(VLOOKUP(E$2&"F"&$A62,RackfileUPLOAD!$I:$K,3,FALSE),""))) | J64: =IF(J62="IcePack","",IFNA(VLOOKUP(J$2&"F"&$A62+1&J63,RackfileUPLOAD!$I:$K,3,FALSE),IFNA(VLOOKUP(J$2&"F"&$A62+1,RackfileUPLOAD!$I:$K,3,FALSE),""))) | K64: =IF(J62="IcePack","",IFNA(VLOOKUP(J$2&"F"&$A62+1&K63,RackfileUPLOAD!$I:$K,3,FALSE),IFNA(VLOOKUP(J$2&"F"&$A62+1,RackfileUPLOAD!$I:$K,3,FALSE),""))) | L64: =IF(J62="IcePack","",IFNA(VLOOKUP(J$2&"F"&$A62+1&L63,RackfileUPLOAD!$I:$K,3,FALSE),IFNA(VLOOKUP(J$2&"F"&$A62+1,RackfileUPLOAD!$I:$K,3,FALSE),""))) | P64: =IF(P62="IcePack","",IFNA(VLOOKUP(P$2&"F"&$A62&P63,RackfileUPLOAD!$I:$K,3,FALSE),IFNA(VLOOKUP(P$2&"F"&$A62,RackfileUPLOAD!$I:$K,3,FALSE),""))) | Q64: =IF(P62="IcePack","",IFNA(VLOOKUP(P$2&"F"&$A62&Q63,RackfileUPLOAD!$I:$K,3,FALSE),IFNA(VLOOKUP(P$2&"F"&$A62,RackfileUPLOAD!$I:$K,3,FALSE),""))) | R64: =IF(P62="IcePack","",IFNA(VLOOKUP(P$2&"F"&$A62&R63,RackfileUPLOAD!$I:$K,3,FALSE),IFNA(VLOOKUP(P$2&"F"&$A62,RackfileUPLOAD!$I:$K,3,FALSE),""))) | U64: =IF(U62="IcePack","",IFNA(VLOOKUP(U$2&"F"&$A62+1&U63,RackfileUPLOAD!$I:$K,3,FALSE),IFNA(VLOOKUP(U$2&"F"&$A62+1,RackfileUPLOAD!$I:$K,3,FALSE),""))) | V64: =IF(U62="IcePack","",IFNA(VLOOKUP(U$2&"F"&$A62+1&V63,RackfileUPLOAD!$I:$K,3,FALSE),IFNA(VLOOKUP(U$2&"F"&$A62+1,RackfileUPLOAD!$I:$K,3,FALSE),""))) | W64: =IF(U62="IcePack","",IFNA(VLOOKUP(U$2&"F"&$A62+1&W63,RackfileUPLOAD!$I:$K,3,FALSE),IFNA(VLOOKUP(U$2&"F"&$A62+1,RackfileUPLOAD!$I:$K,3,FALSE),""))) | AA64: =IF(AA62="IcePack","",IFNA(VLOOKUP(AA$2&"F"&$A62&AA63,RackfileUPLOAD!$I:$K,3,FALSE),IFNA(VLOOKUP(AA$2&"F"&$A62,RackfileUPLOAD!$I:$K,3,FALSE),""))) | AB64: =IF(AA62="IcePack","",IFNA(VLOOKUP(AA$2&"F"&$A62&AB63,RackfileUPLOAD!$I:$K,3,FALSE),IFNA(VLOOKUP(AA$2&"F"&$A62,RackfileUPLOAD!$I:$K,3,FALSE),""))) | AC64: =IF(AA62="IcePack","",IFNA(VLOOKUP(AA$2&"F"&$A62&AC63,RackfileUPLOAD!$I:$K,3,FALSE),IFNA(VLOOKUP(AA$2&"F"&$A62,RackfileUPLOAD!$I:$K,3,FALSE),""))) | AF64: =IF(AF62="IcePack","",IFNA(VLOOKUP(AF$2&"F"&$A62+1&AF63,RackfileUPLOAD!$I:$K,3,FALSE),IFNA(VLOOKUP(AF$2&"F"&$A62+1,RackfileUPLOAD!$I:$K,3,FALSE),""))) | AG64: =IF(AF62="IcePack","",IFNA(VLOOKUP(AF$2&"F"&$A62+1&AG63,RackfileUPLOAD!$I:$K,3,FALSE),IFNA(VLOOKUP(AF$2&"F"&$A62+1,RackfileUPLOAD!$I:$K,3,FALSE),""))) | AH64: =IF(AF62="IcePack","",IFNA(VLOOKUP(AF$2&"F"&$A62+1&AH63,RackfileUPLOAD!$I:$K,3,FALSE),IFNA(VLOOKUP(AF$2&"F"&$A62+1,RackfileUPLOAD!$I:$K,3,FALSE),""))) | AL64: =IF(AL62="IcePack","",IFNA(VLOOKUP(AL$2&"F"&$A62&AL63,RackfileUPLOAD!$I:$K,3,FALSE),IFNA(VLOOKUP(AL$2&"F"&$A62,RackfileUPLOAD!$I:$K,3,FALSE),""))) | AM64: =IF(AL62="IcePack","",IFNA(VLOOKUP(AL$2&"F"&$A62&AM63,RackfileUPLOAD!$I:$K,3,FALSE),IFNA(VLOOKUP(AL$2&"F"&$A62,RackfileUPLOAD!$I:$K,3,FALSE),""))) | AN64: =IF(AL62="IcePack","",IFNA(VLOOKUP(AL$2&"F"&$A62&AN63,RackfileUPLOAD!$I:$K,3,FALSE),IFNA(VLOOKUP(AL$2&"F"&$A62,RackfileUPLOAD!$I:$K,3,FALSE),""))) | AQ64: =IF(AQ62="IcePack","",IFNA(VLOOKUP(AQ$2&"F"&$A62+1&AQ63,RackfileUPLOAD!$I:$K,3,FALSE),IFNA(VLOOKUP(AQ$2&"F"&$A62+1,RackfileUPLOAD!$I:$K,3,FALSE),""))) | AR64: =IF(AQ62="IcePack","",IFNA(VLOOKUP(AQ$2&"F"&$A62+1&AR63,RackfileUPLOAD!$I:$K,3,FALSE),IFNA(VLOOKUP(AQ$2&"F"&$A62+1,RackfileUPLOAD!$I:$K,3,FALSE),""))) | AS64: =IF(AQ62="IcePack","",IFNA(VLOOKUP(AQ$2&"F"&$A62+1&AS63,RackfileUPLOAD!$I:$K,3,FALSE),IFNA(VLOOKUP(AQ$2&"F"&$A62+1,RackfileUPLOAD!$I:$K,3,FALSE),""))) | AW64: =IF(AW62="IcePack","",IFNA(VLOOKUP(AW$2&"F"&$A62&AW63,RackfileUPLOAD!$I:$K,3,FALSE),IFNA(VLOOKUP(AW$2&"F"&$A62,RackfileUPLOAD!$I:$K,3,FALSE),""))) | AX64: =IF(AW62="IcePack","",IFNA(VLOOKUP(AW$2&"F"&$A62&AX63,RackfileUPLOAD!$I:$K,3,FALSE),IFNA(VLOOKUP(AW$2&"F"&$A62,RackfileUPLOAD!$I:$K,3,FALSE),""))) | AY64: =IF(AW62="IcePack","",IFNA(VLOOKUP(AW$2&"F"&$A62&AY63,RackfileUPLOAD!$I:$K,3,FALSE),IFNA(VLOOKUP(AW$2&"F"&$A62,RackfileUPLOAD!$I:$K,3,FALSE),""))) | BB64: =IF(BB62="IcePack","",IFNA(VLOOKUP(BB$2&"F"&$A62+1&BB63,RackfileUPLOAD!$I:$K,3,FALSE),IFNA(VLOOKUP(BB$2&"F"&$A62+1,RackfileUPLOAD!$I:$K,3,FALSE),""))) | BC64: =IF(BB62="IcePack","",IFNA(VLOOKUP(BB$2&"F"&$A62+1&BC63,RackfileUPLOAD!$I:$K,3,FALSE),IFNA(VLOOKUP(BB$2&"F"&$A62+1,RackfileUPLOAD!$I:$K,3,FALSE),""))) | BD64: =IF(BB62="IcePack","",IFNA(VLOOKUP(BB$2&"F"&$A62+1&BD63,RackfileUPLOAD!$I:$K,3,FALSE),IFNA(VLOOKUP(BB$2&"F"&$A62+1,RackfileUPLOAD!$I:$K,3,FALSE),""))) | BH64: =IF(BH62="IcePack","",IFNA(VLOOKUP(BH$2&"F"&$A62&BH63,RackfileUPLOAD!$I:$K,3,FALSE),IFNA(VLOOKUP(BH$2&"F"&$A62,RackfileUPLOAD!$I:$K,3,FALSE),""))) | BI64: =IF(BH62="IcePack","",IFNA(VLOOKUP(BH$2&"F"&$A62&BI63,RackfileUPLOAD!$I:$K,3,FALSE),IFNA(VLOOKUP(BH$2&"F"&$A62,RackfileUPLOAD!$I:$K,3,FALSE),""))) | BJ64: =IF(BH62="IcePack","",IFNA(VLOOKUP(BH$2&"F"&$A62&BJ63,RackfileUPLOAD!$I:$K,3,FALSE),IFNA(VLOOKUP(BH$2&"F"&$A62,RackfileUPLOAD!$I:$K,3,FALSE),""))) | BM64: =IF(BM62="IcePack","",IFNA(VLOOKUP(BM$2&"F"&$A62+1&BM63,RackfileUPLOAD!$I:$K,3,FALSE),IFNA(VLOOKUP(BM$2&"F"&$A62+1,RackfileUPLOAD!$I:$K,3,FALSE),""))) | BN64: =IF(BM62="IcePack","",IFNA(VLOOKUP(BM$2&"F"&$A62+1&BN63,RackfileUPLOAD!$I:$K,3,FALSE),IFNA(VLOOKUP(BM$2&"F"&$A62+1,RackfileUPLOAD!$I:$K,3,FALSE),""))) | BO64: =IF(BM62="IcePack","",IFNA(VLOOKUP(BM$2&"F"&$A62+1&BO63,RackfileUPLOAD!$I:$K,3,FALSE),IFNA(VLOOKUP(BM$2&"F"&$A62+1,RackfileUPLOAD!$I:$K,3,FALSE),"")))
A66: =A62+2 -> 43 | D66: =IF(D$2="",,D$2&"_KW "&$B$2&"_F"&$A66) -> ASL3_KW 19_F43 | E66: =IFNA(VLOOKUP(E$2&"F"&$A66,RackfileUPLOAD!$H:$K,3,FALSE),"") | I66: =IF(I$2="",,I$2&"_KW "&$B$2&"_F"&$A66) -> ASL3_KW 19_F43 | J66: =IFNA(VLOOKUP(J$2&"F"&$A66+1,RackfileUPLOAD!$H:$K,3,FALSE),"") | O66: =IF(O$2="",,O$2&"_KW "&$B$2&"_F"&$A66) | P66: =IFNA(VLOOKUP(P$2&"F"&$A66,RackfileUPLOAD!$H:$K,3,FALSE),"") | T66: =IF(T$2="",,T$2&"_KW "&$B$2&"_F"&$A66) | U66: =IFNA(VLOOKUP(U$2&"F"&$A66+1,RackfileUPLOAD!$H:$K,3,FALSE),"") | Z66: =IF(Z$2="",,Z$2&"_KW "&$B$2&"_F"&$A66) | AA66: =IFNA(VLOOKUP(AA$2&"F"&$A66,RackfileUPLOAD!$H:$K,3,FALSE),"") | AE66: =IF(AE$2="",,AE$2&"_KW "&$B$2&"_F"&$A66) | AF66: =IFNA(VLOOKUP(AF$2&"F"&$A66+1,RackfileUPLOAD!$H:$K,3,FALSE),"") | AK66: =IF(AK$2="",,AK$2&"_KW "&$B$2&"_F"&$A66) | AL66: =IFNA(VLOOKUP(AL$2&"F"&$A66,RackfileUPLOAD!$H:$K,3,FALSE),"") | AP66: =IF(AP$2="",,AP$2&"_KW "&$B$2&"_F"&$A66) | AQ66: =IFNA(VLOOKUP(AQ$2&"F"&$A66+1,RackfileUPLOAD!$H:$K,3,FALSE),"") | AV66: =IF(AV$2="",,AV$2&"_KW "&$B$2&"_F"&$A66) | AW66: =IFNA(VLOOKUP(AW$2&"F"&$A66,RackfileUPLOAD!$H:$K,3,FALSE),"") | BA66: =IF(BA$2="",,BA$2&"_KW "&$B$2&"_F"&$A66) | BB66: =IFNA(VLOOKUP(BB$2&"F"&$A66+1,RackfileUPLOAD!$H:$K,3,FALSE),"") | BG66: =IF(BG$2="",,BG$2&"_KW "&$B$2&"_F"&$A66) | BH66: =IFNA(VLOOKUP(BH$2&"F"&$A66,RackfileUPLOAD!$H:$K,3,FALSE),"") | BL66: =IF(BL$2="",,BL$2&"_KW "&$B$2&"_F"&$A66) | BM66: =IFNA(VLOOKUP(BM$2&"F"&$A66+1,RackfileUPLOAD!$H:$K,3,FALSE),"")
E67: =IF(E66="","","2p") | F67: =IF(E66="","","3p") | G67: =IF(E66="","","4p") | J67: =IF(J66="","","2p") | K67: =IF(J66="","","3p") | L67: =IF(J66="","","4p") | P67: =IF(P66="","","2p") | Q67: =IF(P66="","","3p") | R67: =IF(P66="","","4p") | U67: =IF(U66="","","2p") | V67: =IF(U66="","","3p") | W67: =IF(U66="","","4p") | AA67: =IF(AA66="","","2p") | AB67: =IF(AA66="","","3p") | AC67: =IF(AA66="","","4p") | AF67: =IF(AF66="","","2p") | AG67: =IF(AF66="","","3p") | AH67: =IF(AF66="","","4p") | AL67: =IF(AL66="","","2p") | AM67: =IF(AL66="","","3p") | AN67: =IF(AL66="","","4p") | AQ67: =IF(AQ66="","","2p") | AR67: =IF(AQ66="","","3p") | AS67: =IF(AQ66="","","4p") | AW67: =IF(AW66="","","2p") | AX67: =IF(AW66="","","3p") | AY67: =IF(AW66="","","4p") | BB67: =IF(BB66="","","2p") | BC67: =IF(BB66="","","3p") | BD67: =IF(BB66="","","4p") | BH67: =IF(BH66="","","2p") | BI67: =IF(BH66="","","3p") | BJ67: =IF(BH66="","","4p") | BM67: =IF(BM66="","","2p") | BN67: =IF(BM66="","","3p") | BO67: =IF(BM66="","","4p")
E68: =IF(E66="IcePack","",IFNA(VLOOKUP(E$2&"F"&$A66&E67,RackfileUPLOAD!$I:$K,3,FALSE),IFNA(VLOOKUP(E$2&"F"&$A66,RackfileUPLOAD!$I:$K,3,FALSE),""))) | F68: =IF(E66="IcePack","",IFNA(VLOOKUP(E$2&"F"&$A66&F67,RackfileUPLOAD!$I:$K,3,FALSE),IFNA(VLOOKUP(E$2&"F"&$A66,RackfileUPLOAD!$I:$K,3,FALSE),""))) | G68: =IF(E66="IcePack","",IFNA(VLOOKUP(E$2&"F"&$A66&G67,RackfileUPLOAD!$I:$K,3,FALSE),IFNA(VLOOKUP(E$2&"F"&$A66,RackfileUPLOAD!$I:$K,3,FALSE),""))) | J68: =IF(J66="IcePack","",IFNA(VLOOKUP(J$2&"F"&$A66+1&J67,RackfileUPLOAD!$I:$K,3,FALSE),IFNA(VLOOKUP(J$2&"F"&$A66+1,RackfileUPLOAD!$I:$K,3,FALSE),""))) | K68: =IF(J66="IcePack","",IFNA(VLOOKUP(J$2&"F"&$A66+1&K67,RackfileUPLOAD!$I:$K,3,FALSE),IFNA(VLOOKUP(J$2&"F"&$A66+1,RackfileUPLOAD!$I:$K,3,FALSE),""))) | L68: =IF(J66="IcePack","",IFNA(VLOOKUP(J$2&"F"&$A66+1&L67,RackfileUPLOAD!$I:$K,3,FALSE),IFNA(VLOOKUP(J$2&"F"&$A66+1,RackfileUPLOAD!$I:$K,3,FALSE),""))) | P68: =IF(P66="IcePack","",IFNA(VLOOKUP(P$2&"F"&$A66&P67,RackfileUPLOAD!$I:$K,3,FALSE),IFNA(VLOOKUP(P$2&"F"&$A66,RackfileUPLOAD!$I:$K,3,FALSE),""))) | Q68: =IF(P66="IcePack","",IFNA(VLOOKUP(P$2&"F"&$A66&Q67,RackfileUPLOAD!$I:$K,3,FALSE),IFNA(VLOOKUP(P$2&"F"&$A66,RackfileUPLOAD!$I:$K,3,FALSE),""))) | R68: =IF(P66="IcePack","",IFNA(VLOOKUP(P$2&"F"&$A66&R67,RackfileUPLOAD!$I:$K,3,FALSE),IFNA(VLOOKUP(P$2&"F"&$A66,RackfileUPLOAD!$I:$K,3,FALSE),""))) | U68: =IF(U66="IcePack","",IFNA(VLOOKUP(U$2&"F"&$A66+1&U67,RackfileUPLOAD!$I:$K,3,FALSE),IFNA(VLOOKUP(U$2&"F"&$A66+1,RackfileUPLOAD!$I:$K,3,FALSE),""))) | V68: =IF(U66="IcePack","",IFNA(VLOOKUP(U$2&"F"&$A66+1&V67,RackfileUPLOAD!$I:$K,3,FALSE),IFNA(VLOOKUP(U$2&"F"&$A66+1,RackfileUPLOAD!$I:$K,3,FALSE),""))) | W68: =IF(U66="IcePack","",IFNA(VLOOKUP(U$2&"F"&$A66+1&W67,RackfileUPLOAD!$I:$K,3,FALSE),IFNA(VLOOKUP(U$2&"F"&$A66+1,RackfileUPLOAD!$I:$K,3,FALSE),""))) | AA68: =IF(AA66="IcePack","",IFNA(VLOOKUP(AA$2&"F"&$A66&AA67,RackfileUPLOAD!$I:$K,3,FALSE),IFNA(VLOOKUP(AA$2&"F"&$A66,RackfileUPLOAD!$I:$K,3,FALSE),""))) | AB68: =IF(AA66="IcePack","",IFNA(VLOOKUP(AA$2&"F"&$A66&AB67,RackfileUPLOAD!$I:$K,3,FALSE),IFNA(VLOOKUP(AA$2&"F"&$A66,RackfileUPLOAD!$I:$K,3,FALSE),""))) | AC68: =IF(AA66="IcePack","",IFNA(VLOOKUP(AA$2&"F"&$A66&AC67,RackfileUPLOAD!$I:$K,3,FALSE),IFNA(VLOOKUP(AA$2&"F"&$A66,RackfileUPLOAD!$I:$K,3,FALSE),""))) | AF68: =IF(AF66="IcePack","",IFNA(VLOOKUP(AF$2&"F"&$A66+1&AF67,RackfileUPLOAD!$I:$K,3,FALSE),IFNA(VLOOKUP(AF$2&"F"&$A66+1,RackfileUPLOAD!$I:$K,3,FALSE),""))) | AG68: =IF(AF66="IcePack","",IFNA(VLOOKUP(AF$2&"F"&$A66+1&AG67,RackfileUPLOAD!$I:$K,3,FALSE),IFNA(VLOOKUP(AF$2&"F"&$A66+1,RackfileUPLOAD!$I:$K,3,FALSE),""))) | AH68: =IF(AF66="IcePack","",IFNA(VLOOKUP(AF$2&"F"&$A66+1&AH67,RackfileUPLOAD!$I:$K,3,FALSE),IFNA(VLOOKUP(AF$2&"F"&$A66+1,RackfileUPLOAD!$I:$K,3,FALSE),""))) | AL68: =IF(AL66="IcePack","",IFNA(VLOOKUP(AL$2&"F"&$A66&AL67,RackfileUPLOAD!$I:$K,3,FALSE),IFNA(VLOOKUP(AL$2&"F"&$A66,RackfileUPLOAD!$I:$K,3,FALSE),""))) | AM68: =IF(AL66="IcePack","",IFNA(VLOOKUP(AL$2&"F"&$A66&AM67,RackfileUPLOAD!$I:$K,3,FALSE),IFNA(VLOOKUP(AL$2&"F"&$A66,RackfileUPLOAD!$I:$K,3,FALSE),""))) | AN68: =IF(AL66="IcePack","",IFNA(VLOOKUP(AL$2&"F"&$A66&AN67,RackfileUPLOAD!$I:$K,3,FALSE),IFNA(VLOOKUP(AL$2&"F"&$A66,RackfileUPLOAD!$I:$K,3,FALSE),""))) | AQ68: =IF(AQ66="IcePack","",IFNA(VLOOKUP(AQ$2&"F"&$A66+1&AQ67,RackfileUPLOAD!$I:$K,3,FALSE),IFNA(VLOOKUP(AQ$2&"F"&$A66+1,RackfileUPLOAD!$I:$K,3,FALSE),""))) | AR68: =IF(AQ66="IcePack","",IFNA(VLOOKUP(AQ$2&"F"&$A66+1&AR67,RackfileUPLOAD!$I:$K,3,FALSE),IFNA(VLOOKUP(AQ$2&"F"&$A66+1,RackfileUPLOAD!$I:$K,3,FALSE),""))) | AS68: =IF(AQ66="IcePack","",IFNA(VLOOKUP(AQ$2&"F"&$A66+1&AS67,RackfileUPLOAD!$I:$K,3,FALSE),IFNA(VLOOKUP(AQ$2&"F"&$A66+1,RackfileUPLOAD!$I:$K,3,FALSE),""))) | AW68: =IF(AW66="IcePack","",IFNA(VLOOKUP(AW$2&"F"&$A66&AW67,RackfileUPLOAD!$I:$K,3,FALSE),IFNA(VLOOKUP(AW$2&"F"&$A66,RackfileUPLOAD!$I:$K,3,FALSE),""))) | AX68: =IF(AW66="IcePack","",IFNA(VLOOKUP(AW$2&"F"&$A66&AX67,RackfileUPLOAD!$I:$K,3,FALSE),IFNA(VLOOKUP(AW$2&"F"&$A66,RackfileUPLOAD!$I:$K,3,FALSE),""))) | AY68: =IF(AW66="IcePack","",IFNA(VLOOKUP(AW$2&"F"&$A66&AY67,RackfileUPLOAD!$I:$K,3,FALSE),IFNA(VLOOKUP(AW$2&"F"&$A66,RackfileUPLOAD!$I:$K,3,FALSE),""))) | BB68: =IF(BB66="IcePack","",IFNA(VLOOKUP(BB$2&"F"&$A66+1&BB67,RackfileUPLOAD!$I:$K,3,FALSE),IFNA(VLOOKUP(BB$2&"F"&$A66+1,RackfileUPLOAD!$I:$K,3,FALSE),""))) | BC68: =IF(BB66="IcePack","",IFNA(VLOOKUP(BB$2&"F"&$A66+1&BC67,RackfileUPLOAD!$I:$K,3,FALSE),IFNA(VLOOKUP(BB$2&"F"&$A66+1,RackfileUPLOAD!$I:$K,3,FALSE),""))) | BD68: =IF(BB66="IcePack","",IFNA(VLOOKUP(BB$2&"F"&$A66+1&BD67,RackfileUPLOAD!$I:$K,3,FALSE),IFNA(VLOOKUP(BB$2&"F"&$A66+1,RackfileUPLOAD!$I:$K,3,FALSE),""))) | BH68: =IF(BH66="IcePack","",IFNA(VLOOKUP(BH$2&"F"&$A66&BH67,RackfileUPLOAD!$I:$K,3,FALSE),IFNA(VLOOKUP(BH$2&"F"&$A66,RackfileUPLOAD!$I:$K,3,FALSE),""))) | BI68: =IF(BH66="IcePack","",IFNA(VLOOKUP(BH$2&"F"&$A66&BI67,RackfileUPLOAD!$I:$K,3,FALSE),IFNA(VLOOKUP(BH$2&"F"&$A66,RackfileUPLOAD!$I:$K,3,FALSE),""))) | BJ68: =IF(BH66="IcePack","",IFNA(VLOOKUP(BH$2&"F"&$A66&BJ67,RackfileUPLOAD!$I:$K,3,FALSE),IFNA(VLOOKUP(BH$2&"F"&$A66,RackfileUPLOAD!$I:$K,3,FALSE),""))) | BM68: =IF(BM66="IcePack","",IFNA(VLOOKUP(BM$2&"F"&$A66+1&BM67,RackfileUPLOAD!$I:$K,3,FALSE),IFNA(VLOOKUP(BM$2&"F"&$A66+1,RackfileUPLOAD!$I:$K,3,FALSE),""))) | BN68: =IF(BM66="IcePack","",IFNA(VLOOKUP(BM$2&"F"&$A66+1&BN67,RackfileUPLOAD!$I:$K,3,FALSE),IFNA(VLOOKUP(BM$2&"F"&$A66+1,RackfileUPLOAD!$I:$K,3,FALSE),""))) | BO68: =IF(BM66="IcePack","",IFNA(VLOOKUP(BM$2&"F"&$A66+1&BO67,RackfileUPLOAD!$I:$K,3,FALSE),IFNA(VLOOKUP(BM$2&"F"&$A66+1,RackfileUPLOAD!$I:$K,3,FALSE),"")))
A70: =A66+2 -> 45 | D70: =IF(D$2="",,D$2&"_KW "&$B$2&"_F"&$A70) -> ASL3_KW 19_F45 | E70: =IFNA(VLOOKUP(E$2&"F"&$A70,RackfileUPLOAD!$H:$K,3,FALSE),"") | I70: =IF(I$2="",,I$2&"_KW "&$B$2&"_F"&$A70) -> ASL3_KW 19_F45 | J70: =IFNA(VLOOKUP(J$2&"F"&$A70+1,RackfileUPLOAD!$H:$K,3,FALSE),"") | O70: =IF(O$2="",,O$2&"_KW "&$B$2&"_F"&$A70) | P70: =IFNA(VLOOKUP(P$2&"F"&$A70,RackfileUPLOAD!$H:$K,3,FALSE),"") | T70: =IF(T$2="",,T$2&"_KW "&$B$2&"_F"&$A70) | U70: =IFNA(VLOOKUP(U$2&"F"&$A70+1,RackfileUPLOAD!$H:$K,3,FALSE),"") | Z70: =IF(Z$2="",,Z$2&"_KW "&$B$2&"_F"&$A70) | AA70: =IFNA(VLOOKUP(AA$2&"F"&$A70,RackfileUPLOAD!$H:$K,3,FALSE),"") | AE70: =IF(AE$2="",,AE$2&"_KW "&$B$2&"_F"&$A70) | AF70: =IFNA(VLOOKUP(AF$2&"F"&$A70+1,RackfileUPLOAD!$H:$K,3,FALSE),"") | AK70: =IF(AK$2="",,AK$2&"_KW "&$B$2&"_F"&$A70) | AL70: =IFNA(VLOOKUP(AL$2&"F"&$A70,RackfileUPLOAD!$H:$K,3,FALSE),"") | AP70: =IF(AP$2="",,AP$2&"_KW "&$B$2&"_F"&$A70) | AQ70: =IFNA(VLOOKUP(AQ$2&"F"&$A70+1,RackfileUPLOAD!$H:$K,3,FALSE),"") | AV70: =IF(AV$2="",,AV$2&"_KW "&$B$2&"_F"&$A70) | AW70: =IFNA(VLOOKUP(AW$2&"F"&$A70,RackfileUPLOAD!$H:$K,3,FALSE),"") | BA70: =IF(BA$2="",,BA$2&"_KW "&$B$2&"_F"&$A70) | BB70: =IFNA(VLOOKUP(BB$2&"F"&$A70+1,RackfileUPLOAD!$H:$K,3,FALSE),"") | BG70: =IF(BG$2="",,BG$2&"_KW "&$B$2&"_F"&$A70) | BH70: =IFNA(VLOOKUP(BH$2&"F"&$A70,RackfileUPLOAD!$H:$K,3,FALSE),"") | BL70: =IF(BL$2="",,BL$2&"_KW "&$B$2&"_F"&$A70) | BM70: =IFNA(VLOOKUP(BM$2&"F"&$A70+1,RackfileUPLOAD!$H:$K,3,FALSE),"")
E71: =IF(E70="","","2p") | F71: =IF(E70="","","3p") | G71: =IF(E70="","","4p") | J71: =IF(J70="","","2p") | K71: =IF(J70="","","3p") | L71: =IF(J70="","","4p") | P71: =IF(P70="","","2p") | Q71: =IF(P70="","","3p") | R71: =IF(P70="","","4p") | U71: =IF(U70="","","2p") | V71: =IF(U70="","","3p") | W71: =IF(U70="","","4p") | AA71: =IF(AA70="","","2p") | AB71: =IF(AA70="","","3p") | AC71: =IF(AA70="","","4p") | AF71: =IF(AF70="","","2p") | AG71: =IF(AF70="","","3p") | AH71: =IF(AF70="","","4p") | AL71: =IF(AL70="","","2p") | AM71: =IF(AL70="","","3p") | AN71: =IF(AL70="","","4p") | AQ71: =IF(AQ70="","","2p") | AR71: =IF(AQ70="","","3p") | AS71: =IF(AQ70="","","4p") | AW71: =IF(AW70="","","2p") | AX71: =IF(AW70="","","3p") | AY71: =IF(AW70="","","4p") | BB71: =IF(BB70="","","2p") | BC71: =IF(BB70="","","3p") | BD71: =IF(BB70="","","4p") | BH71: =IF(BH70="","","2p") | BI71: =IF(BH70="","","3p") | BJ71: =IF(BH70="","","4p") | BM71: =IF(BM70="","","2p") | BN71: =IF(BM70="","","3p") | BO71: =IF(BM70="","","4p")
E72: =IF(E70="IcePack","",IFNA(VLOOKUP(E$2&"F"&$A70&E71,RackfileUPLOAD!$I:$K,3,FALSE),IFNA(VLOOKUP(E$2&"F"&$A70,RackfileUPLOAD!$I:$K,3,FALSE),""))) | F72: =IF(E70="IcePack","",IFNA(VLOOKUP(E$2&"F"&$A70&F71,RackfileUPLOAD!$I:$K,3,FALSE),IFNA(VLOOKUP(E$2&"F"&$A70,RackfileUPLOAD!$I:$K,3,FALSE),""))) | G72: =IF(E70="IcePack","",IFNA(VLOOKUP(E$2&"F"&$A70&G71,RackfileUPLOAD!$I:$K,3,FALSE),IFNA(VLOOKUP(E$2&"F"&$A70,RackfileUPLOAD!$I:$K,3,FALSE),""))) | J72: =IF(J70="IcePack","",IFNA(VLOOKUP(J$2&"F"&$A70+1&J71,RackfileUPLOAD!$I:$K,3,FALSE),IFNA(VLOOKUP(J$2&"F"&$A70+1,RackfileUPLOAD!$I:$K,3,FALSE),""))) | K72: =IF(J70="IcePack","",IFNA(VLOOKUP(J$2&"F"&$A70+1&K71,RackfileUPLOAD!$I:$K,3,FALSE),IFNA(VLOOKUP(J$2&"F"&$A70+1,RackfileUPLOAD!$I:$K,3,FALSE),""))) | L72: =IF(J70="IcePack","",IFNA(VLOOKUP(J$2&"F"&$A70+1&L71,RackfileUPLOAD!$I:$K,3,FALSE),IFNA(VLOOKUP(J$2&"F"&$A70+1,RackfileUPLOAD!$I:$K,3,FALSE),""))) | P72: =IF(P70="IcePack","",IFNA(VLOOKUP(P$2&"F"&$A70&P71,RackfileUPLOAD!$I:$K,3,FALSE),IFNA(VLOOKUP(P$2&"F"&$A70,RackfileUPLOAD!$I:$K,3,FALSE),""))) | Q72: =IF(P70="IcePack","",IFNA(VLOOKUP(P$2&"F"&$A70&Q71,RackfileUPLOAD!$I:$K,3,FALSE),IFNA(VLOOKUP(P$2&"F"&$A70,RackfileUPLOAD!$I:$K,3,FALSE),""))) | R72: =IF(P70="IcePack","",IFNA(VLOOKUP(P$2&"F"&$A70&R71,RackfileUPLOAD!$I:$K,3,FALSE),IFNA(VLOOKUP(P$2&"F"&$A70,RackfileUPLOAD!$I:$K,3,FALSE),""))) | U72: =IF(U70="IcePack","",IFNA(VLOOKUP(U$2&"F"&$A70+1&U71,RackfileUPLOAD!$I:$K,3,FALSE),IFNA(VLOOKUP(U$2&"F"&$A70+1,RackfileUPLOAD!$I:$K,3,FALSE),""))) | V72: =IF(U70="IcePack","",IFNA(VLOOKUP(U$2&"F"&$A70+1&V71,RackfileUPLOAD!$I:$K,3,FALSE),IFNA(VLOOKUP(U$2&"F"&$A70+1,RackfileUPLOAD!$I:$K,3,FALSE),""))) | W72: =IF(U70="IcePack","",IFNA(VLOOKUP(U$2&"F"&$A70+1&W71,RackfileUPLOAD!$I:$K,3,FALSE),IFNA(VLOOKUP(U$2&"F"&$A70+1,RackfileUPLOAD!$I:$K,3,FALSE),""))) | AA72: =IF(AA70="IcePack","",IFNA(VLOOKUP(AA$2&"F"&$A70&AA71,RackfileUPLOAD!$I:$K,3,FALSE),IFNA(VLOOKUP(AA$2&"F"&$A70,RackfileUPLOAD!$I:$K,3,FALSE),""))) | AB72: =IF(AA70="IcePack","",IFNA(VLOOKUP(AA$2&"F"&$A70&AB71,RackfileUPLOAD!$I:$K,3,FALSE),IFNA(VLOOKUP(AA$2&"F"&$A70,RackfileUPLOAD!$I:$K,3,FALSE),""))) | AC72: =IF(AA70="IcePack","",IFNA(VLOOKUP(AA$2&"F"&$A70&AC71,RackfileUPLOAD!$I:$K,3,FALSE),IFNA(VLOOKUP(AA$2&"F"&$A70,RackfileUPLOAD!$I:$K,3,FALSE),""))) | AF72: =IF(AF70="IcePack","",IFNA(VLOOKUP(AF$2&"F"&$A70+1&AF71,RackfileUPLOAD!$I:$K,3,FALSE),IFNA(VLOOKUP(AF$2&"F"&$A70+1,RackfileUPLOAD!$I:$K,3,FALSE),""))) | AG72: =IF(AF70="IcePack","",IFNA(VLOOKUP(AF$2&"F"&$A70+1&AG71,RackfileUPLOAD!$I:$K,3,FALSE),IFNA(VLOOKUP(AF$2&"F"&$A70+1,RackfileUPLOAD!$I:$K,3,FALSE),""))) | AH72: =IF(AF70="IcePack","",IFNA(VLOOKUP(AF$2&"F"&$A70+1&AH71,RackfileUPLOAD!$I:$K,3,FALSE),IFNA(VLOOKUP(AF$2&"F"&$A70+1,RackfileUPLOAD!$I:$K,3,FALSE),""))) | AL72: =IF(AL70="IcePack","",IFNA(VLOOKUP(AL$2&"F"&$A70&AL71,RackfileUPLOAD!$I:$K,3,FALSE),IFNA(VLOOKUP(AL$2&"F"&$A70,RackfileUPLOAD!$I:$K,3,FALSE),""))) | AM72: =IF(AL70="IcePack","",IFNA(VLOOKUP(AL$2&"F"&$A70&AM71,RackfileUPLOAD!$I:$K,3,FALSE),IFNA(VLOOKUP(AL$2&"F"&$A70,RackfileUPLOAD!$I:$K,3,FALSE),""))) | AN72: =IF(AL70="IcePack","",IFNA(VLOOKUP(AL$2&"F"&$A70&AN71,RackfileUPLOAD!$I:$K,3,FALSE),IFNA(VLOOKUP(AL$2&"F"&$A70,RackfileUPLOAD!$I:$K,3,FALSE),""))) | AQ72: =IF(AQ70="IcePack","",IFNA(VLOOKUP(AQ$2&"F"&$A70+1&AQ71,RackfileUPLOAD!$I:$K,3,FALSE),IFNA(VLOOKUP(AQ$2&"F"&$A70+1,RackfileUPLOAD!$I:$K,3,FALSE),""))) | AR72: =IF(AQ70="IcePack","",IFNA(VLOOKUP(AQ$2&"F"&$A70+1&AR71,RackfileUPLOAD!$I:$K,3,FALSE),IFNA(VLOOKUP(AQ$2&"F"&$A70+1,RackfileUPLOAD!$I:$K,3,FALSE),""))) | AS72: =IF(AQ70="IcePack","",IFNA(VLOOKUP(AQ$2&"F"&$A70+1&AS71,RackfileUPLOAD!$I:$K,3,FALSE),IFNA(VLOOKUP(AQ$2&"F"&$A70+1,RackfileUPLOAD!$I:$K,3,FALSE),""))) | AW72: =IF(AW70="IcePack","",IFNA(VLOOKUP(AW$2&"F"&$A70&AW71,RackfileUPLOAD!$I:$K,3,FALSE),IFNA(VLOOKUP(AW$2&"F"&$A70,RackfileUPLOAD!$I:$K,3,FALSE),""))) | AX72: =IF(AW70="IcePack","",IFNA(VLOOKUP(AW$2&"F"&$A70&AX71,RackfileUPLOAD!$I:$K,3,FALSE),IFNA(VLOOKUP(AW$2&"F"&$A70,RackfileUPLOAD!$I:$K,3,FALSE),""))) | AY72: =IF(AW70="IcePack","",IFNA(VLOOKUP(AW$2&"F"&$A70&AY71,RackfileUPLOAD!$I:$K,3,FALSE),IFNA(VLOOKUP(AW$2&"F"&$A70,RackfileUPLOAD!$I:$K,3,FALSE),""))) | BB72: =IF(BB70="IcePack","",IFNA(VLOOKUP(BB$2&"F"&$A70+1&BB71,RackfileUPLOAD!$I:$K,3,FALSE),IFNA(VLOOKUP(BB$2&"F"&$A70+1,RackfileUPLOAD!$I:$K,3,FALSE),""))) | BC72: =IF(BB70="IcePack","",IFNA(VLOOKUP(BB$2&"F"&$A70+1&BC71,RackfileUPLOAD!$I:$K,3,FALSE),IFNA(VLOOKUP(BB$2&"F"&$A70+1,RackfileUPLOAD!$I:$K,3,FALSE),""))) | BD72: =IF(BB70="IcePack","",IFNA(VLOOKUP(BB$2&"F"&$A70+1&BD71,RackfileUPLOAD!$I:$K,3,FALSE),IFNA(VLOOKUP(BB$2&"F"&$A70+1,RackfileUPLOAD!$I:$K,3,FALSE),""))) | BH72: =IF(BH70="IcePack","",IFNA(VLOOKUP(BH$2&"F"&$A70&BH71,RackfileUPLOAD!$I:$K,3,FALSE),IFNA(VLOOKUP(BH$2&"F"&$A70,RackfileUPLOAD!$I:$K,3,FALSE),""))) | BI72: =IF(BH70="IcePack","",IFNA(VLOOKUP(BH$2&"F"&$A70&BI71,RackfileUPLOAD!$I:$K,3,FALSE),IFNA(VLOOKUP(BH$2&"F"&$A70,RackfileUPLOAD!$I:$K,3,FALSE),""))) | BJ72: =IF(BH70="IcePack","",IFNA(VLOOKUP(BH$2&"F"&$A70&BJ71,RackfileUPLOAD!$I:$K,3,FALSE),IFNA(VLOOKUP(BH$2&"F"&$A70,RackfileUPLOAD!$I:$K,3,FALSE),""))) | BM72: =IF(BM70="IcePack","",IFNA(VLOOKUP(BM$2&"F"&$A70+1&BM71,RackfileUPLOAD!$I:$K,3,FALSE),IFNA(VLOOKUP(BM$2&"F"&$A70+1,RackfileUPLOAD!$I:$K,3,FALSE),""))) | BN72: =IF(BM70="IcePack","",IFNA(VLOOKUP(BM$2&"F"&$A70+1&BN71,RackfileUPLOAD!$I:$K,3,FALSE),IFNA(VLOOKUP(BM$2&"F"&$A70+1,RackfileUPLOAD!$I:$K,3,FALSE),""))) | BO72: =IF(BM70="IcePack","",IFNA(VLOOKUP(BM$2&"F"&$A70+1&BO71,RackfileUPLOAD!$I:$K,3,FALSE),IFNA(VLOOKUP(BM$2&"F"&$A70+1,RackfileUPLOAD!$I:$K,3,FALSE),"")))
A74: =A70+2 -> 47 | D74: =IF(D$2="",,D$2&"_KW "&$B$2&"_F"&$A74) -> ASL3_KW 19_F47 | E74: =IFNA(VLOOKUP(E$2&"F"&$A74,RackfileUPLOAD!$H:$K,3,FALSE),"") | I74: =IF(I$2="",,I$2&"_KW "&$B$2&"_F"&$A74) -> ASL3_KW 19_F47 | J74: =IFNA(VLOOKUP(J$2&"F"&$A74+1,RackfileUPLOAD!$H:$K,3,FALSE),"") | O74: =IF(O$2="",,O$2&"_KW "&$B$2&"_F"&$A74) | P74: =IFNA(VLOOKUP(P$2&"F"&$A74,RackfileUPLOAD!$H:$K,3,FALSE),"") | T74: =IF(T$2="",,T$2&"_KW "&$B$2&"_F"&$A74) | U74: =IFNA(VLOOKUP(U$2&"F"&$A74+1,RackfileUPLOAD!$H:$K,3,FALSE),"") | Z74: =IF(Z$2="",,Z$2&"_KW "&$B$2&"_F"&$A74) | AA74: =IFNA(VLOOKUP(AA$2&"F"&$A74,RackfileUPLOAD!$H:$K,3,FALSE),"") | AE74: =IF(AE$2="",,AE$2&"_KW "&$B$2&"_F"&$A74) | AF74: =IFNA(VLOOKUP(AF$2&"F"&$A74+1,RackfileUPLOAD!$H:$K,3,FALSE),"") | AK74: =IF(AK$2="",,AK$2&"_KW "&$B$2&"_F"&$A74) | AL74: =IFNA(VLOOKUP(AL$2&"F"&$A74,RackfileUPLOAD!$H:$K,3,FALSE),"") | AP74: =IF(AP$2="",,AP$2&"_KW "&$B$2&"_F"&$A74) | AQ74: =IFNA(VLOOKUP(AQ$2&"F"&$A74+1,RackfileUPLOAD!$H:$K,3,FALSE),"") | AV74: =IF(AV$2="",,AV$2&"_KW "&$B$2&"_F"&$A74) | AW74: =IFNA(VLOOKUP(AW$2&"F"&$A74,RackfileUPLOAD!$H:$K,3,FALSE),"") | BA74: =IF(BA$2="",,BA$2&"_KW "&$B$2&"_F"&$A74) | BB74: =IFNA(VLOOKUP(BB$2&"F"&$A74+1,RackfileUPLOAD!$H:$K,3,FALSE),"") | BG74: =IF(BG$2="",,BG$2&"_KW "&$B$2&"_F"&$A74) | BH74: =IFNA(VLOOKUP(BH$2&"F"&$A74,RackfileUPLOAD!$H:$K,3,FALSE),"") | BL74: =IF(BL$2="",,BL$2&"_KW "&$B$2&"_F"&$A74) | BM74: =IFNA(VLOOKUP(BM$2&"F"&$A74+1,RackfileUPLOAD!$H:$K,3,FALSE),"")
E75: =IF(E74="","","2p") | F75: =IF(E74="","","3p") | G75: =IF(E74="","","4p") | J75: =IF(J74="","","2p") | K75: =IF(J74="","","3p") | L75: =IF(J74="","","4p") | P75: =IF(P74="","","2p") | Q75: =IF(P74="","","3p") | R75: =IF(P74="","","4p") | U75: =IF(U74="","","2p") | V75: =IF(U74="","","3p") | W75: =IF(U74="","","4p") | AA75: =IF(AA74="","","2p") | AB75: =IF(AA74="","","3p") | AC75: =IF(AA74="","","4p") | AF75: =IF(AF74="","","2p") | AG75: =IF(AF74="","","3p") | AH75: =IF(AF74="","","4p") | AL75: =IF(AL74="","","2p") | AM75: =IF(AL74="","","3p") | AN75: =IF(AL74="","","4p") | AQ75: =IF(AQ74="","","2p") | AR75: =IF(AQ74="","","3p") | AS75: =IF(AQ74="","","4p") | AW75: =IF(AW74="","","2p") | AX75: =IF(AW74="","","3p") | AY75: =IF(AW74="","","4p") | BB75: =IF(BB74="","","2p") | BC75: =IF(BB74="","","3p") | BD75: =IF(BB74="","","4p") | BH75: =IF(BH74="","","2p") | BI75: =IF(BH74="","","3p") | BJ75: =IF(BH74="","","4p") | BM75: =IF(BM74="","","2p") | BN75: =IF(BM74="","","3p") | BO75: =IF(BM74="","","4p")
E76: =IF(E74="IcePack","",IFNA(VLOOKUP(E$2&"F"&$A74&E75,RackfileUPLOAD!$I:$K,3,FALSE),IFNA(VLOOKUP(E$2&"F"&$A74,RackfileUPLOAD!$I:$K,3,FALSE),""))) | F76: =IF(E74="IcePack","",IFNA(VLOOKUP(E$2&"F"&$A74&F75,RackfileUPLOAD!$I:$K,3,FALSE),IFNA(VLOOKUP(E$2&"F"&$A74,RackfileUPLOAD!$I:$K,3,FALSE),""))) | G76: =IF(E74="IcePack","",IFNA(VLOOKUP(E$2&"F"&$A74&G75,RackfileUPLOAD!$I:$K,3,FALSE),IFNA(VLOOKUP(E$2&"F"&$A74,RackfileUPLOAD!$I:$K,3,FALSE),""))) | J76: =IF(J74="IcePack","",IFNA(VLOOKUP(J$2&"F"&$A74+1&J75,RackfileUPLOAD!$I:$K,3,FALSE),IFNA(VLOOKUP(J$2&"F"&$A74+1,RackfileUPLOAD!$I:$K,3,FALSE),""))) | K76: =IF(J74="IcePack","",IFNA(VLOOKUP(J$2&"F"&$A74+1&K75,RackfileUPLOAD!$I:$K,3,FALSE),IFNA(VLOOKUP(J$2&"F"&$A74+1,RackfileUPLOAD!$I:$K,3,FALSE),""))) | L76: =IF(J74="IcePack","",IFNA(VLOOKUP(J$2&"F"&$A74+1&L75,RackfileUPLOAD!$I:$K,3,FALSE),IFNA(VLOOKUP(J$2&"F"&$A74+1,RackfileUPLOAD!$I:$K,3,FALSE),""))) | P76: =IF(P74="IcePack","",IFNA(VLOOKUP(P$2&"F"&$A74&P75,RackfileUPLOAD!$I:$K,3,FALSE),IFNA(VLOOKUP(P$2&"F"&$A74,RackfileUPLOAD!$I:$K,3,FALSE),""))) | Q76: =IF(P74="IcePack","",IFNA(VLOOKUP(P$2&"F"&$A74&Q75,RackfileUPLOAD!$I:$K,3,FALSE),IFNA(VLOOKUP(P$2&"F"&$A74,RackfileUPLOAD!$I:$K,3,FALSE),""))) | R76: =IF(P74="IcePack","",IFNA(VLOOKUP(P$2&"F"&$A74&R75,RackfileUPLOAD!$I:$K,3,FALSE),IFNA(VLOOKUP(P$2&"F"&$A74,RackfileUPLOAD!$I:$K,3,FALSE),""))) | U76: =IF(U74="IcePack","",IFNA(VLOOKUP(U$2&"F"&$A74+1&U75,RackfileUPLOAD!$I:$K,3,FALSE),IFNA(VLOOKUP(U$2&"F"&$A74+1,RackfileUPLOAD!$I:$K,3,FALSE),""))) | V76: =IF(U74="IcePack","",IFNA(VLOOKUP(U$2&"F"&$A74+1&V75,RackfileUPLOAD!$I:$K,3,FALSE),IFNA(VLOOKUP(U$2&"F"&$A74+1,RackfileUPLOAD!$I:$K,3,FALSE),""))) | W76: =IF(U74="IcePack","",IFNA(VLOOKUP(U$2&"F"&$A74+1&W75,RackfileUPLOAD!$I:$K,3,FALSE),IFNA(VLOOKUP(U$2&"F"&$A74+1,RackfileUPLOAD!$I:$K,3,FALSE),""))) | AA76: =IF(AA74="IcePack","",IFNA(VLOOKUP(AA$2&"F"&$A74&AA75,RackfileUPLOAD!$I:$K,3,FALSE),IFNA(VLOOKUP(AA$2&"F"&$A74,RackfileUPLOAD!$I:$K,3,FALSE),""))) | AB76: =IF(AA74="IcePack","",IFNA(VLOOKUP(AA$2&"F"&$A74&AB75,RackfileUPLOAD!$I:$K,3,FALSE),IFNA(VLOOKUP(AA$2&"F"&$A74,RackfileUPLOAD!$I:$K,3,FALSE),""))) | AC76: =IF(AA74="IcePack","",IFNA(VLOOKUP(AA$2&"F"&$A74&AC75,RackfileUPLOAD!$I:$K,3,FALSE),IFNA(VLOOKUP(AA$2&"F"&$A74,RackfileUPLOAD!$I:$K,3,FALSE),""))) | AF76: =IF(AF74="IcePack","",IFNA(VLOOKUP(AF$2&"F"&$A74+1&AF75,RackfileUPLOAD!$I:$K,3,FALSE),IFNA(VLOOKUP(AF$2&"F"&$A74+1,RackfileUPLOAD!$I:$K,3,FALSE),""))) | AG76: =IF(AF74="IcePack","",IFNA(VLOOKUP(AF$2&"F"&$A74+1&AG75,RackfileUPLOAD!$I:$K,3,FALSE),IFNA(VLOOKUP(AF$2&"F"&$A74+1,RackfileUPLOAD!$I:$K,3,FALSE),""))) | AH76: =IF(AF74="IcePack","",IFNA(VLOOKUP(AF$2&"F"&$A74+1&AH75,RackfileUPLOAD!$I:$K,3,FALSE),IFNA(VLOOKUP(AF$2&"F"&$A74+1,RackfileUPLOAD!$I:$K,3,FALSE),""))) | AL76: =IF(AL74="IcePack","",IFNA(VLOOKUP(AL$2&"F"&$A74&AL75,RackfileUPLOAD!$I:$K,3,FALSE),IFNA(VLOOKUP(AL$2&"F"&$A74,RackfileUPLOAD!$I:$K,3,FALSE),""))) | AM76: =IF(AL74="IcePack","",IFNA(VLOOKUP(AL$2&"F"&$A74&AM75,RackfileUPLOAD!$I:$K,3,FALSE),IFNA(VLOOKUP(AL$2&"F"&$A74,RackfileUPLOAD!$I:$K,3,FALSE),""))) | AN76: =IF(AL74="IcePack","",IFNA(VLOOKUP(AL$2&"F"&$A74&AN75,RackfileUPLOAD!$I:$K,3,FALSE),IFNA(VLOOKUP(AL$2&"F"&$A74,RackfileUPLOAD!$I:$K,3,FALSE),""))) | AQ76: =IF(AQ74="IcePack","",IFNA(VLOOKUP(AQ$2&"F"&$A74+1&AQ75,RackfileUPLOAD!$I:$K,3,FALSE),IFNA(VLOOKUP(AQ$2&"F"&$A74+1,RackfileUPLOAD!$I:$K,3,FALSE),""))) | AR76: =IF(AQ74="IcePack","",IFNA(VLOOKUP(AQ$2&"F"&$A74+1&AR75,RackfileUPLOAD!$I:$K,3,FALSE),IFNA(VLOOKUP(AQ$2&"F"&$A74+1,RackfileUPLOAD!$I:$K,3,FALSE),""))) | AS76: =IF(AQ74="IcePack","",IFNA(VLOOKUP(AQ$2&"F"&$A74+1&AS75,RackfileUPLOAD!$I:$K,3,FALSE),IFNA(VLOOKUP(AQ$2&"F"&$A74+1,RackfileUPLOAD!$I:$K,3,FALSE),""))) | AW76: =IF(AW74="IcePack","",IFNA(VLOOKUP(AW$2&"F"&$A74&AW75,RackfileUPLOAD!$I:$K,3,FALSE),IFNA(VLOOKUP(AW$2&"F"&$A74,RackfileUPLOAD!$I:$K,3,FALSE),""))) | AX76: =IF(AW74="IcePack","",IFNA(VLOOKUP(AW$2&"F"&$A74&AX75,RackfileUPLOAD!$I:$K,3,FALSE),IFNA(VLOOKUP(AW$2&"F"&$A74,RackfileUPLOAD!$I:$K,3,FALSE),""))) | AY76: =IF(AW74="IcePack","",IFNA(VLOOKUP(AW$2&"F"&$A74&AY75,RackfileUPLOAD!$I:$K,3,FALSE),IFNA(VLOOKUP(AW$2&"F"&$A74,RackfileUPLOAD!$I:$K,3,FALSE),""))) | BB76: =IF(BB74="IcePack","",IFNA(VLOOKUP(BB$2&"F"&$A74+1&BB75,RackfileUPLOAD!$I:$K,3,FALSE),IFNA(VLOOKUP(BB$2&"F"&$A74+1,RackfileUPLOAD!$I:$K,3,FALSE),""))) | BC76: =IF(BB74="IcePack","",IFNA(VLOOKUP(BB$2&"F"&$A74+1&BC75,RackfileUPLOAD!$I:$K,3,FALSE),IFNA(VLOOKUP(BB$2&"F"&$A74+1,RackfileUPLOAD!$I:$K,3,FALSE),""))) | BD76: =IF(BB74="IcePack","",IFNA(VLOOKUP(BB$2&"F"&$A74+1&BD75,RackfileUPLOAD!$I:$K,3,FALSE),IFNA(VLOOKUP(BB$2&"F"&$A74+1,RackfileUPLOAD!$I:$K,3,FALSE),""))) | BH76: =IF(BH74="IcePack","",IFNA(VLOOKUP(BH$2&"F"&$A74&BH75,RackfileUPLOAD!$I:$K,3,FALSE),IFNA(VLOOKUP(BH$2&"F"&$A74,RackfileUPLOAD!$I:$K,3,FALSE),""))) | BI76: =IF(BH74="IcePack","",IFNA(VLOOKUP(BH$2&"F"&$A74&BI75,RackfileUPLOAD!$I:$K,3,FALSE),IFNA(VLOOKUP(BH$2&"F"&$A74,RackfileUPLOAD!$I:$K,3,FALSE),""))) | BJ76: =IF(BH74="IcePack","",IFNA(VLOOKUP(BH$2&"F"&$A74&BJ75,RackfileUPLOAD!$I:$K,3,FALSE),IFNA(VLOOKUP(BH$2&"F"&$A74,RackfileUPLOAD!$I:$K,3,FALSE),""))) | BM76: =IF(BM74="IcePack","",IFNA(VLOOKUP(BM$2&"F"&$A74+1&BM75,RackfileUPLOAD!$I:$K,3,FALSE),IFNA(VLOOKUP(BM$2&"F"&$A74+1,RackfileUPLOAD!$I:$K,3,FALSE),""))) | BN76: =IF(BM74="IcePack","",IFNA(VLOOKUP(BM$2&"F"&$A74+1&BN75,RackfileUPLOAD!$I:$K,3,FALSE),IFNA(VLOOKUP(BM$2&"F"&$A74+1,RackfileUPLOAD!$I:$K,3,FALSE),""))) | BO76: =IF(BM74="IcePack","",IFNA(VLOOKUP(BM$2&"F"&$A74+1&BO75,RackfileUPLOAD!$I:$K,3,FALSE),IFNA(VLOOKUP(BM$2&"F"&$A74+1,RackfileUPLOAD!$I:$K,3,FALSE),"")))
A79: =A74+2 -> 49 | D79: =IF(D$2="",,D$2&"_KW "&$B$2&"_F"&$A79) -> ASL3_KW 19_F49 | E79: =IFNA(VLOOKUP(E$2&"F"&$A79,RackfileUPLOAD!$H:$K,3,FALSE),"") | I79: =IF(I$2="",,I$2&"_KW "&$B$2&"_F"&$A79) -> ASL3_KW 19_F49 | J79: =IFNA(VLOOKUP(J$2&"F"&$A79+1,RackfileUPLOAD!$H:$K,3,FALSE),"") | O79: =IF(O$2="",,O$2&"_KW "&$B$2&"_F"&$A79) | P79: =IFNA(VLOOKUP(P$2&"F"&$A79,RackfileUPLOAD!$H:$K,3,FALSE),"") | T79: =IF(T$2="",,T$2&"_KW "&$B$2&"_F"&$A79) | U79: =IFNA(VLOOKUP(U$2&"F"&$A79+1,RackfileUPLOAD!$H:$K,3,FALSE),"") | Z79: =IF(Z$2="",,Z$2&"_KW "&$B$2&"_F"&$A79) | AA79: =IFNA(VLOOKUP(AA$2&"F"&$A79,RackfileUPLOAD!$H:$K,3,FALSE),"") | AE79: =IF(AE$2="",,AE$2&"_KW "&$B$2&"_F"&$A79) | AF79: =IFNA(VLOOKUP(AF$2&"F"&$A79+1,RackfileUPLOAD!$H:$K,3,FALSE),"") | AK79: =IF(AK$2="",,AK$2&"_KW "&$B$2&"_F"&$A79) | AL79: =IFNA(VLOOKUP(AL$2&"F"&$A79,RackfileUPLOAD!$H:$K,3,FALSE),"") | AP79: =IF(AP$2="",,AP$2&"_KW "&$B$2&"_F"&$A79) | AQ79: =IFNA(VLOOKUP(AQ$2&"F"&$A79+1,RackfileUPLOAD!$H:$K,3,FALSE),"") | AV79: =IF(AV$2="",,AV$2&"_KW "&$B$2&"_F"&$A79) | AW79: =IFNA(VLOOKUP(AW$2&"F"&$A79,RackfileUPLOAD!$H:$K,3,FALSE),"") | BA79: =IF(BA$2="",,BA$2&"_KW "&$B$2&"_F"&$A79) | BB79: =IFNA(VLOOKUP(BB$2&"F"&$A79+1,RackfileUPLOAD!$H:$K,3,FALSE),"") | BG79: =IF(BG$2="",,BG$2&"_KW "&$B$2&"_F"&$A79) | BH79: =IFNA(VLOOKUP(BH$2&"F"&$A79,RackfileUPLOAD!$H:$K,3,FALSE),"") | BL79: =IF(BL$2="",,BL$2&"_KW "&$B$2&"_F"&$A79) | BM79: =IFNA(VLOOKUP(BM$2&"F"&$A79+1,RackfileUPLOAD!$H:$K,3,FALSE),"")
E80: =IF(E79="","","2p") | F80: =IF(E79="","","3p") | G80: =IF(E79="","","4p") | J80: =IF(J79="","","2p") | K80: =IF(J79="","","3p") | L80: =IF(J79="","","4p") | P80: =IF(P79="","","2p") | Q80: =IF(P79="","","3p") | R80: =IF(P79="","","4p") | U80: =IF(U79="","","2p") | V80: =IF(U79="","","3p") | W80: =IF(U79="","","4p") | AA80: =IF(AA79="","","2p") | AB80: =IF(AA79="","","3p") | AC80: =IF(AA79="","","4p") | AF80: =IF(AF79="","","2p") | AG80: =IF(AF79="","","3p") | AH80: =IF(AF79="","","4p") | AL80: =IF(AL79="","","2p") | AM80: =IF(AL79="","","3p") | AN80: =IF(AL79="","","4p") | AQ80: =IF(AQ79="","","2p") | AR80: =IF(AQ79="","","3p") | AS80: =IF(AQ79="","","4p") | AW80: =IF(AW79="","","2p") | AX80: =IF(AW79="","","3p") | AY80: =IF(AW79="","","4p") | BB80: =IF(BB79="","","2p") | BC80: =IF(BB79="","","3p") | BD80: =IF(BB79="","","4p") | BH80: =IF(BH79="","","2p") | BI80: =IF(BH79="","","3p") | BJ80: =IF(BH79="","","4p") | BM80: =IF(BM79="","","2p") | BN80: =IF(BM79="","","3p") | BO80: =IF(BM79="","","4p")
E81: =IF(E79="IcePack","",IFNA(VLOOKUP(E$2&"F"&$A79&E80,RackfileUPLOAD!$I:$K,3,FALSE),IFNA(VLOOKUP(E$2&"F"&$A79,RackfileUPLOAD!$I:$K,3,FALSE),""))) | F81: =IF(E79="IcePack","",IFNA(VLOOKUP(E$2&"F"&$A79&F80,RackfileUPLOAD!$I:$K,3,FALSE),IFNA(VLOOKUP(E$2&"F"&$A79,RackfileUPLOAD!$I:$K,3,FALSE),""))) | G81: =IF(E79="IcePack","",IFNA(VLOOKUP(E$2&"F"&$A79&G80,RackfileUPLOAD!$I:$K,3,FALSE),IFNA(VLOOKUP(E$2&"F"&$A79,RackfileUPLOAD!$I:$K,3,FALSE),""))) | J81: =IF(J79="IcePack","",IFNA(VLOOKUP(J$2&"F"&$A79+1&J80,RackfileUPLOAD!$I:$K,3,FALSE),IFNA(VLOOKUP(J$2&"F"&$A79+1,RackfileUPLOAD!$I:$K,3,FALSE),""))) | K81: =IF(J79="IcePack","",IFNA(VLOOKUP(J$2&"F"&$A79+1&K80,RackfileUPLOAD!$I:$K,3,FALSE),IFNA(VLOOKUP(J$2&"F"&$A79+1,RackfileUPLOAD!$I:$K,3,FALSE),""))) | L81: =IF(J79="IcePack","",IFNA(VLOOKUP(J$2&"F"&$A79+1&L80,RackfileUPLOAD!$I:$K,3,FALSE),IFNA(VLOOKUP(J$2&"F"&$A79+1,RackfileUPLOAD!$I:$K,3,FALSE),""))) | P81: =IF(P79="IcePack","",IFNA(VLOOKUP(P$2&"F"&$A79&P80,RackfileUPLOAD!$I:$K,3,FALSE),IFNA(VLOOKUP(P$2&"F"&$A79,RackfileUPLOAD!$I:$K,3,FALSE),""))) | Q81: =IF(P79="IcePack","",IFNA(VLOOKUP(P$2&"F"&$A79&Q80,RackfileUPLOAD!$I:$K,3,FALSE),IFNA(VLOOKUP(P$2&"F"&$A79,RackfileUPLOAD!$I:$K,3,FALSE),""))) | R81: =IF(P79="IcePack","",IFNA(VLOOKUP(P$2&"F"&$A79&R80,RackfileUPLOAD!$I:$K,3,FALSE),IFNA(VLOOKUP(P$2&"F"&$A79,RackfileUPLOAD!$I:$K,3,FALSE),""))) | U81: =IF(U79="IcePack","",IFNA(VLOOKUP(U$2&"F"&$A79+1&U80,RackfileUPLOAD!$I:$K,3,FALSE),IFNA(VLOOKUP(U$2&"F"&$A79+1,RackfileUPLOAD!$I:$K,3,FALSE),""))) | V81: =IF(U79="IcePack","",IFNA(VLOOKUP(U$2&"F"&$A79+1&V80,RackfileUPLOAD!$I:$K,3,FALSE),IFNA(VLOOKUP(U$2&"F"&$A79+1,RackfileUPLOAD!$I:$K,3,FALSE),""))) | W81: =IF(U79="IcePack","",IFNA(VLOOKUP(U$2&"F"&$A79+1&W80,RackfileUPLOAD!$I:$K,3,FALSE),IFNA(VLOOKUP(U$2&"F"&$A79+1,RackfileUPLOAD!$I:$K,3,FALSE),""))) | AA81: =IF(AA79="IcePack","",IFNA(VLOOKUP(AA$2&"F"&$A79&AA80,RackfileUPLOAD!$I:$K,3,FALSE),IFNA(VLOOKUP(AA$2&"F"&$A79,RackfileUPLOAD!$I:$K,3,FALSE),""))) | AB81: =IF(AA79="IcePack","",IFNA(VLOOKUP(AA$2&"F"&$A79&AB80,RackfileUPLOAD!$I:$K,3,FALSE),IFNA(VLOOKUP(AA$2&"F"&$A79,RackfileUPLOAD!$I:$K,3,FALSE),""))) | AC81: =IF(AA79="IcePack","",IFNA(VLOOKUP(AA$2&"F"&$A79&AC80,RackfileUPLOAD!$I:$K,3,FALSE),IFNA(VLOOKUP(AA$2&"F"&$A79,RackfileUPLOAD!$I:$K,3,FALSE),""))) | AF81: =IF(AF79="IcePack","",IFNA(VLOOKUP(AF$2&"F"&$A79+1&AF80,RackfileUPLOAD!$I:$K,3,FALSE),IFNA(VLOOKUP(AF$2&"F"&$A79+1,RackfileUPLOAD!$I:$K,3,FALSE),""))) | AG81: =IF(AF79="IcePack","",IFNA(VLOOKUP(AF$2&"F"&$A79+1&AG80,RackfileUPLOAD!$I:$K,3,FALSE),IFNA(VLOOKUP(AF$2&"F"&$A79+1,RackfileUPLOAD!$I:$K,3,FALSE),""))) | AH81: =IF(AF79="IcePack","",IFNA(VLOOKUP(AF$2&"F"&$A79+1&AH80,RackfileUPLOAD!$I:$K,3,FALSE),IFNA(VLOOKUP(AF$2&"F"&$A79+1,RackfileUPLOAD!$I:$K,3,FALSE),""))) | AL81: =IF(AL79="IcePack","",IFNA(VLOOKUP(AL$2&"F"&$A79&AL80,RackfileUPLOAD!$I:$K,3,FALSE),IFNA(VLOOKUP(AL$2&"F"&$A79,RackfileUPLOAD!$I:$K,3,FALSE),""))) | AM81: =IF(AL79="IcePack","",IFNA(VLOOKUP(AL$2&"F"&$A79&AM80,RackfileUPLOAD!$I:$K,3,FALSE),IFNA(VLOOKUP(AL$2&"F"&$A79,RackfileUPLOAD!$I:$K,3,FALSE),""))) | AN81: =IF(AL79="IcePack","",IFNA(VLOOKUP(AL$2&"F"&$A79&AN80,RackfileUPLOAD!$I:$K,3,FALSE),IFNA(VLOOKUP(AL$2&"F"&$A79,RackfileUPLOAD!$I:$K,3,FALSE),""))) | AQ81: =IF(AQ79="IcePack","",IFNA(VLOOKUP(AQ$2&"F"&$A79+1&AQ80,RackfileUPLOAD!$I:$K,3,FALSE),IFNA(VLOOKUP(AQ$2&"F"&$A79+1,RackfileUPLOAD!$I:$K,3,FALSE),""))) | AR81: =IF(AQ79="IcePack","",IFNA(VLOOKUP(AQ$2&"F"&$A79+1&AR80,RackfileUPLOAD!$I:$K,3,FALSE),IFNA(VLOOKUP(AQ$2&"F"&$A79+1,RackfileUPLOAD!$I:$K,3,FALSE),""))) | AS81: =IF(AQ79="IcePack","",IFNA(VLOOKUP(AQ$2&"F"&$A79+1&AS80,RackfileUPLOAD!$I:$K,3,FALSE),IFNA(VLOOKUP(AQ$2&"F"&$A79+1,RackfileUPLOAD!$I:$K,3,FALSE),""))) | AW81: =IF(AW79="IcePack","",IFNA(VLOOKUP(AW$2&"F"&$A79&AW80,RackfileUPLOAD!$I:$K,3,FALSE),IFNA(VLOOKUP(AW$2&"F"&$A79,RackfileUPLOAD!$I:$K,3,FALSE),""))) | AX81: =IF(AW79="IcePack","",IFNA(VLOOKUP(AW$2&"F"&$A79&AX80,RackfileUPLOAD!$I:$K,3,FALSE),IFNA(VLOOKUP(AW$2&"F"&$A79,RackfileUPLOAD!$I:$K,3,FALSE),""))) | AY81: =IF(AW79="IcePack","",IFNA(VLOOKUP(AW$2&"F"&$A79&AY80,RackfileUPLOAD!$I:$K,3,FALSE),IFNA(VLOOKUP(AW$2&"F"&$A79,RackfileUPLOAD!$I:$K,3,FALSE),""))) | BB81: =IF(BB79="IcePack","",IFNA(VLOOKUP(BB$2&"F"&$A79+1&BB80,RackfileUPLOAD!$I:$K,3,FALSE),IFNA(VLOOKUP(BB$2&"F"&$A79+1,RackfileUPLOAD!$I:$K,3,FALSE),""))) | BC81: =IF(BB79="IcePack","",IFNA(VLOOKUP(BB$2&"F"&$A79+1&BC80,RackfileUPLOAD!$I:$K,3,FALSE),IFNA(VLOOKUP(BB$2&"F"&$A79+1,RackfileUPLOAD!$I:$K,3,FALSE),""))) | BD81: =IF(BB79="IcePack","",IFNA(VLOOKUP(BB$2&"F"&$A79+1&BD80,RackfileUPLOAD!$I:$K,3,FALSE),IFNA(VLOOKUP(BB$2&"F"&$A79+1,RackfileUPLOAD!$I:$K,3,FALSE),""))) | BH81: =IF(BH79="IcePack","",IFNA(VLOOKUP(BH$2&"F"&$A79&BH80,RackfileUPLOAD!$I:$K,3,FALSE),IFNA(VLOOKUP(BH$2&"F"&$A79,RackfileUPLOAD!$I:$K,3,FALSE),""))) | BI81: =IF(BH79="IcePack","",IFNA(VLOOKUP(BH$2&"F"&$A79&BI80,RackfileUPLOAD!$I:$K,3,FALSE),IFNA(VLOOKUP(BH$2&"F"&$A79,RackfileUPLOAD!$I:$K,3,FALSE),""))) | BJ81: =IF(BH79="IcePack","",IFNA(VLOOKUP(BH$2&"F"&$A79&BJ80,RackfileUPLOAD!$I:$K,3,FALSE),IFNA(VLOOKUP(BH$2&"F"&$A79,RackfileUPLOAD!$I:$K,3,FALSE),""))) | BM81: =IF(BM79="IcePack","",IFNA(VLOOKUP(BM$2&"F"&$A79+1&BM80,RackfileUPLOAD!$I:$K,3,FALSE),IFNA(VLOOKUP(BM$2&"F"&$A79+1,RackfileUPLOAD!$I:$K,3,FALSE),""))) | BN81: =IF(BM79="IcePack","",IFNA(VLOOKUP(BM$2&"F"&$A79+1&BN80,RackfileUPLOAD!$I:$K,3,FALSE),IFNA(VLOOKUP(BM$2&"F"&$A79+1,RackfileUPLOAD!$I:$K,3,FALSE),""))) | BO81: =IF(BM79="IcePack","",IFNA(VLOOKUP(BM$2&"F"&$A79+1&BO80,RackfileUPLOAD!$I:$K,3,FALSE),IFNA(VLOOKUP(BM$2&"F"&$A79+1,RackfileUPLOAD!$I:$K,3,FALSE),"")))
A83: =A79+2 -> 51 | D83: =IF(D$2="",,D$2&"_KW "&$B$2&"_F"&$A83) -> ASL3_KW 19_F51 | E83: =IFNA(VLOOKUP(E$2&"F"&$A83,RackfileUPLOAD!$H:$K,3,FALSE),"") | I83: =IF(I$2="",,I$2&"_KW "&$B$2&"_F"&$A83) -> ASL3_KW 19_F51 | J83: =IFNA(VLOOKUP(J$2&"F"&$A83+1,RackfileUPLOAD!$H:$K,3,FALSE),"") | O83: =IF(O$2="",,O$2&"_KW "&$B$2&"_F"&$A83) | P83: =IFNA(VLOOKUP(P$2&"F"&$A83,RackfileUPLOAD!$H:$K,3,FALSE),"") | T83: =IF(T$2="",,T$2&"_KW "&$B$2&"_F"&$A83) | U83: =IFNA(VLOOKUP(U$2&"F"&$A83+1,RackfileUPLOAD!$H:$K,3,FALSE),"") | Z83: =IF(Z$2="",,Z$2&"_KW "&$B$2&"_F"&$A83) | AA83: =IFNA(VLOOKUP(AA$2&"F"&$A83,RackfileUPLOAD!$H:$K,3,FALSE),"") | AE83: =IF(AE$2="",,AE$2&"_KW "&$B$2&"_F"&$A83) | AF83: =IFNA(VLOOKUP(AF$2&"F"&$A83+1,RackfileUPLOAD!$H:$K,3,FALSE),"") | AK83: =IF(AK$2="",,AK$2&"_KW "&$B$2&"_F"&$A83) | AL83: =IFNA(VLOOKUP(AL$2&"F"&$A83,RackfileUPLOAD!$H:$K,3,FALSE),"") | AP83: =IF(AP$2="",,AP$2&"_KW "&$B$2&"_F"&$A83) | AQ83: =IFNA(VLOOKUP(AQ$2&"F"&$A83+1,RackfileUPLOAD!$H:$K,3,FALSE),"") | AV83: =IF(AV$2="",,AV$2&"_KW "&$B$2&"_F"&$A83) | AW83: =IFNA(VLOOKUP(AW$2&"F"&$A83,RackfileUPLOAD!$H:$K,3,FALSE),"") | BA83: =IF(BA$2="",,BA$2&"_KW "&$B$2&"_F"&$A83) | BB83: =IFNA(VLOOKUP(BB$2&"F"&$A83+1,RackfileUPLOAD!$H:$K,3,FALSE),"") | BG83: =IF(BG$2="",,BG$2&"_KW "&$B$2&"_F"&$A83) | BH83: =IFNA(VLOOKUP(BH$2&"F"&$A83,RackfileUPLOAD!$H:$K,3,FALSE),"") | BL83: =IF(BL$2="",,BL$2&"_KW "&$B$2&"_F"&$A83) | BM83: =IFNA(VLOOKUP(BM$2&"F"&$A83+1,RackfileUPLOAD!$H:$K,3,FALSE),"")
E84: =IF(E83="","","2p") | F84: =IF(E83="","","3p") | G84: =IF(E83="","","4p") | J84: =IF(J83="","","2p") | K84: =IF(J83="","","3p") | L84: =IF(J83="","","4p") | P84: =IF(P83="","","2p") | Q84: =IF(P83="","","3p") | R84: =IF(P83="","","4p") | U84: =IF(U83="","","2p") | V84: =IF(U83="","","3p") | W84: =IF(U83="","","4p") | AA84: =IF(AA83="","","2p") | AB84: =IF(AA83="","","3p") | AC84: =IF(AA83="","","4p") | AF84: =IF(AF83="","","2p") | AG84: =IF(AF83="","","3p") | AH84: =IF(AF83="","","4p") | AL84: =IF(AL83="","","2p") | AM84: =IF(AL83="","","3p") | AN84: =IF(AL83="","","4p") | AQ84: =IF(AQ83="","","2p") | AR84: =IF(AQ83="","","3p") | AS84: =IF(AQ83="","","4p") | AW84: =IF(AW83="","","2p") | AX84: =IF(AW83="","","3p") | AY84: =IF(AW83="","","4p") | BB84: =IF(BB83="","","2p") | BC84: =IF(BB83="","","3p") | BD84: =IF(BB83="","","4p") | BH84: =IF(BH83="","","2p") | BI84: =IF(BH83="","","3p") | BJ84: =IF(BH83="","","4p") | BM84: =IF(BM83="","","2p") | BN84: =IF(BM83="","","3p") | BO84: =IF(BM83="","","4p")
