Workbook
Name master_job: #REF!
Name master_job_long: #REF!
Name job_inbox: #REF!
Name new_job_id_long: #REF!
Name new_job_id_staging: #REF!
Name new_job_separation: #REF!
Name new_job_staging: #REF!
Name new_job_id_separation: #REF!
Name new_job_status_staging: #REF!
Name new_job_status_separation: #REF!
Name new_job_status: CONTROL_CENTER!$F$8
Name new_job_long: #REF!
Name timezone_rack_planning: CONTROL_CENTER!$G$6
Name new_job_id: CONTROL_CENTER!$F$7
Name master_job_staging: #REF!
Name master_job_separation: #REF!
Name timestamp_rack_planning: CONTROL_CENTER!$F$6

Sheet Inputs
A1: =IFERROR(__xludf.DUMMYFUNCTION("IMPORTRANGE(""https://docs.google.com/spreadsheets/d/1YscgiuKYVI2pGcMJ3RcJwWGQEkG46RnVnji8q8a4AeE/edit?gid=1935731438#gid=1935731438"",""Produktionsvorbereitung_v2!A1:G100"")"),"#REF!") -> #REF!
M3: VolumeFile
M5: name | N5: demand_thursday | O5: demand_friday | P5: demand_saturday | Q5: demand_sunday | R5: demand_monday | S5: station_constraint | T5: level_constraint | U5: pickface_constraint | V5: separate_constraint
M6: IcePack1 | N6: =IFERROR( XLOOKUP(M6,J:J,L:L),"") -> 5138 | O6: 0 | P6: 0 | Q6: 0 | R6: 0 | U6: F29 | X6: RackFile_Combined | AG6: Grouping
J7: Converter TABLE | M7: IcePack2 | N7: =IFERROR( XLOOKUP(M7,J:J,L:L),"") -> 422 | O7: 0 | P7: 0 | Q7: 0 | R7: 0 | U7: F105 | AP7: Maitre Forecast
J8: =IF(B9="","",B9&" - "&D9) | K8: =IFERROR(C9,"") | L8: {=IFERROR(XLOOKUP(K8,C:C,G:G),"")} | M8: IcePack3 | N8: =IFERROR( XLOOKUP(M8,J:J,L:L),"") -> 5138 | O8: 0 | P8: 0 | Q8: 0 | R8: 0 | U8: F137 | X8: Recipe | Y8: Ingredient | Z8: SKU | AA8: Line | AB8: FlowRackPosition | AC8: Quantity | AD8: ScanRegEx | AE8: StorageConditions | AG8: recipe_slot | AH8: ingredient_sku | AI8: ingredient_name | AJ8: final_key | AK8: picks_2p | AL8: picks_3p | AM8: picks_4p | AP8: name | AQ8: demand_thursday | AR8: demand_friday | AS8: demand_saturday | AT8: demand_sunday | AU8: demand_monday | AV8: station_constraint | AW8: level_constraint | AX8: pickface_constraint | AY8: separate_constraint
J9: =IF(B10="","",B10&" - "&D10) | K9: =IFERROR(C10,"") | L9: 2314 | M9: =IFERROR(J9,"") | N9: =IFERROR( XLOOKUP(M9,J:J,L:L),"") | O9: =IF($N9="","","0") | P9: =IF($N9="","","0") | Q9: =IF($N9="","","0") | R9: =IF($N9="","","0") | X9: =IF($J9="","", LEFT($J9,3)&"_1p") | Y9: =IFERROR(M9,"") | Z9: =XLOOKUP(Y9,J:J,K:K) | AA9: =IF(Z9="","","ASL1") | AC9: =IF(X9="","","1") | AE9: =IF(X9="","","Chilled") | AG9: =B10 | AH9: =IFERROR( XLOOKUP(AG9,B:B,C:C),"") | AI9: =IFERROR(XLOOKUP(AH9,K:K,J:J),"") | AJ9: =AI9 | AK9: =IF(AJ9="","","1") | AL9: =IF(AK9="","","0") | AM9: =IF(AL9="","","0") | AP9: W21 | AQ9: 301 | AR9: CON-00-138294-2 | AS9: Hähnchen mit Champignons und Reis | AT9: 2010
J10: =IF(B11="","",B11&" - "&D11) | K10: =IFERROR(C11,"") | L10: 1850 | M10: =IFERROR(J10,"") | N10: =IFERROR( XLOOKUP(M10,J:J,L:L),"") | O10: =IF($N10="","","0") | P10: =IF($N10="","","0") | Q10: =IF($N10="","","0") | R10: =IF($N10="","","0") | X10: =IF($J10="","", LEFT($J10,3)&"_1p") | Y10: =IFERROR(M10,"") | Z10: =XLOOKUP(Y10,J:J,K:K) | AA10: =IF(Z10="","","ASL1") | AC10: =IF(X10="","","1") | AE10: =IF(X10="","","Chilled") | AG10: =B11 | AH10: =IFERROR( XLOOKUP(AG10,B:B,C:C),"") | AI10: =IFERROR(XLOOKUP(AH10,K:K,J:J),"") | AJ10: =AI10 | AK10: =IF(AJ10="","","1") | AL10: =IF(AK10="","","0") | AM10: =IF(AL10="","","0") | AP10: W21 | AQ10: 302 | AR10: CON-00-136693-3 | AS10: Rindfleisch mit BBQ-Sauce | AT10: 1622
J11: =IF(B12="","",B12&" - "&D12) | K11: =IFERROR(C12,"") | L11: 2104 | M11: =IFERROR(J11,"") | N11: =IFERROR( XLOOKUP(M11,J:J,L:L),"") | O11: =IF($N11="","","0") | P11: =IF($N11="","","0") | Q11: =IF($N11="","","0") | R11: =IF($N11="","","0") | X11: =IF($J11="","", LEFT($J11,3)&"_1p") | Y11: =IFERROR(M11,"") | Z11: =XLOOKUP(Y11,J:J,K:K) | AA11: =IF(Z11="","","ASL1") | AC11: =IF(X11="","","1") | AE11: =IF(X11="","","Chilled") | AG11: =B12 | AH11: =IFERROR( XLOOKUP(AG11,B:B,C:C),"") | AI11: =IFERROR(XLOOKUP(AH11,K:K,J:J),"") | AJ11: =AI11 | AK11: =IF(AJ11="","","1") | AL11: =IF(AK11="","","0") | AM11: =IF(AL11="","","0") | AP11: W21 | AQ11: 303 | AR11: CON-00-137559-2 | AS11: Gochugaru-Hähnchen | AT11: 1990
J12: =IF(B13="","",B13&" - "&D13) | K12: =IFERROR(C13,"") | L12: 2313 | M12: =IFERROR(J12,"") | N12: =IFERROR( XLOOKUP(M12,J:J,L:L),"") | O12: =IF($N12="","","0") | P12: =IF($N12="","","0") | Q12: =IF($N12="","","0") | R12: =IF($N12="","","0") | X12: =IF($J12="","", LEFT($J12,3)&"_1p") | Y12: =IFERROR(M12,"") | Z12: =XLOOKUP(Y12,J:J,K:K) | AA12: =IF(Z12="","","ASL1") | AC12: =IF(X12="","","1") | AE12: =IF(X12="","","Chilled") | AG12: =B13 | AH12: =IFERROR( XLOOKUP(AG12,B:B,C:C),"") | AI12: =IFERROR(XLOOKUP(AH12,K:K,J:J),"") | AJ12: =AI12 | AK12: =IF(AJ12="","","1") | AL12: =IF(AK12="","","0") | AM12: =IF(AL12="","","0") | AP12: W21 | AQ12: 304 | AR12: CON-00-136648-3 | AS12: Pulled Chicken mit Cheddar und Speck | AT12: 2319
J13: =IF(B14="","",B14&" - "&D14) | K13: =IFERROR(C14,"") | L13: 1993 | M13: =IFERROR(J13,"") | N13: =IFERROR( XLOOKUP(M13,J:J,L:L),"") | O13: =IF($N13="","","0") | P13: =IF($N13="","","0") | Q13: =IF($N13="","","0") | R13: =IF($N13="","","0") | X13: =IF($J13="","", LEFT($J13,3)&"_1p") | Y13: =IFERROR(M13,"") | Z13: =XLOOKUP(Y13,J:J,K:K) | AA13: =IF(Z13="","","ASL1") | AC13: =IF(X13="","","1") | AE13: =IF(X13="","","Chilled") | AG13: =B14 | AH13: =IFERROR( XLOOKUP(AG13,B:B,C:C),"") | AI13: =IFERROR(XLOOKUP(AH13,K:K,J:J),"") | AJ13: =AI13 | AK13: =IF(AJ13="","","1") | AL13: =IF(AK13="","","0") | AM13: =IF(AL13="","","0") | AP13: W21 | AQ13: 305 | AR13: CON-00-136659-3 | AS13: Gegrilltes Hähnchenfilet mit Pesto | AT13: 1898
J14: =IF(B15="","",B15&" - "&D15) | K14: =IFERROR(C15,"") | L14: 1705 | M14: =IFERROR(J14,"") | N14: =IFERROR( XLOOKUP(M14,J:J,L:L),"") | O14: =IF($N14="","","0") | P14: =IF($N14="","","0") | Q14: =IF($N14="","","0") | R14: =IF($N14="","","0") | X14: =IF($J14="","", LEFT($J14,3)&"_1p") | Y14: =IFERROR(M14,"") | Z14: =XLOOKUP(Y14,J:J,K:K) | AA14: =IF(Z14="","","ASL1") | AC14: =IF(X14="","","1") | AE14: =IF(X14="","","Chilled") | AG14: =B15 | AH14: =IFERROR( XLOOKUP(AG14,B:B,C:C),"") | AI14: =IFERROR(XLOOKUP(AH14,K:K,J:J),"") | AJ14: =AI14 | AK14: =IF(AJ14="","","1") | AL14: =IF(AK14="","","0") | AM14: =IF(AL14="","","0") | AP14: W21 | AQ14: 306 | AR14: CON-00-136638-3 | AS14: Scharfes Hähnchen mit Jalapeño, Limette und Cheddar | AT14: 1492
J15: =IF(B16="","",B16&" - "&D16) | K15: =IFERROR(C16,"") | L15: 1062 | M15: =IFERROR(J15,"") | N15: =IFERROR( XLOOKUP(M15,J:J,L:L),"") | O15: =IF($N15="","","0") | P15: =IF($N15="","","0") | Q15: =IF($N15="","","0") | R15: =IF($N15="","","0") | X15: =IF($J15="","", LEFT($J15,3)&"_1p") | Y15: =IFERROR(M15,"") | Z15: =XLOOKUP(Y15,J:J,K:K) | AA15: =IF(Z15="","","ASL1") | AC15: =IF(X15="","","1") | AE15: =IF(X15="","","Chilled") | AG15: =B16 | AH15: =IFERROR( XLOOKUP(AG15,B:B,C:C),"") | AI15: =IFERROR(XLOOKUP(AH15,K:K,J:J),"") | AJ15: =AI15 | AK15: =IF(AJ15="","","1") | AL15: =IF(AK15="","","0") | AM15: =IF(AL15="","","0") | AP15: W21 | AQ15: 307 | AR15: CON-00-138996-2 | AS15: Cheddar Pulled Beef | AT15: 1307
J16: =IF(B17="","",B17&" - "&D17) | K16: =IFERROR(C17,"") | L16: 1356 | M16: =IFERROR(J16,"") | N16: =IFERROR( XLOOKUP(M16,J:J,L:L),"") | O16: =IF($N16="","","0") | P16: =IF($N16="","","0") | Q16: =IF($N16="","","0") | R16: =IF($N16="","","0") | X16: =IF($J16="","", LEFT($J16,3)&"_1p") | Y16: =IFERROR(M16,"") | Z16: =XLOOKUP(Y16,J:J,K:K) | AA16: =IF(Z16="","","ASL1") | AC16: =IF(X16="","","1") | AE16: =IF(X16="","","Chilled") | AG16: =B17 | AH16: =IFERROR( XLOOKUP(AG16,B:B,C:C),"") | AI16: =IFERROR(XLOOKUP(AH16,K:K,J:J),"") | AJ16: =AI16 | AK16: =IF(AJ16="","","1") | AL16: =IF(AK16="","","0") | AM16: =IF(AL16="","","0") | AP16: W21 | AQ16: 308 | AR16: CON-00-136617-3 | AS16: Lachs auf Blumenkohlreis in Käsecreme | AT16: 1722
J17: =IF(B18="","",B18&" - "&D18) | K17: =IFERROR(C18,"") | L17: 393 | M17: =IFERROR(J17,"") | N17: =IFERROR( XLOOKUP(M17,J:J,L:L),"") | O17: =IF($N17="","","0") | P17: =IF($N17="","","0") | Q17: =IF($N17="","","0") | R17: =IF($N17="","","0") | X17: =IF($J17="","", LEFT($J17,3)&"_1p") | Y17: =IFERROR(M17,"") | Z17: =XLOOKUP(Y17,J:J,K:K) | AA17: =IF(Z17="","","ASL1") | AC17: =IF(X17="","","1") | AE17: =IF(X17="","","Chilled") | AG17: =B18 | AH17: =IFERROR( XLOOKUP(AG17,B:B,C:C),"") | AI17: =IFERROR(XLOOKUP(AH17,K:K,J:J),"") | AJ17: =AI17 | AK17: =IF(AJ17="","","1") | AL17: =IF(AK17="","","0") | AM17: =IF(AL17="","","0") | AP17: W21 | AQ17: 309 | AR17: CON-00-136634-3 | AS17: Zucchini-Paprika-Ratatouille | AT17: 404
J18: =IF(B19="","",B19&" - "&D19) | K18: =IFERROR(C19,"") | L18: 529 | M18: =IFERROR(J18,"") | N18: =IFERROR( XLOOKUP(M18,J:J,L:L),"") | O18: =IF($N18="","","0") | P18: =IF($N18="","","0") | Q18: =IF($N18="","","0") | R18: =IF($N18="","","0") | X18: =IF($J18="","", LEFT($J18,3)&"_1p") | Y18: =IFERROR(M18,"") | Z18: =XLOOKUP(Y18,J:J,K:K) | AA18: =IF(Z18="","","ASL1") | AC18: =IF(X18="","","1") | AE18: =IF(X18="","","Chilled") | AG18: =B19 | AH18: =IFERROR( XLOOKUP(AG18,B:B,C:C),"") | AI18: =IFERROR(XLOOKUP(AH18,K:K,J:J),"") | AJ18: =AI18 | AK18: =IF(AJ18="","","1") | AL18: =IF(AK18="","","0") | AM18: =IF(AL18="","","0") | AP18: W21 | AQ18: 310 | AR18: CON-00-136647-3 | AS18: Quinoa-Süßkartoffel-Erdnuss-Bowl | AT18: 315
J19: =IF(B20="","",B20&" - "&D20) | K19: =IFERROR(C20,"") | L19: 434 | M19: =IFERROR(J19,"") | N19: =IFERROR( XLOOKUP(M19,J:J,L:L),"") | O19: =IF($N19="","","0") | P19: =IF($N19="","","0") | Q19: =IF($N19="","","0") | R19: =IF($N19="","","0") | X19: =IF($J19="","", LEFT($J19,3)&"_1p") | Y19: =IFERROR(M19,"") | Z19: =XLOOKUP(Y19,J:J,K:K) | AA19: =IF(Z19="","","ASL1") | AC19: =IF(X19="","","1") | AE19: =IF(X19="","","Chilled") | AG19: =B20 | AH19: =IFERROR( XLOOKUP(AG19,B:B,C:C),"") | AI19: =IFERROR(XLOOKUP(AH19,K:K,J:J),"") | AJ19: =AI19 | AK19: =IF(AJ19="","","1") | AL19: =IF(AK19="","","0") | AM19: =IF(AL19="","","0") | AP19: W21 | AQ19: 311 | AR19: CON-00-136664-3 | AS19: Schweinefilet in Sonnentomaten-Sauce | AT19: 516
J20: =IF(B21="","",B21&" - "&D21) | K20: =IFERROR(C21,"") | L20: 952 | M20: =IFERROR(J20,"") | N20: =IFERROR( XLOOKUP(M20,J:J,L:L),"") | O20: =IF($N20="","","0") | P20: =IF($N20="","","0") | Q20: =IF($N20="","","0") | R20: =IF($N20="","","0") | X20: =IF($J20="","", LEFT($J20,3)&"_1p") | Y20: =IFERROR(M20,"") | Z20: =XLOOKUP(Y20,J:J,K:K) | AA20: =IF(Z20="","","ASL1") | AC20: =IF(X20="","","1") | AE20: =IF(X20="","","Chilled") | AG20: =B21 | AH20: =IFERROR( XLOOKUP(AG20,B:B,C:C),"") | AI20: =IFERROR(XLOOKUP(AH20,K:K,J:J),"") | AJ20: =AI20 | AK20: =IF(AJ20="","","1") | AL20: =IF(AK20="","","0") | AM20: =IF(AL20="","","0") | AP20: W21 | AQ20: 312 | AR20: CON-00-137745-2 | AS20: Lachs in Senf-Dill-Sauce | AT20: 1094
... J25: =IF(B26="","",B26&" - "&D26) | K25: =IFERROR(C26,"") | L25: 473 | M25: =IFERROR(J25,"") | N25: =IFERROR( XLOOKUP(M25,J:J,L:L),"") | O25: =IF($N25="","","0") | P25: =IF($N25="","","0") | Q25: =IF($N25="","","0") | R25: =IF($N25="","","0") | X25: =IF($J25="","", LEFT($J25,3)&"_1p") | Y25: =IFERROR(M25,"") | Z25: =XLOOKUP(Y25,J:J,K:K) | AA25: =IF(Z25="","","ASL1") | AC25: =IF(X25="","","1") | AE25: =IF(X25="","","Chilled") | AG25: =B26 | AH25: =IFERROR( XLOOKUP(AG25,B:B,C:C),"") | AI25: =IFERROR(XLOOKUP(AH25,K:K,J:J),"") | AJ25: =AI25 | AK25: =IF(AJ25="","","1") | AL25: =IF(AK25="","","0") | AM25: =IF(AL25="","","0") | AP25: W21 | AQ25: 317 | AR25: CON-00-139494-2 | AS25: Schweinefilet mit Artischocken und Spinat | AT25: 393
J26: =IF(B27="","",B27&" - "&D27) | K26: =IFERROR(C27,"") | L26: 292 | M26: =IFERROR(J26,"") | N26: =IFERROR( XLOOKUP(M26,J:J,L:L),"") | O26: =IF($N26="","","0") | P26: =IF($N26="","","0") | Q26: =IF($N26="","","0") | R26: =IF($N26="","","0") | U26: F32 | X26: =IF($J26="","", LEFT($J26,3)&"_1p") | Y26: =IFERROR(M26,"") | Z26: =XLOOKUP(Y26,J:J,K:K) | AA26: =IF(Z26="","","ASL1") | AC26: =IF(X26="","","1") | AE26: =IF(X26="","","Chilled") | AG26: =B27 | AH26: =IFERROR( XLOOKUP(AG26,B:B,C:C),"") | AI26: =IFERROR(XLOOKUP(AH26,K:K,J:J),"") | AJ26: =AI26 | AK26: =IF(AJ26="","","1") | AL26: =IF(AK26="","","0") | AM26: =IF(AL26="","","0") | AP26: W21 | AQ26: 318 | AR26: CON-00-138006-2 | AS26: Schweinefilet in Lauchcreme | AT26: 394
J27: =IF(B28="","",B28&" - "&D28) | K27: =IFERROR(C28,"") | M27: =IFERROR(J27,"") | N27: =IFERROR( XLOOKUP(M27,J:J,L:L),"") | O27: =IF($N27="","","0") | P27: =IF($N27="","","0") | Q27: =IF($N27="","","0") | R27: =IF($N27="","","0") | X27: =IF($J27="","", LEFT($J27,3)&"_1p") | Y27: =IFERROR(M27,"") | Z27: =XLOOKUP(Y27,J:J,K:K) | AA27: =IF(Z27="","","ASL1") | AC27: =IF(X27="","","1") | AE27: =IF(X27="","","Chilled") | AG27: =B28 | AH27: =IFERROR( XLOOKUP(AG27,B:B,C:C),"") | AI27: =IFERROR(XLOOKUP(AH27,K:K,J:J),"") | AJ27: =AI27 | AK27: =IF(AJ27="","","1") | AL27: =IF(AK27="","","0") | AM27: =IF(AL27="","","0") | AP27: W21 | AQ27: 806 | AR27: PTN-00-136930-3 | AS27: Gegrilltes Hähnchen mit Knoblauch-Kräutern | AT27: 67
J28: =IF(B29="","",B29&" - "&D29) | K28: =IFERROR(C29,"") | L28: {=IFERROR(XLOOKUP(K28,C:C,G:G),"")} | M28: =IFERROR(J28,"") | N28: =IFERROR( XLOOKUP(M28,J:J,L:L),"") | O28: =IF($N28="","","0") | P28: =IF($N28="","","0") | Q28: =IF($N28="","","0") | R28: =IF($N28="","","0") | X28: =IF($J28="","", LEFT($J28,3)&"_1p") | Y28: =IFERROR(M28,"") | Z28: =XLOOKUP(Y28,J:J,K:K) | AA28: =IF(Z28="","","ASL1") | AC28: =IF(X28="","","1") | AE28: =IF(X28="","","Chilled") | AG28: =B29 | AH28: =IFERROR( XLOOKUP(AG28,B:B,C:C),"") | AI28: =IFERROR(XLOOKUP(AH28,K:K,J:J),"") | AJ28: =AI28 | AK28: =IF(AJ28="","","1") | AL28: =IF(AK28="","","0") | AM28: =IF(AL28="","","0")
J29: =IF(B30="","",B30&" - "&D30) | K29: =IFERROR(C30,"") | L29: 66 | M29: =IFERROR(J29,"") | N29: =IFERROR( XLOOKUP(M29,J:J,L:L),"") | O29: =IF($N29="","","0") | P29: =IF($N29="","","0") | Q29: =IF($N29="","","0") | R29: =IF($N29="","","0") | U29: F98 | X29: =IF($J29="","", LEFT($J29,3)&"_1p") | Y29: =IFERROR(M29,"") | Z29: =XLOOKUP(Y29,J:J,K:K) | AA29: =IF(Z29="","","ASL1") | AC29: =IF(X29="","","1") | AE29: =IF(X29="","","Chilled") | AG29: =B30 | AH29: =IFERROR( XLOOKUP(AG29,B:B,C:C),"") | AI29: =IFERROR(XLOOKUP(AH29,K:K,J:J),"") | AJ29: =AI29 | AK29: =IF(AJ29="","","1") | AL29: =IF(AK29="","","0") | AM29: =IF(AL29="","","0")
J30: =IF(B31="","",B31&" - "&D31) | K30: =IFERROR(C31,"") | L30: 120 | M30: =IFERROR(J30,"") | N30: =IFERROR( XLOOKUP(M30,J:J,L:L),"") | O30: =IF($N30="","","0") | P30: =IF($N30="","","0") | Q30: =IF($N30="","","0") | R30: =IF($N30="","","0") | U30: F108 | X30: =IF($J30="","", LEFT($J30,3)&"_1p") | Y30: =IFERROR(M30,"") | Z30: =XLOOKUP(Y30,J:J,K:K) | AA30: =IF(Z30="","","ASL1") | AC30: =IF(X30="","","1") | AE30: =IF(X30="","","Chilled") | AG30: =B31 | AH30: =IFERROR( XLOOKUP(AG30,B:B,C:C),"") | AI30: =IFERROR(XLOOKUP(AH30,K:K,J:J),"") | AJ30: =AI30 | AK30: =IF(AJ30="","","1") | AL30: =IF(AK30="","","0") | AM30: =IF(AL30="","","0")
J31: =IF(B32="","",B32&" - "&D32) | K31: =IFERROR(C32,"") | L31: 58 | M31: =IFERROR(J31,"") | N31: =IFERROR( XLOOKUP(M31,J:J,L:L),"") | O31: =IF($N31="","","0") | P31: =IF($N31="","","0") | Q31: =IF($N31="","","0") | R31: =IF($N31="","","0") | U31: F123 | X31: =IF($J31="","", LEFT($J31,3)&"_1p") | Y31: =IFERROR(M31,"") | Z31: =XLOOKUP(Y31,J:J,K:K) | AA31: =IF(Z31="","","ASL1") | AC31: =IF(X31="","","1") | AE31: =IF(X31="","","Chilled") | AG31: =B32 | AH31: =IFERROR( XLOOKUP(AG31,B:B,C:C),"") | AI31: =IFERROR(XLOOKUP(AH31,K:K,J:J),"") | AJ31: =AI31 | AK31: =IF(AJ31="","","1") | AL31: =IF(AK31="","","0") | AM31: =IF(AL31="","","0")
J32: =IF(B33="","",B33&" - "&D33) | K32: =IFERROR(C33,"") | L32: 58 | M32: =IFERROR(J32,"") | N32: =IFERROR( XLOOKUP(M32,J:J,L:L),"") | O32: =IF($N32="","","0") | P32: =IF($N32="","","0") | Q32: =IF($N32="","","0") | R32: =IF($N32="","","0") | U32: F134 | X32: =IF($J32="","", LEFT($J32,3)&"_1p") | Y32: =IFERROR(M32,"") | Z32: =XLOOKUP(Y32,J:J,K:K) | AA32: =IF(Z32="","","ASL1") | AC32: =IF(X32="","","1") | AE32: =IF(X32="","","Chilled") | AG32: =B33 | AH32: =IFERROR( XLOOKUP(AG32,B:B,C:C),"") | AI32: =IFERROR(XLOOKUP(AH32,K:K,J:J),"") | AJ32: =AI32 | AK32: =IF(AJ32="","","1") | AL32: =IF(AK32="","","0") | AM32: =IF(AL32="","","0")
J33: =IF(B34="","",B34&" - "&D34) | K33: =IFERROR(C34,"") | L33: {=IFERROR(XLOOKUP(K33,C:C,G:G),"")} | M33: =IFERROR(J33,"") | N33: =IFERROR( XLOOKUP(M33,J:J,L:L),"") | O33: =IF($N33="","","0") | P33: =IF($N33="","","0") | Q33: =IF($N33="","","0") | R33: =IF($N33="","","0") | X33: =IF($J33="","", LEFT($J33,3)&"_1p") | Y33: =IFERROR(M33,"") | Z33: =XLOOKUP(Y33,J:J,K:K) | AA33: =IF(Z33="","","ASL1") | AC33: =IF(X33="","","1") | AE33: =IF(X33="","","Chilled") | AG33: =B34 | AH33: =IFERROR( XLOOKUP(AG33,B:B,C:C),"") | AI33: =IFERROR(XLOOKUP(AH33,K:K,J:J),"") | AJ33: =AI33 | AK33: =IF(AJ33="","","1") | AL33: =IF(AK33="","","0") | AM33: =IF(AL33="","","0")
J34: =IF(B35="","",B35&" - "&D35) | K34: =IFERROR(C35,"") | M34: =IFERROR(J34,"") | O34: =IF($N34="","","0") | P34: =IF($N34="","","0") | Q34: =IF($N34="","","0") | R34: =IF($N34="","","0") | X34: =IF($J34="","", LEFT($J34,3)&"_1p") | Y34: =IFERROR(M34,"") | Z34: =XLOOKUP(Y34,J:J,K:K) | AA34: =IF(Z34="","","ASL1") | AC34: =IF(X34="","","1") | AE34: =IF(X34="","","Chilled") | AG34: =B35 | AH34: =IFERROR( XLOOKUP(AG34,B:B,C:C),"") | AI34: =IFERROR(XLOOKUP(AH34,K:K,J:J),"") | AJ34: =AI34 | AK34: =IF(AJ34="","","1") | AL34: =IF(AK34="","","0") | AM34: =IF(AL34="","","0")
J35: =IF(B36="","",B36&" - "&D36) | K35: =IFERROR(C36,"") | M35: =IFERROR(J34,"") | O35: =IF($N35="","","0") | P35: =IF($N35="","","0") | Q35: =IF($N35="","","0") | R35: =IF($N35="","","0") | X35: =IF($J35="","", LEFT($J35,3)&"_1p") | Y35: =IFERROR(M35,"") | Z35: =XLOOKUP(Y35,J:J,K:K) | AA35: =IF(Z35="","","ASL1") | AC35: =IF(X35="","","1") | AE35: =IF(X35="","","Chilled") | AG35: =B36 | AH35: =IFERROR( XLOOKUP(AG35,B:B,C:C),"") | AI35: =IFERROR(XLOOKUP(AH35,K:K,J:J),"") | AJ35: =AI35 | AK35: =IF(AJ35="","","1") | AL35: =IF(AK35="","","0") | AM35: =IF(AL35="","","0")
J36: =IF(B37="","",B37&" - "&D37) | K36: =IFERROR(C37,"") | M36: =IFERROR(J35,"") | O36: =IF($N36="","","0") | P36: =IF($N36="","","0") | Q36: =IF($N36="","","0") | R36: =IF($N36="","","0") | X36: =IF($J36="","", LEFT($J36,3)&"_1p") | Y36: =IFERROR(M36,"") | Z36: =XLOOKUP(Y36,J:J,K:K) | AA36: =IF(Z36="","","ASL1") | AC36: =IF(X36="","","1") | AE36: =IF(X36="","","Chilled") | AG36: =B37 | AH36: =IFERROR( XLOOKUP(AG36,B:B,C:C),"") | AI36: =IFERROR(XLOOKUP(AH36,K:K,J:J),"") | AJ36: =AI36 | AK36: =IF(AJ36="","","1") | AL36: =IF(AK36="","","0") | AM36: =IF(AL36="","","0")
J37: =IF(B38="","",B38&" - "&D38) | K37: =IFERROR(C38,"") | M37: =IFERROR(J36,"") | O37: =IF($N37="","","0") | P37: =IF($N37="","","0") | Q37: =IF($N37="","","0") | R37: =IF($N37="","","0") | X37: =IF($J37="","", LEFT($J37,3)&"_1p") | Y37: =IFERROR(M37,"") | Z37: =XLOOKUP(Y37,J:J,K:K) | AA37: =IF(Z37="","","ASL1") | AC37: =IF(X37="","","1") | AE37: =IF(X37="","","Chilled") | AP37: Ice pro Box | AQ37: Anzahl | AR37: Icepack
J38: =IF(B39="","",B39&" - "&D39) | M38: =IFERROR(J37,"") | O38: =IF($N38="","","0") | P38: =IF($N38="","","0") | Q38: =IF($N38="","","0") | R38: =IF($N38="","","0") | X38: =IF($J38="","", LEFT($J38,3)&"_1p") | Y38: =IFERROR(M38,"") | Z38: =XLOOKUP(Y38,J:J,K:K) | AA38: =IF(Z38="","","ASL1") | AC38: =IF(X38="","","1") | AE38: =IF(X38="","","Chilled") | AP38: 6 | AQ38: 1963 | AR38: 5138 | AS38: 1
J39: =IF(B40="","",B40&" - "&D40) | O39: =IF($N39="","","0") | P39: =IF($N39="","","0") | Q39: =IF($N39="","","0") | R39: =IF($N39="","","0") | X39: =IF($J38="","", LEFT($J38,3)&"_1p") | Y39: =IFERROR(M39,"") | AA39: =IF(Z39="","","ASL1") | AC39: =IF(X39="","","1") | AE39: =IF(X39="","","Chilled") | AP39: 9 | AQ39: 422 | AR39: 422 | AS39: 2
J40: =IF(B41="","",B41&" - "&D41) | O40: =IF($N40="","","0") | P40: =IF($N40="","","0") | Q40: =IF($N40="","","0") | R40: =IF($N40="","","0") | X40: =IF($J39="","", LEFT($J39,3)&"_1p") | Y40: =IFERROR(M40,"") | AA40: =IF(Z40="","","ASL1") | AC40: =IF(X40="","","1") | AE40: =IF(X40="","","Chilled") | AP40: 12 | AQ40: 184 | AR40: 5138 | AS40: 3
O41: =IF($N41="","","0") | P41: =IF($N41="","","0") | Q41: =IF($N41="","","0") | R41: =IF($N41="","","0") | X41: =IF($J40="","", LEFT($J40,3)&"_1p") | Y41: =IFERROR(M41,"") | AA41: =IF(Z41="","","ASL1") | AC41: =IF(X41="","","1") | AE41: =IF(X41="","","Chilled")
O42: =IF($N42="","","0") | P42: =IF($N42="","","0") | Q42: =IF($N42="","","0") | R42: =IF($N42="","","0") | X42: =IF($J42="","", LEFT($J42,3)&"_1p") | Y42: =IFERROR(M42,"") | AA42: =IF(Z42="","","ASL1") | AC42: =IF(X42="","","1") | AE42: =IF(X42="","","Chilled")
O43: =IF($N43="","","0") | P43: =IF($N43="","","0") | Q43: =IF($N43="","","0") | R43: =IF($N43="","","0") | X43: =IF($J43="","", LEFT($J43,3)&"_1p") | Y43: =IFERROR(M43,"") | AA43: =IF(Z43="","","ASL1") | AC43: =IF(X43="","","1") | AE43: =IF(X43="","","Chilled")
O44: =IF($N44="","","0") | P44: =IF($N44="","","0") | Q44: =IF($N44="","","0") | R44: =IF($N44="","","0") | X44: =IF($J44="","", LEFT($J44,3)&"_1p") | Y44: =IFERROR(M44,"") | AA44: =IF(Z44="","","ASL1") | AC44: =IF(X44="","","1") | AE44: =IF(X44="","","Chilled")
O45: =IF($N45="","","0") | P45: =IF($N45="","","0") | Q45: =IF($N45="","","0") | R45: =IF($N45="","","0") | X45: =IF($J45="","", LEFT($J45,3)&"_1p") | Y45: =IFERROR(M45,"") | AA45: =IF(Z45="","","ASL1") | AC45: =IF(X45="","","1") | AE45: =IF(X45="","","Chilled")
O46: =IF($N46="","","0") | P46: =IF($N46="","","0") | Q46: =IF($N46="","","0") | R46: =IF($N46="","","0") | X46: =IF($J46="","", LEFT($J46,3)&"_1p") | Y46: =IFERROR(M46,"") | AA46: =IF(Z46="","","ASL1") | AC46: =IF(X46="","","1") | AE46: =IF(X46="","","Chilled")
O47: =IF($N47="","","0") | P47: =IF($N47="","","0") | Q47: =IF($N47="","","0") | R47: =IF($N47="","","0") | X47: =IF($J47="","", LEFT($J47,3)&"_1p") | Y47: =IFERROR(M47,"") | AA47: =IF(Z47="","","ASL1") | AC47: =IF(X47="","","1") | AE47: =IF(X47="","","Chilled")
O48: =IF($N48="","","0") | P48: =IF($N48="","","0") | Q48: =IF($N48="","","0") | R48: =IF($N48="","","0") | X48: =IF($J48="","", LEFT($J48,3)&"_1p") | Y48: =IFERROR(M48,"") | AA48: =IF(Z48="","","ASL1") | AC48: =IF(X48="","","1") | AE48: =IF(X48="","","Chilled")
O49: =IF($N49="","","0") | P49: =IF($N49="","","0") | Q49: =IF($N49="","","0") | R49: =IF($N49="","","0") | X49: =IF($J49="","", LEFT($J49,3)&"_1p") | Y49: =IFERROR(M49,"") | AA49: =IF(Z49="","","ASL1") | AC49: =IF(X49="","","1") | AE49: =IF(X49="","","Chilled")
O50: =IF(N50="","","0") | P50: =IF($N50="","","0") | Q50: =IF($N50="","","0") | R50: =IF($N50="","","0") | X50: =IF($J50="","", LEFT($J50,3)&"_1p") | Y50: =IFERROR(M50,"") | AA50: =IF(Z50="","","ASL1") | AC50: =IF(X50="","","1") | AE50: =IF(X50="","","Chilled")
O51: =IF(N51="","","0") | P51: =IF($N51="","","0") | Q51: =IF($N51="","","0") | R51: =IF($N51="","","0") | X51: =IF($J51="","", LEFT($J51,3)&"_1p") | Y51: =IFERROR(M51,"") | AA51: =IF(Z51="","","ASL1") | AC51: =IF(X51="","","1") | AE51: =IF(X51="","","Chilled")
O52: =IF(N52="","","0") | P52: =IF($N52="","","0") | Q52: =IF($N52="","","0") | R52: =IF($N52="","","0") | X52: =IF($J52="","", LEFT($J52,3)&"_1p") | Y52: =IFERROR(M52,"") | AA52: =IF(Z52="","","ASL1") | AC52: =IF(X52="","","1") | AE52: =IF(X52="","","Chilled")
O53: =IF(N53="","","0") | P53: =IF($N53="","","0") | Q53: =IF($N53="","","0") | R53: =IF($N53="","","0") | X53: =IF($J53="","", LEFT($J53,3)&"_1p") | Y53: =IFERROR(M53,"") | AA53: =IF(Z53="","","ASL1") | AC53: =IF(X53="","","1") | AE53: =IF(X53="","","Chilled")
J54: IcePack1 | L54: 5138 | O54: =IF(N54="","","0") | P54: =IF($N54="","","0") | Q54: =IF($N54="","","0") | R54: =IF($N54="","","0")
J55: IcePack2 | L55: 422 | O55: =IF(N55="","","0") | P55: =IF($N55="","","0") | Q55: =IF($N55="","","0") | R55: =IF($N55="","","0")
J56: IcePack3 | L56: 5138 | O56: =IF(N56="","","0") | P56: =IF($N56="","","0") | Q56: =IF($N56="","","0") | R56: =IF($N56="","","0")
O57: =IF(N57="","","0") | P57: =IF($N57="","","0") | Q57: =IF($N57="","","0") | R57: =IF($N57="","","0")
O58: =IF(N58="","","0") | P58: =IF($N58="","","0")
O59: =IF(N59="","","0") | P59: =IF($N59="","","0") | X59: =IF($J59="","", LEFT($J59,3)&"_1p") | Y59: =IFERROR(M59,"") | AA59: =IF(Z59="","","ASL1") | AC59: =IF(X59="","","1") | AE59: =IF(X59="","","Chilled")
O60: =IF(N60="","","0") | X60: =IF($J60="","", LEFT($J60,3)&"_1p") | Y60: =IFERROR(M60,"") | AA60: =IF(Z60="","","ASL1") | AC60: =IF(X60="","","1") | AE60: =IF(X60="","","Chilled")
X61: =IF($J61="","", LEFT($J61,3)&"_1p") | Y61: =IFERROR(M61,"") | AA61: =IF(Z61="","","ASL1") | AC61: =IF(X61="","","1") | AE61: =IF(X61="","","Chilled")
X62: =IF($J62="","", LEFT($J62,3)&"_1p") | Y62: =IFERROR(M62,"") | AA62: =IF(Z62="","","ASL1") | AC62: =IF(X62="","","1") | AE62: =IF(X62="","","Chilled")
X63: =IF($J63="","", LEFT($J63,3)&"_1p") | Y63: =IFERROR(M63,"") | AA63: =IF(Z63="","","ASL1") | AC63: =IF(X63="","","1") | AE63: =IF(X63="","","Chilled")
X64: =IF($J64="","", LEFT($J64,3)&"_1p") | Y64: =IFERROR(M64,"") | AA64: =IF(Z64="","","ASL1") | AC64: =IF(X64="","","1") | AE64: =IF(X64="","","Chilled")
X65: =IF($J65="","", LEFT($J65,3)&"_1p") | Y65: =IFERROR(M65,"") | AA65: =IF(Z65="","","ASL1") | AC65: =IF(X65="","","1") | AE65: =IF(X65="","","Chilled")
X66: =IF($J66="","", LEFT($J66,3)&"_1p") | Y66: =IFERROR(M66,"") | AA66: =IF(Z66="","","ASL1") | AC66: =IF(X66="","","1") | AE66: =IF(X66="","","Chilled")
X67: =IF($J67="","", LEFT($J67,3)&"_1p") | Y67: =IFERROR(M67,"") | AA67: =IF(Z67="","","ASL1") | AC67: =IF(X67="","","1") | AE67: =IF(X67="","","Chilled")
X68: =IF($J68="","", LEFT($J68,3)&"_1p") | Y68: =IFERROR(M68,"") | AA68: =IF(Z68="","","ASL1") | AC68: =IF(X68="","","1") | AE68: =IF(X68="","","Chilled")
X69: =IF($J69="","", LEFT($J69,3)&"_1p") | Y69: =IFERROR(M69,"") | AA69: =IF(Z69="","","ASL1") | AC69: =IF(X69="","","1") | AE69: =IF(X69="","","Chilled")
X70: =IF($J70="","", LEFT($J70,3)&"_1p") | Y70: =IFERROR(M70,"") | AA70: =IF(Z70="","","ASL1") | AC70: =IF(X70="","","1") | AE70: =IF(X70="","","Chilled")
X71: =IF($J71="","", LEFT($J71,3)&"_1p") | Y71: =IFERROR(M71,"") | AA71: =IF(Z71="","","ASL1") | AC71: =IF(X71="","","1") | AE71: =IF(X71="","","Chilled")
X72: =IF($J72="","", LEFT($J72,3)&"_1p") | Y72: =IFERROR(M72,"") | AA72: =IF(Z72="","","ASL1") | AC72: =IF(X72="","","1") | AE72: =IF(X72="","","Chilled")
... X86: =IF($J86="","", LEFT($J86,3)&"_1p") | Y86: =IFERROR(M86,"") | AA86: =IF(Z86="","","ASL1") | AC86: =IF(X86="","","1") | AE86: =IF(X86="","","Chilled")
X87: =IF($J87="","", LEFT($J87,3)&"_1p") | AA87: =IF(Z87="","","ASL1") | AE87: =IF(X87="","","Chilled")
AA88: =IF(Z88="","","ASL1") | AE88: =IF(X88="","","Chilled")
AE89: =IF(X89="","","Chilled")
AE90: =IF(X90="","","Chilled")
AE91: =IF(X91="","","Chilled")
AE92: =IF(X92="","","Chilled")
AE93: =IF(X93="","","Chilled")
AE94: =IF(X94="","","Chilled")

Sheet CONTROL_CENTER
B2: HALO Verden - FACTOR | J2: Production Week
J3: 19
E5: NEW JOB | J5: Line Mapping
E6: timestamp | F6: 46141.4 | G6: UTC
E7: dag | F7: HALO rackplanning DACH VE | J7: Line | K7: Market | L7: Run?
E8: s3 | F8: HALO model rack_planning DACH VE | J8: ASL1 | K8: DACH | L8: TRUE
E9: status | F9: =IF(ISBLANK(F6), "Start a new job by pressing the button", IFERROR(IF(Text(VLOOKUP("start_time",result_solver_stats!A:B,2,false), "YYYY-MM-DD HH:MM:SS") - Text(F6, "YYYY-MM-DD HH:MM:SS") > 0, VLOOKUP("problem_status",result_solver_stats!A:B,2,false), "Job started, please wait"), "Job started, please wait")) -> done | G9: =IF(ISBLANK(F9), "", IF(F9 = "FEASIBLE", round((VLOOKUP("final_mip_gap", matching_solver_stats!A:B,2,false) - VLOOKUP("max_mip_gap", matching_solver_stats!A:B,2,false)) * 100,0) & "% deviation", "")) | J9: ASL2 | K9: NORDICS | L9: TRUE
C11: Copy this to the UI
C12: halo||rack_planning||dach_ve_factor
E13: Reporting | K13: SKUs | L13: ActivePickfaces | N13: noch/übrig
E14: =IFERROR(IF(F9 = "infeas", VLOOKUP("infeasibility_info", result_solver_stats!A:B,2,FALSE), VLOOKUP("error_reporting", result_solver_stats!A:B,2,FALSE)),"") | J14: DE | K14: =COUNTIF('HALO input'!N:N,"DACH") -> 61 | L14: =COUNTIFS(layout!I:I,TRUE,layout!B:B,"ASL1") -> 62 | M14: =IF(K14<=L14,":) thank you Shaurya",":( I am sad Shaurya") -> :) thank you Shaurya | N14: =L14-K14 -> 1
J15: NO | K15: =COUNTIF('HALO input'!N:N,"Nordics") -> 43 | L15: =COUNTIFS(layout!I:I,TRUE,layout!B:B,"ASL2") -> 44 | M15: =IF(K15<=L15,":) thank you Shaurya",":( I am sad Shaurya") -> :) thank you Shaurya | N15: =L15-K15 -> 1
C20: Export P2L check: | E20: =IFERROR(__xludf.DUMMYFUNCTION("IF(COUNTUNIQUE('HALO input'!A:A)=COUNTUNIQUE(Output_HALO!B:B), True, False)"),FALSE) -> FALSE | F20: All SKUs from HALO input are in HALO output
E21: =COUNTA(Rackfile_combined!A:A)=COUNTA(exportP2L!A:A) -> FALSE | F21: Rackfile_combined SKUs are the same as in exportP2L | J21: 3p | K21: 2 | L21: 3 | M21: 4
E22: =COUNTIF(PivotCheck__exportP2L!B:B,">1")=0 -> TRUE | F22: No pickface has more than 1 SKU in exportP2L | J22: 2p | K22: 5 | L22: 6 | M22: 7
J23: 3p | K23: 8 | L23: 9 | M23: 10
J24: 2p | K24: 11 | L24: 12 | M24: 13
J25: 3p | K25: 14 | L25: 15 | M25: 16
J26: 2p | K26: 17 | L26: 18 | M26: 19
B28: F_DE
B29: 300er | C29: Core
B30: 200er | C30: Addons
B31: 200er | C31: Free2Life
B32: F_NO
B33: 600er | C33: Core
B34: 700er | C34: Addons
B35: F_NL/BE
B36: 400er | C36: Core
B37: 500er | C37: Addons

Sheet Inputs Maite DE
A1: MANUELL EINTRAGEN | B1: Demand für Smoothies/Ice needs to be filled manually
T3: VolumeFile
T5: name | U5: demand_thursday | V5: demand_friday | W5: demand_saturday | X5: demand_sunday | Y5: demand_monday | Z5: station_constraint | AA5: level_constraint | AB5: pickface_constraint | AC5: separate_constraint
T6: IcePack1 | U6: =IFERROR(ROUNDUP( XLOOKUP(T6,Q:Q,S:S),0.1),"") -> 2194 | V6: 0 | W6: 0 | X6: 0 | Y6: 0 | AB6: F144 | AE6: RackFile_Combined
Q7: Converter TABLE | T7: IcePack2 | U7: =IFERROR(ROUNDUP( XLOOKUP(T7,Q:Q,S:S),0.1),"") -> 1887 | V7: 0 | W7: 0 | X7: 0 | Y7: 0 | AB7: F105
A8: Woche | B8: Rezept | C8: SKU | D8: Maitre Code | E8: Artikel | F8: wed -4wk | G8: wed -3wk | H8: wed -2wk | I8: wed-1wk | J8: Fri -1wk | K8: Mon | L8: Tues | M8: Weds | N8: Thurs | O8: order | Q8: =IF(B8="","",B8&" - "&E8) -> Rezept - Artikel | R8: SKU | S8: Target | T8: IcePack3 | U8: =IFERROR(ROUNDUP( XLOOKUP(T8,Q:Q,S:S),0.1),"") -> 2194 | V8: 0 | W8: 0 | X8: 0 | Y8: 0 | AB8: F127 | AE8: Recipe | AF8: Ingredient | AG8: SKU | AH8: Line | AI8: FlowRackPosition | AJ8: Quantity | AK8: ScanRegEx | AL8: StorageConditions
A9: =IFERROR(__xludf.DUMMYFUNCTION("FILTER('Maitre Inputs DENO_Stamm'!$B:$D,'Maitre Inputs DENO_Stamm'!$B:$B=""W""&CONTROL_CENTER!$J$3,'Maitre Inputs DENO_Stamm'!A:A=""DE"")"),"W19") -> W19 | B9: =IFERROR(__xludf.DUMMYFUNCTION("""COMPUTED_VALUE"""),301.0) -> 301 | C9: =IFERROR(__xludf.DUMMYFUNCTION("""COMPUTED_VALUE"""),"CON-00-136674-3") -> CON-00-136674-3 | D9: =IFERROR(__xludf.DUMMYFUNCTION("FILTER(RIGHT('Maitre Inputs DENO_Stamm'!$H:$H,6),'Maitre Inputs DENO_Stamm'!$B:$B=""W""&CONTROL_CENTER!$J$3,'Maitre Inputs DENO_Stamm'!A:A=""DE"")"),"565072") -> 565072 | E9: =IFERROR(__xludf.DUMMYFUNCTION("FILTER('Maitre Inputs DENO_Stamm'!F:F,'Maitre Inputs DENO_Stamm'!$B:$B=""W""&CONTROL_CENTER!$J$3,'Maitre Inputs DENO_Stamm'!A:A=""DE"")"),"Gegrilltes Hähnchen mit Ratatouille") -> Gegrilltes Hähnchen mit Ratatouille | F9: =IFERROR(__xludf.DUMMYFUNCTION("FILTER('Maitre Inputs DENO_Stamm'!J:S,'Maitre Inputs DENO_Stamm'!$B:$B=""W""&CONTROL_CENTER!$J$3,'Maitre Inputs DENO_Stamm'!A:A=""DE"")"),2603.0) -> 2603 | G9: =IFERROR(__xludf.DUMMYFUNCTION("""COMPUTED_VALUE"""),2473.0) -> 2473 | H9: =IFERROR(__xludf.DUMMYFUNCTION("""COMPUTED_VALUE"""),2722.0) -> 2722 | I9: =IFERROR(__xludf.DUMMYFUNCTION("""COMPUTED_VALUE"""),2659.0) -> 2659 | J9: =IFERROR(__xludf.DUMMYFUNCTION("""COMPUTED_VALUE"""),3014.0) -> 3014 | L9: =IFERROR(__xludf.DUMMYFUNCTION("""COMPUTED_VALUE"""),2993.0) -> 2993 | M9: =IFERROR(__xludf.DUMMYFUNCTION("""COMPUTED_VALUE"""),2993.0) -> 2993 | O9: =IFERROR(__xludf.DUMMYFUNCTION("""COMPUTED_VALUE"""),2982.0) -> 2982 | Q9: =IF(D9="","",D9&" - "&E9) -> 565072 - Gegrilltes Hähnchen mit Ratatouille | R9: =IFERROR(C9,"") -> CON-00-136674-3 | S9: =IFS(O9<>"",O9,AND(O9="",N9="",M9="",L9="",K9="",J9="",I9="",H9="",G9=""),F9,AND(O9="",N9="",M9="",L9="",K9="",J9="",I9="",H9=""),G9,AND(O9="",N9="",M9="",L9="",K9="",J9="",I9=""),H9,AND(O9="",N9="",M9="",L9="",K9="",J9=""), I9,AND(O9="",N9="",M9="",L9="",K9=""),J9,AND(O9="",N9="",M9="",L9=""), K9, AND(O9="",N9="",M9=""), L9,AND(O9="",N9=""), M9, AND(O9=""), N9) -> 2982 | T9: =IFERROR(Q9,"") -> 565072 - Gegrilltes Hähnchen mit Ratatouille | U9: =IFERROR(ROUNDUP( XLOOKUP(T9,Q:Q,S:S),0.1),"") -> 2982 | V9: =IF($U9="","","0") -> 0 | W9: =IF($U9="","","0") -> 0 | X9: =IF($U9="","","0") -> 0 | Y9: =IF($U9="","","0") -> 0 | AE9: =IF($B9="","", LEFT($B9,3)&"_1p") -> 301_1p | AF9: =IFERROR(T9,"") -> 565072 - Gegrilltes Hähnchen mit Ratatouille | AG9: =XLOOKUP(AF9,Q:Q,R:R) -> CON-00-136674-3 | AH9: =IF(AF9="","","ASL1") -> ASL1 | AJ9: =IF(AE9="","","1") -> 1 | AL9: =IF(AE9="","","Chilled") -> Chilled
A10: =IFERROR(__xludf.DUMMYFUNCTION("""COMPUTED_VALUE"""),"W19") -> W19 | B10: =IFERROR(__xludf.DUMMYFUNCTION("""COMPUTED_VALUE"""),302.0) -> 302 | C10: =IFERROR(__xludf.DUMMYFUNCTION("""COMPUTED_VALUE"""),"CON-00-152205-2") -> CON-00-152205-2 | D10: =IFERROR(__xludf.DUMMYFUNCTION("""COMPUTED_VALUE"""),"565209") -> 565209 | E10: =IFERROR(__xludf.DUMMYFUNCTION("""COMPUTED_VALUE"""),"Grünes Chili-Hähnchen mit Quinoa-Salsa") -> Grünes Chili-Hähnchen mit Quinoa-Salsa | F10: =IFERROR(__xludf.DUMMYFUNCTION("""COMPUTED_VALUE"""),1564.0) -> 1564 | G10: =IFERROR(__xludf.DUMMYFUNCTION("""COMPUTED_VALUE"""),1510.0) -> 1510 | H10: =IFERROR(__xludf.DUMMYFUNCTION("""COMPUTED_VALUE"""),1661.0) -> 1661 | I10: =IFERROR(__xludf.DUMMYFUNCTION("""COMPUTED_VALUE"""),1690.0) -> 1690 | J10: =IFERROR(__xludf.DUMMYFUNCTION("""COMPUTED_VALUE"""),1931.0) -> 1931 | L10: =IFERROR(__xludf.DUMMYFUNCTION("""COMPUTED_VALUE"""),1863.0) -> 1863 | M10: =IFERROR(__xludf.DUMMYFUNCTION("""COMPUTED_VALUE"""),1860.0) -> 1860 | O10: =IFERROR(__xludf.DUMMYFUNCTION("""COMPUTED_VALUE"""),1852.0) -> 1852 | Q10: =IF(D10="","",D10&" - "&E10) -> 565209 - Grünes Chili-Hähnchen mit Quinoa-Salsa | R10: =IFERROR(C10,"") -> CON-00-152205-2 | S10: =IFS(O10<>"",O10,AND(O10="",N10="",M10="",L10="",K10="",J10="",I10="",H10="",G10=""),F10,AND(O10="",N10="",M10="",L10="",K10="",J10="",I10="",H10=""),G10,AND(O10="",N10="",M10="",L10="",K10="",J10="",I10=""),H10,AND(O10="",N10="",M10="",L10="",K10="",J10=""), I10,AND(O10="",N10="",M10="",L10="",K10=""),J10,AND(O10="",N10="",M10="",L10=""), K10, AND(O10="",N10="",M10=""), L10,AND(O10="",N10=""), M10, AND(O10=""), N10) -> 1852 | T10: =IFERROR(Q10,"") -> 565209 - Grünes Chili-Hähnchen mit Quinoa-Salsa | U10: =IFERROR(ROUNDUP( XLOOKUP(T10,Q:Q,S:S),0.1),"") -> 1852 | V10: =IF($U10="","","0") -> 0 | W10: =IF($U10="","","0") -> 0 | X10: =IF($U10="","","0") -> 0 | Y10: =IF($U10="","","0") -> 0 | AE10: =IF($B10="","", LEFT($B10,3)&"_1p") -> 302_1p | AF10: =IFERROR(T10,"") -> 565209 - Grünes Chili-Hähnchen mit Quinoa-Salsa | AG10: =XLOOKUP(AF10,Q:Q,R:R) -> CON-00-152205-2 | AH10: =IF(AF10="","","ASL1") -> ASL1 | AJ10: =IF(AE10="","","1") -> 1 | AL10: =IF(AE10="","","Chilled") -> Chilled
A11: =IFERROR(__xludf.DUMMYFUNCTION("""COMPUTED_VALUE"""),"W19") -> W19 | B11: =IFERROR(__xludf.DUMMYFUNCTION("""COMPUTED_VALUE"""),303.0) -> 303 | C11: =IFERROR(__xludf.DUMMYFUNCTION("""COMPUTED_VALUE"""),"CON-00-136698-3") -> CON-00-136698-3 | D11: =IFERROR(__xludf.DUMMYFUNCTION("""COMPUTED_VALUE"""),"565309") -> 565309 | E11: =IFERROR(__xludf.DUMMYFUNCTION("""COMPUTED_VALUE"""),"Geschmortes Rind in Kräuterjus") -> Geschmortes Rind in Kräuterjus | F11: =IFERROR(__xludf.DUMMYFUNCTION("""COMPUTED_VALUE"""),0.0) -> 0 | G11: =IFERROR(__xludf.DUMMYFUNCTION("""COMPUTED_VALUE"""),0.0) -> 0 | H11: =IFERROR(__xludf.DUMMYFUNCTION("""COMPUTED_VALUE"""),0.0) -> 0 | I11: =IFERROR(__xludf.DUMMYFUNCTION("""COMPUTED_VALUE"""),1930.0) -> 1930 | J11: =IFERROR(__xludf.DUMMYFUNCTION("""COMPUTED_VALUE"""),2105.0) -> 2105 | L11: =IFERROR(__xludf.DUMMYFUNCTION("""COMPUTED_VALUE"""),2052.0) -> 2052 | M11: =IFERROR(__xludf.DUMMYFUNCTION("""COMPUTED_VALUE"""),2060.0) -> 2060 | O11: =IFERROR(__xludf.DUMMYFUNCTION("""COMPUTED_VALUE"""),2002.0) -> 2002 | Q11: =IF(D11="","",D11&" - "&E11) -> 565309 - Geschmortes Rind in Kräuterjus | R11: =IFERROR(C11,"") -> CON-00-136698-3 | S11: =IFS(O11<>"",O11,AND(O11="",N11="",M11="",L11="",K11="",J11="",I11="",H11="",G11=""),F11,AND(O11="",N11="",M11="",L11="",K11="",J11="",I11="",H11=""),G11,AND(O11="",N11="",M11="",L11="",K11="",J11="",I11=""),H11,AND(O11="",N11="",M11="",L11="",K11="",J11=""), I11,AND(O11="",N11="",M11="",L11="",K11=""),J11,AND(O11="",N11="",M11="",L11=""), K11, AND(O11="",N11="",M11=""), L11,AND(O11="",N11=""), M11, AND(O11=""), N11) -> 2002 | T11: =IFERROR(Q11,"") -> 565309 - Geschmortes Rind in Kräuterjus | U11: =IFERROR(ROUNDUP( XLOOKUP(T11,Q:Q,S:S),0.1),"") -> 2002 | V11: =IF($U11="","","0") -> 0 | W11: =IF($U11="","","0") -> 0 | X11: =IF($U11="","","0") -> 0 | Y11: =IF($U11="","","0") -> 0 | AE11: =IF($B11="","", LEFT($B11,3)&"_1p") -> 303_1p | AF11: =IFERROR(T11,"") -> 565309 - Geschmortes Rind in Kräuterjus | AG11: =XLOOKUP(AF11,Q:Q,R:R) -> CON-00-136698-3 | AH11: =IF(AF11="","","ASL1") -> ASL1 | AJ11: =IF(AE11="","","1") -> 1 | AL11: =IF(AE11="","","Chilled") -> Chilled
A12: =IFERROR(__xludf.DUMMYFUNCTION("""COMPUTED_VALUE"""),"W19") -> W19 | B12: =IFERROR(__xludf.DUMMYFUNCTION("""COMPUTED_VALUE"""),304.0) -> 304 | C12: =IFERROR(__xludf.DUMMYFUNCTION("""COMPUTED_VALUE"""),"CON-00-137745-2") -> CON-00-137745-2 | D12: =IFERROR(__xludf.DUMMYFUNCTION("""COMPUTED_VALUE"""),"565064") -> 565064 | E12: =IFERROR(__xludf.DUMMYFUNCTION("""COMPUTED_VALUE"""),"Lachs in Senf-Dill-Sauce") -> Lachs in Senf-Dill-Sauce | F12: =IFERROR(__xludf.DUMMYFUNCTION("""COMPUTED_VALUE"""),0.0) -> 0 | G12: =IFERROR(__xludf.DUMMYFUNCTION("""COMPUTED_VALUE"""),0.0) -> 0 | H12: =IFERROR(__xludf.DUMMYFUNCTION("""COMPUTED_VALUE"""),0.0) -> 0 | I12: =IFERROR(__xludf.DUMMYFUNCTION("""COMPUTED_VALUE"""),0.0) -> 0 | J12: =IFERROR(__xludf.DUMMYFUNCTION("""COMPUTED_VALUE"""),0.0) -> 0 | L12: =IFERROR(__xludf.DUMMYFUNCTION("""COMPUTED_VALUE"""),0.0) -> 0 | M12: =IFERROR(__xludf.DUMMYFUNCTION("""COMPUTED_VALUE"""),0.0) -> 0 | O12: =IFERROR(__xludf.DUMMYFUNCTION("""COMPUTED_VALUE"""),10.0) -> 10 | Q12: =IF(D12="","",D12&" - "&E12) -> 565064 - Lachs in Senf-Dill-Sauce | R12: =IFERROR(C12,"") -> CON-00-137745-2 | S12: =IFS(O12<>"",O12,AND(O12="",N12="",M12="",L12="",K12="",J12="",I12="",H12="",G12=""),F12,AND(O12="",N12="",M12="",L12="",K12="",J12="",I12="",H12=""),G12,AND(O12="",N12="",M12="",L12="",K12="",J12="",I12=""),H12,AND(O12="",N12="",M12="",L12="",K12="",J12=""), I12,AND(O12="",N12="",M12="",L12="",K12=""),J12,AND(O12="",N12="",M12="",L12=""), K12, AND(O12="",N12="",M12=""), L12,AND(O12="",N12=""), M12, AND(O12=""), N12) -> 10 | T12: =IFERROR(Q12,"") -> 565064 - Lachs in Senf-Dill-Sauce | U12: =IFERROR(ROUNDUP( XLOOKUP(T12,Q:Q,S:S),0.1),"") -> 10 | V12: =IF($U12="","","0") -> 0 | W12: =IF($U12="","","0") -> 0 | X12: =IF($U12="","","0") -> 0 | Y12: =IF($U12="","","0") -> 0 | AE12: =IF($B12="","", LEFT($B12,3)&"_1p") -> 304_1p | AF12: =IFERROR(T12,"") -> 565064 - Lachs in Senf-Dill-Sauce | AG12: =XLOOKUP(AF12,Q:Q,R:R) -> CON-00-137745-2 | AH12: =IF(AF12="","","ASL1") -> ASL1 | AJ12: =IF(AE12="","","1") -> 1 | AL12: =IF(AE12="","","Chilled") -> Chilled
A13: =IFERROR(__xludf.DUMMYFUNCTION("""COMPUTED_VALUE"""),"W19") -> W19 | B13: =IFERROR(__xludf.DUMMYFUNCTION("""COMPUTED_VALUE"""),305.0) -> 305 | C13: =IFERROR(__xludf.DUMMYFUNCTION("""COMPUTED_VALUE"""),"CON-00-150748-2") -> CON-00-150748-2 | D13: =IFERROR(__xludf.DUMMYFUNCTION("""COMPUTED_VALUE"""),"565178") -> 565178 | E13: =IFERROR(__xludf.DUMMYFUNCTION("""COMPUTED_VALUE"""),"Westafrikanisches Hähnchen-Erdnuss-Curry") -> Westafrikanisches Hähnchen-Erdnuss-Curry | F13: =IFERROR(__xludf.DUMMYFUNCTION("""COMPUTED_VALUE"""),1434.0) -> 1434 | G13: =IFERROR(__xludf.DUMMYFUNCTION("""COMPUTED_VALUE"""),1356.0) -> 1356 | H13: =IFERROR(__xludf.DUMMYFUNCTION("""COMPUTED_VALUE"""),1498.0) -> 1498 | I13: =IFERROR(__xludf.DUMMYFUNCTION("""COMPUTED_VALUE"""),2091.0) -> 2091 | J13: =IFERROR(__xludf.DUMMYFUNCTION("""COMPUTED_VALUE"""),2233.0) -> 2233 | L13: =IFERROR(__xludf.DUMMYFUNCTION("""COMPUTED_VALUE"""),2180.0) -> 2180 | M13: =IFERROR(__xludf.DUMMYFUNCTION("""COMPUTED_VALUE"""),2144.0) -> 2144 | O13: =IFERROR(__xludf.DUMMYFUNCTION("""COMPUTED_VALUE"""),2006.0) -> 2006 | Q13: =IF(D13="","",D13&" - "&E13) -> 565178 - Westafrikanisches Hähnchen-Erdnuss-Curry | R13: =IFERROR(C13,"") -> CON-00-150748-2 | S13: =IFS(O13<>"",O13,AND(O13="",N13="",M13="",L13="",K13="",J13="",I13="",H13="",G13=""),F13,AND(O13="",N13="",M13="",L13="",K13="",J13="",I13="",H13=""),G13,AND(O13="",N13="",M13="",L13="",K13="",J13="",I13=""),H13,AND(O13="",N13="",M13="",L13="",K13="",J13=""), I13,AND(O13="",N13="",M13="",L13="",K13=""),J13,AND(O13="",N13="",M13="",L13=""), K13, AND(O13="",N13="",M13=""), L13,AND(O13="",N13=""), M13, AND(O13=""), N13) -> 2006 | T13: =IFERROR(Q13,"") -> 565178 - Westafrikanisches Hähnchen-Erdnuss-Curry | U13: =IFERROR(ROUNDUP( XLOOKUP(T13,Q:Q,S:S),0.1),"") -> 2006 | V13: =IF($U13="","","0") -> 0 | W13: =IF($U13="","","0") -> 0 | X13: =IF($U13="","","0") -> 0 | Y13: =IF($U13="","","0") -> 0 | AE13: =IF($B13="","", LEFT($B13,3)&"_1p") -> 305_1p | AF13: =IFERROR(T13,"") -> 565178 - Westafrikanisches Hähnchen-Erdnuss-Curry | AG13: =XLOOKUP(AF13,Q:Q,R:R) -> CON-00-150748-2 | AH13: =IF(AF13="","","ASL1") -> ASL1 | AJ13: =IF(AE13="","","1") -> 1 | AL13: =IF(AE13="","","Chilled") -> Chilled
A14: =IFERROR(__xludf.DUMMYFUNCTION("""COMPUTED_VALUE"""),"W19") -> W19 | B14: =IFERROR(__xludf.DUMMYFUNCTION("""COMPUTED_VALUE"""),306.0) -> 306 | C14: =IFERROR(__xludf.DUMMYFUNCTION("""COMPUTED_VALUE"""),"CON-00-152025-2") -> CON-00-152025-2 | D14: =IFERROR(__xludf.DUMMYFUNCTION("""COMPUTED_VALUE"""),"565189") -> 565189 | E14: =IFERROR(__xludf.DUMMYFUNCTION("""COMPUTED_VALUE"""),"Lachs Piccata") -> Lachs Piccata | F14: =IFERROR(__xludf.DUMMYFUNCTION("""COMPUTED_VALUE"""),0.0) -> 0 | G14: =IFERROR(__xludf.DUMMYFUNCTION("""COMPUTED_VALUE"""),0.0) -> 0 | H14: =IFERROR(__xludf.DUMMYFUNCTION("""COMPUTED_VALUE"""),0.0) -> 0 | I14: =IFERROR(__xludf.DUMMYFUNCTION("""COMPUTED_VALUE"""),0.0) -> 0 | J14: =IFERROR(__xludf.DUMMYFUNCTION("""COMPUTED_VALUE"""),0.0) -> 0 | L14: =IFERROR(__xludf.DUMMYFUNCTION("""COMPUTED_VALUE"""),0.0) -> 0 | M14: =IFERROR(__xludf.DUMMYFUNCTION("""COMPUTED_VALUE"""),0.0) -> 0 | O14: =IFERROR(__xludf.DUMMYFUNCTION("""COMPUTED_VALUE"""),10.0) -> 10 | Q14: =IF(D14="","",D14&" - "&E14) -> 565189 - Lachs Piccata | R14: =IFERROR(C14,"") -> CON-00-152025-2 | S14: =IFS(O14<>"",O14,AND(O14="",N14="",M14="",L14="",K14="",J14="",I14="",H14="",G14=""),F14,AND(O14="",N14="",M14="",L14="",K14="",J14="",I14="",H14=""),G14,AND(O14="",N14="",M14="",L14="",K14="",J14="",I14=""),H14,AND(O14="",N14="",M14="",L14="",K14="",J14=""), I14,AND(O14="",N14="",M14="",L14="",K14=""),J14,AND(O14="",N14="",M14="",L14=""), K14, AND(O14="",N14="",M14=""), L14,AND(O14="",N14=""), M14, AND(O14=""), N14) -> 10 | T14: =IFERROR(Q14,"") -> 565189 - Lachs Piccata | U14: =IFERROR(ROUNDUP( XLOOKUP(T14,Q:Q,S:S),0.1),"") -> 10 | V14: =IF($U14="","","0") -> 0 | W14: =IF($U14="","","0") -> 0 | X14: =IF($U14="","","0") -> 0 | Y14: =IF($U14="","","0") -> 0 | AE14: =IF($B14="","", LEFT($B14,3)&"_1p") -> 306_1p | AF14: =IFERROR(T14,"") -> 565189 - Lachs Piccata | AG14: =XLOOKUP(AF14,Q:Q,R:R) -> CON-00-152025-2 | AH14: =IF(AF14="","","ASL1") -> ASL1 | AJ14: =IF(AE14="","","1") -> 1 | AL14: =IF(AE14="","","Chilled") -> Chilled
A15: =IFERROR(__xludf.DUMMYFUNCTION("""COMPUTED_VALUE"""),"W19") -> W19 | B15: =IFERROR(__xludf.DUMMYFUNCTION("""COMPUTED_VALUE"""),307.0) -> 307 | C15: =IFERROR(__xludf.DUMMYFUNCTION("""COMPUTED_VALUE"""),"CON-00-148220-2") -> CON-00-148220-2 | D15: =IFERROR(__xludf.DUMMYFUNCTION("""COMPUTED_VALUE"""),"565164") -> 565164 | E15: =IFERROR(__xludf.DUMMYFUNCTION("""COMPUTED_VALUE"""),"Hähnchen mit karamellisierten Zwiebeln & Emmentaler-Fondue") -> Hähnchen mit karamellisierten Zwiebeln & Emmentaler-Fondue | F15: =IFERROR(__xludf.DUMMYFUNCTION("""COMPUTED_VALUE"""),0.0) -> 0 | G15: =IFERROR(__xludf.DUMMYFUNCTION("""COMPUTED_VALUE"""),0.0) -> 0 | H15: =IFERROR(__xludf.DUMMYFUNCTION("""COMPUTED_VALUE"""),0.0) -> 0 | I15: =IFERROR(__xludf.DUMMYFUNCTION("""COMPUTED_VALUE"""),0.0) -> 0 | J15: =IFERROR(__xludf.DUMMYFUNCTION("""COMPUTED_VALUE"""),0.0) -> 0 | L15: =IFERROR(__xludf.DUMMYFUNCTION("""COMPUTED_VALUE"""),0.0) -> 0 | M15: =IFERROR(__xludf.DUMMYFUNCTION("""COMPUTED_VALUE"""),0.0) -> 0 | O15: =IFERROR(__xludf.DUMMYFUNCTION("""COMPUTED_VALUE"""),61.0) -> 61 | Q15: =IF(D15="","",D15&" - "&E15) -> 565164 - Hähnchen mit karamellisierten Zwiebeln & Emmentaler-Fondue | R15: =IFERROR(C15,"") -> CON-00-148220-2 | S15: =IFS(O15<>"",O15,AND(O15="",N15="",M15="",L15="",K15="",J15="",I15="",H15="",G15=""),F15,AND(O15="",N15="",M15="",L15="",K15="",J15="",I15="",H15=""),G15,AND(O15="",N15="",M15="",L15="",K15="",J15="",I15=""),H15,AND(O15="",N15="",M15="",L15="",K15="",J15=""), I15,AND(O15="",N15="",M15="",L15="",K15=""),J15,AND(O15="",N15="",M15="",L15=""), K15, AND(O15="",N15="",M15=""), L15,AND(O15="",N15=""), M15, AND(O15=""), N15) -> 61 | T15: =IFERROR(Q15,"") -> 565164 - Hähnchen mit karamellisierten Zwiebeln & Emmentaler-Fondue | U15: =IFERROR(ROUNDUP( XLOOKUP(T15,Q:Q,S:S),0.1),"") -> 61 | V15: =IF($U15="","","0") -> 0 | W15: =IF($U15="","","0") -> 0 | X15: =IF($U15="","","0") -> 0 | Y15: =IF($U15="","","0") -> 0 | AE15: =IF($B15="","", LEFT($B15,3)&"_1p") -> 307_1p | AF15: =IFERROR(T15,"") -> 565164 - Hähnchen mit karamellisierten Zwiebeln & Emmentaler-Fondue | AG15: =XLOOKUP(AF15,Q:Q,R:R) -> CON-00-148220-2 | AH15: =IF(AF15="","","ASL1") -> ASL1 | AJ15: =IF(AE15="","","1") -> 1 | AL15: =IF(AE15="","","Chilled") -> Chilled
A16: =IFERROR(__xludf.DUMMYFUNCTION("""COMPUTED_VALUE"""),"W19") -> W19 | B16: =IFERROR(__xludf.DUMMYFUNCTION("""COMPUTED_VALUE"""),308.0) -> 308 | C16: =IFERROR(__xludf.DUMMYFUNCTION("""COMPUTED_VALUE"""),"CON-00-136638-3") -> CON-00-136638-3 | D16: =IFERROR(__xludf.DUMMYFUNCTION("""COMPUTED_VALUE"""),"565043") -> 565043 | E16: =IFERROR(__xludf.DUMMYFUNCTION("""COMPUTED_VALUE"""),"Würziges Hähnchen mit Jalapeño, Limette und Cheddar") -> Würziges Hähnchen mit Jalapeño, Limette und Cheddar | F16: =IFERROR(__xludf.DUMMYFUNCTION("""COMPUTED_VALUE"""),1067.0) -> 1067 | G16: =IFERROR(__xludf.DUMMYFUNCTION("""COMPUTED_VALUE"""),997.0) -> 997 | H16: =IFERROR(__xludf.DUMMYFUNCTION("""COMPUTED_VALUE"""),1102.0) -> 1102 | I16: =IFERROR(__xludf.DUMMYFUNCTION("""COMPUTED_VALUE"""),1268.0) -> 1268 | J16: =IFERROR(__xludf.DUMMYFUNCTION("""COMPUTED_VALUE"""),1331.0) -> 1331 | L16: =IFERROR(__xludf.DUMMYFUNCTION("""COMPUTED_VALUE"""),1246.0) -> 1246 | M16: =IFERROR(__xludf.DUMMYFUNCTION("""COMPUTED_VALUE"""),1263.0) -> 1263 | O16: =IFERROR(__xludf.DUMMYFUNCTION("""COMPUTED_VALUE"""),1133.0) -> 1133 | Q16: =IF(D16="","",D16&" - "&E16) -> 565043 - Würziges Hähnchen mit Jalapeño, Limette und Cheddar | R16: =IFERROR(C16,"") -> CON-00-136638-3 | S16: =IFS(O16<>"",O16,AND(O16="",N16="",M16="",L16="",K16="",J16="",I16="",H16="",G16=""),F16,AND(O16="",N16="",M16="",L16="",K16="",J16="",I16="",H16=""),G16,AND(O16="",N16="",M16="",L16="",K16="",J16="",I16=""),H16,AND(O16="",N16="",M16="",L16="",K16="",J16=""), I16,AND(O16="",N16="",M16="",L16="",K16=""),J16,AND(O16="",N16="",M16="",L16=""), K16, AND(O16="",N16="",M16=""), L16,AND(O16="",N16=""), M16, AND(O16=""), N16) -> 1133 | T16: =IFERROR(Q16,"") -> 565043 - Würziges Hähnchen mit Jalapeño, Limette und Cheddar | U16: =IFERROR(ROUNDUP( XLOOKUP(T16,Q:Q,S:S),0.1),"") -> 1133 | V16: =IF($U16="","","0") -> 0 | W16: =IF($U16="","","0") -> 0 | X16: =IF($U16="","","0") -> 0 | Y16: =IF($U16="","","0") -> 0 | AE16: =IF($B16="","", LEFT($B16,3)&"_1p") -> 308_1p | AF16: =IFERROR(T16,"") -> 565043 - Würziges Hähnchen mit Jalapeño, Limette und Cheddar | AG16: =XLOOKUP(AF16,Q:Q,R:R) -> CON-00-136638-3 | AH16: =IF(AF16="","","ASL1") -> ASL1 | AJ16: =IF(AE16="","","1") -> 1 | AL16: =IF(AE16="","","Chilled") -> Chilled
A17: =IFERROR(__xludf.DUMMYFUNCTION("""COMPUTED_VALUE"""),"W19") -> W19 | B17: =IFERROR(__xludf.DUMMYFUNCTION("""COMPUTED_VALUE"""),309.0) -> 309 | C17: =IFERROR(__xludf.DUMMYFUNCTION("""COMPUTED_VALUE"""),"CON-00-136629-3") -> CON-00-136629-3 | D17: =IFERROR(__xludf.DUMMYFUNCTION("""COMPUTED_VALUE"""),"565244") -> 565244 | E17: =IFERROR(__xludf.DUMMYFUNCTION("""COMPUTED_VALUE"""),"Cremiges Tomaten-Risotto") -> Cremiges Tomaten-Risotto | F17: =IFERROR(__xludf.DUMMYFUNCTION("""COMPUTED_VALUE"""),279.0) -> 279 | G17: =IFERROR(__xludf.DUMMYFUNCTION("""COMPUTED_VALUE"""),272.0) -> 272 | H17: =IFERROR(__xludf.DUMMYFUNCTION("""COMPUTED_VALUE"""),296.0) -> 296 | I17: =IFERROR(__xludf.DUMMYFUNCTION("""COMPUTED_VALUE"""),317.0) -> 317 | J17: =IFERROR(__xludf.DUMMYFUNCTION("""COMPUTED_VALUE"""),333.0) -> 333 | L17: =IFERROR(__xludf.DUMMYFUNCTION("""COMPUTED_VALUE"""),326.0) -> 326 | M17: =IFERROR(__xludf.DUMMYFUNCTION("""COMPUTED_VALUE"""),330.0) -> 330 | O17: =IFERROR(__xludf.DUMMYFUNCTION("""COMPUTED_VALUE"""),368.0) -> 368 | Q17: =IF(D17="","",D17&" - "&E17) -> 565244 - Cremiges Tomaten-Risotto | R17: =IFERROR(C17,"") -> CON-00-136629-3 | S17: =IFS(O17<>"",O17,AND(O17="",N17="",M17="",L17="",K17="",J17="",I17="",H17="",G17=""),F17,AND(O17="",N17="",M17="",L17="",K17="",J17="",I17="",H17=""),G17,AND(O17="",N17="",M17="",L17="",K17="",J17="",I17=""),H17,AND(O17="",N17="",M17="",L17="",K17="",J17=""), I17,AND(O17="",N17="",M17="",L17="",K17=""),J17,AND(O17="",N17="",M17="",L17=""), K17, AND(O17="",N17="",M17=""), L17,AND(O17="",N17=""), M17, AND(O17=""), N17) -> 368 | T17: =IFERROR(Q17,"") -> 565244 - Cremiges Tomaten-Risotto | U17: =IFERROR(ROUNDUP( XLOOKUP(T17,Q:Q,S:S),0.1),"") -> 368 | V17: =IF($U17="","","0") -> 0 | W17: =IF($U17="","","0") -> 0 | X17: =IF($U17="","","0") -> 0 | Y17: =IF($U17="","","0") -> 0 | AE17: =IF($B17="","", LEFT($B17,3)&"_1p") -> 309_1p | AF17: =IFERROR(T17,"") -> 565244 - Cremiges Tomaten-Risotto | AG17: =XLOOKUP(AF17,Q:Q,R:R) -> CON-00-136629-3 | AH17: =IF(AF17="","","ASL1") -> ASL1 | AJ17: =IF(AE17="","","1") -> 1 | AL17: =IF(AE17="","","Chilled") -> Chilled
A18: =IFERROR(__xludf.DUMMYFUNCTION("""COMPUTED_VALUE"""),"W19") -> W19 | B18: =IFERROR(__xludf.DUMMYFUNCTION("""COMPUTED_VALUE"""),310.0) -> 310 | C18: =IFERROR(__xludf.DUMMYFUNCTION("""COMPUTED_VALUE"""),"CON-00-136634-3") -> CON-00-136634-3 | D18: =IFERROR(__xludf.DUMMYFUNCTION("""COMPUTED_VALUE"""),"565141") -> 565141 | E18: =IFERROR(__xludf.DUMMYFUNCTION("""COMPUTED_VALUE"""),"Zucchini-Paprika-Ratatouille") -> Zucchini-Paprika-Ratatouille | F18: =IFERROR(__xludf.DUMMYFUNCTION("""COMPUTED_VALUE"""),317.0) -> 317 | G18: =IFERROR(__xludf.DUMMYFUNCTION("""COMPUTED_VALUE"""),292.0) -> 292 | H18: =IFERROR(__xludf.DUMMYFUNCTION("""COMPUTED_VALUE"""),316.0) -> 316 | I18: =IFERROR(__xludf.DUMMYFUNCTION("""COMPUTED_VALUE"""),280.0) -> 280 | J18: =IFERROR(__xludf.DUMMYFUNCTION("""COMPUTED_VALUE"""),314.0) -> 314 | L18: =IFERROR(__xludf.DUMMYFUNCTION("""COMPUTED_VALUE"""),293.0) -> 293 | M18: =IFERROR(__xludf.DUMMYFUNCTION("""COMPUTED_VALUE"""),282.0) -> 282 | O18: =IFERROR(__xludf.DUMMYFUNCTION("""COMPUTED_VALUE"""),298.0) -> 298 | Q18: =IF(D18="","",D18&" - "&E18) -> 565141 - Zucchini-Paprika-Ratatouille | R18: =IFERROR(C18,"") -> CON-00-136634-3 | S18: =IFS(O18<>"",O18,AND(O18="",N18="",M18="",L18="",K18="",J18="",I18="",H18="",G18=""),F18,AND(O18="",N18="",M18="",L18="",K18="",J18="",I18="",H18=""),G18,AND(O18="",N18="",M18="",L18="",K18="",J18="",I18=""),H18,AND(O18="",N18="",M18="",L18="",K18="",J18=""), I18,AND(O18="",N18="",M18="",L18="",K18=""),J18,AND(O18="",N18="",M18="",L18=""), K18, AND(O18="",N18="",M18=""), L18,AND(O18="",N18=""), M18, AND(O18=""), N18) -> 298 | T18: =IFERROR(Q18,"") -> 565141 - Zucchini-Paprika-Ratatouille | U18: =IFERROR(ROUNDUP( XLOOKUP(T18,Q:Q,S:S),0.1),"") -> 298 | V18: =IF($U18="","","0") -> 0 | W18: =IF($U18="","","0") -> 0 | X18: =IF($U18="","","0") -> 0 | Y18: =IF($U18="","","0") -> 0 | AE18: =IF($B18="","", LEFT($B18,3)&"_1p") -> 310_1p | AF18: =IFERROR(T18,"") -> 565141 - Zucchini-Paprika-Ratatouille | AG18: =XLOOKUP(AF18,Q:Q,R:R) -> CON-00-136634-3 | AH18: =IF(AF18="","","ASL1") -> ASL1 | AJ18: =IF(AE18="","","1") -> 1 | AL18: =IF(AE18="","","Chilled") -> Chilled
A19: =IFERROR(__xludf.DUMMYFUNCTION("""COMPUTED_VALUE"""),"W19") -> W19 | B19: =IFERROR(__xludf.DUMMYFUNCTION("""COMPUTED_VALUE"""),311.0) -> 311 | C19: =IFERROR(__xludf.DUMMYFUNCTION("""COMPUTED_VALUE"""),"CON-00-136637-3") -> CON-00-136637-3 | D19: =IFERROR(__xludf.DUMMYFUNCTION("""COMPUTED_VALUE"""),"565143") -> 565143 | E19: =IFERROR(__xludf.DUMMYFUNCTION("""COMPUTED_VALUE"""),"Schweinefilet in cremiger Knoblauch-Senf-Sauce") -> Schweinefilet in cremiger Knoblauch-Senf-Sauce | F19: =IFERROR(__xludf.DUMMYFUNCTION("""COMPUTED_VALUE"""),419.0) -> 419 | G19: =IFERROR(__xludf.DUMMYFUNCTION("""COMPUTED_VALUE"""),315.0) -> 315 | H19: =IFERROR(__xludf.DUMMYFUNCTION("""COMPUTED_VALUE"""),344.0) -> 344 | I19: =IFERROR(__xludf.DUMMYFUNCTION("""COMPUTED_VALUE"""),464.0) -> 464 | J19: =IFERROR(__xludf.DUMMYFUNCTION("""COMPUTED_VALUE"""),606.0) -> 606 | L19: =IFERROR(__xludf.DUMMYFUNCTION("""COMPUTED_VALUE"""),598.0) -> 598 | M19: =IFERROR(__xludf.DUMMYFUNCTION("""COMPUTED_VALUE"""),626.0) -> 626 | O19: =IFERROR(__xludf.DUMMYFUNCTION("""COMPUTED_VALUE"""),517.0) -> 517 | Q19: =IF(D19="","",D19&" - "&E19) -> 565143 - Schweinefilet in cremiger Knoblauch-Senf-Sauce | R19: =IFERROR(C19,"") -> CON-00-136637-3 | S19: =IFS(O19<>"",O19,AND(O19="",N19="",M19="",L19="",K19="",J19="",I19="",H19="",G19=""),F19,AND(O19="",N19="",M19="",L19="",K19="",J19="",I19="",H19=""),G19,AND(O19="",N19="",M19="",L19="",K19="",J19="",I19=""),H19,AND(O19="",N19="",M19="",L19="",K19="",J19=""), I19,AND(O19="",N19="",M19="",L19="",K19=""),J19,AND(O19="",N19="",M19="",L19=""), K19, AND(O19="",N19="",M19=""), L19,AND(O19="",N19=""), M19, AND(O19=""), N19) -> 517 | T19: =IFERROR(Q19,"") -> 565143 - Schweinefilet in cremiger Knoblauch-Senf-Sauce | U19: =IFERROR(ROUNDUP( XLOOKUP(T19,Q:Q,S:S),0.1),"") -> 517 | V19: =IF($U19="","","0") -> 0 | W19: =IF($U19="","","0") -> 0 | X19: =IF($U19="","","0") -> 0 | Y19: =IF($U19="","","0") -> 0 | AE19: =IF($B19="","", LEFT($B19,3)&"_1p") -> 311_1p | AF19: =IFERROR(T19,"") -> 565143 - Schweinefilet in cremiger Knoblauch-Senf-Sauce | AG19: =XLOOKUP(AF19,Q:Q,R:R) -> CON-00-136637-3 | AH19: =IF(AF19="","","ASL1") -> ASL1 | AJ19: =IF(AE19="","","1") -> 1 | AL19: =IF(AE19="","","Chilled") -> Chilled
A20: =IFERROR(__xludf.DUMMYFUNCTION("""COMPUTED_VALUE"""),"W19") -> W19 | B20: =IFERROR(__xludf.DUMMYFUNCTION("""COMPUTED_VALUE"""),312.0) -> 312 | C20: =IFERROR(__xludf.DUMMYFUNCTION("""COMPUTED_VALUE"""),"CON-00-151278-2") -> CON-00-151278-2 | D20: =IFERROR(__xludf.DUMMYFUNCTION("""COMPUTED_VALUE"""),"565196") -> 565196 | E20: =IFERROR(__xludf.DUMMYFUNCTION("""COMPUTED_VALUE"""),"Ají Verde Lachs") -> Ají Verde Lachs | F20: =IFERROR(__xludf.DUMMYFUNCTION("""COMPUTED_VALUE"""),0.0) -> 0 | G20: =IFERROR(__xludf.DUMMYFUNCTION("""COMPUTED_VALUE"""),1272.0) -> 1272 | H20: =IFERROR(__xludf.DUMMYFUNCTION("""COMPUTED_VALUE"""),1396.0) -> 1396 | I20: =IFERROR(__xludf.DUMMYFUNCTION("""COMPUTED_VALUE"""),1217.0) -> 1217 | J20: =IFERROR(__xludf.DUMMYFUNCTION("""COMPUTED_VALUE"""),1282.0) -> 1282 | L20: =IFERROR(__xludf.DUMMYFUNCTION("""COMPUTED_VALUE"""),1282.0) -> 1282 | M20: =IFERROR(__xludf.DUMMYFUNCTION("""COMPUTED_VALUE"""),1238.0) -> 1238 | O20: =IFERROR(__xludf.DUMMYFUNCTION("""COMPUTED_VALUE"""),1180.0) -> 1180 | Q20: =IF(D20="","",D20&" - "&E20) -> 565196 - Ají Verde Lachs | R20: =IFERROR(C20,"") -> CON-00-151278-2 | S20: =IFS(O20<>"",O20,AND(O20="",N20="",M20="",L20="",K20="",J20="",I20="",H20="",G20=""),F20,AND(O20="",N20="",M20="",L20="",K20="",J20="",I20="",H20=""),G20,AND(O20="",N20="",M20="",L20="",K20="",J20="",I20=""),H20,AND(O20="",N20="",M20="",L20="",K20="",J20=""), I20,AND(O20="",N20="",M20="",L20="",K20=""),J20,AND(O20="",N20="",M20="",L20=""), K20, AND(O20="",N20="",M20=""), L20,AND(O20="",N20=""), M20, AND(O20=""), N20) -> 1180 | T20: =IFERROR(Q20,"") -> 565196 - Ají Verde Lachs | U20: =IFERROR(ROUNDUP( XLOOKUP(T20,Q:Q,S:S),0.1),"") -> 1180 | V20: =IF($U20="","","0") -> 0 | W20: =IF($U20="","","0") -> 0 | X20: =IF($U20="","","0") -> 0 | Y20: =IF($U20="","","0") -> 0 | AE20: =IF($B20="","", LEFT($B20,3)&"_1p") -> 312_1p | AF20: =IFERROR(T20,"") -> 565196 - Ají Verde Lachs | AG20: =XLOOKUP(AF20,Q:Q,R:R) -> CON-00-151278-2 | AH20: =IF(AF20="","","ASL1") -> ASL1 | AJ20: =IF(AE20="","","1") -> 1 | AL20: =IF(AE20="","","Chilled") -> Chilled
A21: =IFERROR(__xludf.DUMMYFUNCTION("""COMPUTED_VALUE"""),"W19") -> W19 | B21: =IFERROR(__xludf.DUMMYFUNCTION("""COMPUTED_VALUE"""),313.0) -> 313 | C21: =IFERROR(__xludf.DUMMYFUNCTION("""COMPUTED_VALUE"""),"CON-00-138152-2") -> CON-00-138152-2 | D21: =IFERROR(__xludf.DUMMYFUNCTION("""COMPUTED_VALUE"""),"565130") -> 565130 | E21: =IFERROR(__xludf.DUMMYFUNCTION("""COMPUTED_VALUE"""),"Pulled Pork mit roter Chilisauce") -> Pulled Pork mit roter Chilisauce | H21: =IFERROR(__xludf.DUMMYFUNCTION("""COMPUTED_VALUE"""),1536.0) -> 1536 | I21: =IFERROR(__xludf.DUMMYFUNCTION("""COMPUTED_VALUE"""),1163.0) -> 1163 | J21: =IFERROR(__xludf.DUMMYFUNCTION("""COMPUTED_VALUE"""),1313.0) -> 1313 | L21: =IFERROR(__xludf.DUMMYFUNCTION("""COMPUTED_VALUE"""),1276.0) -> 1276 | M21: =IFERROR(__xludf.DUMMYFUNCTION("""COMPUTED_VALUE"""),1272.0) -> 1272 | O21: =IFERROR(__xludf.DUMMYFUNCTION("""COMPUTED_VALUE"""),1195.0) -> 1195 | Q21: =IF(D21="","",D21&" - "&E21) -> 565130 - Pulled Pork mit roter Chilisauce | R21: =IFERROR(C21,"") -> CON-00-138152-2 | S21: =IFS(O21<>"",O21,AND(O21="",N21="",M21="",L21="",K21="",J21="",I21="",H21="",G21=""),F21,AND(O21="",N21="",M21="",L21="",K21="",J21="",I21="",H21=""),G21,AND(O21="",N21="",M21="",L21="",K21="",J21="",I21=""),H21,AND(O21="",N21="",M21="",L21="",K21="",J21=""), I21,AND(O21="",N21="",M21="",L21="",K21=""),J21,AND(O21="",N21="",M21="",L21=""), K21, AND(O21="",N21="",M21=""), L21,AND(O21="",N21=""), M21, AND(O21=""), N21) -> 1195 | T21: =IFERROR(Q21,"") -> 565130 - Pulled Pork mit roter Chilisauce | U21: =IFERROR(ROUNDUP( XLOOKUP(T21,Q:Q,S:S),0.1),"") -> 1195 | V21: =IF($U21="","","0") -> 0 | W21: =IF($U21="","","0") -> 0 | X21: =IF($U21="","","0") -> 0 | Y21: =IF($U21="","","0") -> 0 | AE21: =IF($B21="","", LEFT($B21,3)&"_1p") -> 313_1p | AF21: =IFERROR(T21,"") -> 565130 - Pulled Pork mit roter Chilisauce | AG21: =XLOOKUP(AF21,Q:Q,R:R) -> CON-00-138152-2 | AH21: =IF(AF21="","","ASL1") -> ASL1 | AJ21: =IF(AE21="","","1") -> 1 | AL21: =IF(AE21="","","Chilled") -> Chilled
A22: =IFERROR(__xludf.DUMMYFUNCTION("""COMPUTED_VALUE"""),"W19") -> W19 | B22: =IFERROR(__xludf.DUMMYFUNCTION("""COMPUTED_VALUE"""),314.0) -> 314 | C22: =IFERROR(__xludf.DUMMYFUNCTION("""COMPUTED_VALUE"""),"CON-00-152024-2") -> CON-00-152024-2 | D22: =IFERROR(__xludf.DUMMYFUNCTION("""COMPUTED_VALUE"""),"565211") -> 565211 | E22: =IFERROR(__xludf.DUMMYFUNCTION("""COMPUTED_VALUE"""),"Gegrilltes Hähnchen in Ingwer-Knoblauch-Marinade") -> Gegrilltes Hähnchen in Ingwer-Knoblauch-Marinade | H22: =IFERROR(__xludf.DUMMYFUNCTION("""COMPUTED_VALUE"""),749.0) -> 749 | I22: =IFERROR(__xludf.DUMMYFUNCTION("""COMPUTED_VALUE"""),547.0) -> 547 | J22: =IFERROR(__xludf.DUMMYFUNCTION("""COMPUTED_VALUE"""),668.0) -> 668 | L22: =IFERROR(__xludf.DUMMYFUNCTION("""COMPUTED_VALUE"""),670.0) -> 670 | M22: =IFERROR(__xludf.DUMMYFUNCTION("""COMPUTED_VALUE"""),694.0) -> 694 | O22: =IFERROR(__xludf.DUMMYFUNCTION("""COMPUTED_VALUE"""),627.0) -> 627 | Q22: =IF(D22="","",D22&" - "&E22) -> 565211 - Gegrilltes Hähnchen in Ingwer-Knoblauch-Marinade | R22: =IFERROR(C22,"") -> CON-00-152024-2 | S22: =IFS(O22<>"",O22,AND(O22="",N22="",M22="",L22="",K22="",J22="",I22="",H22="",G22=""),F22,AND(O22="",N22="",M22="",L22="",K22="",J22="",I22="",H22=""),G22,AND(O22="",N22="",M22="",L22="",K22="",J22="",I22=""),H22,AND(O22="",N22="",M22="",L22="",K22="",J22=""), I22,AND(O22="",N22="",M22="",L22="",K22=""),J22,AND(O22="",N22="",M22="",L22=""), K22, AND(O22="",N22="",M22=""), L22,AND(O22="",N22=""), M22, AND(O22=""), N22) -> 627 | T22: =IFERROR(Q22,"") -> 565211 - Gegrilltes Hähnchen in Ingwer-Knoblauch-Marinade | U22: =IFERROR(ROUNDUP( XLOOKUP(T22,Q:Q,S:S),0.1),"") -> 627 | V22: =IF($U22="","","0") -> 0 | W22: =IF($U22="","","0") -> 0 | X22: =IF($U22="","","0") -> 0 | Y22: =IF($U22="","","0") -> 0 | AE22: =IF($B22="","", LEFT($B22,3)&"_1p") -> 314_1p | AF22: =IFERROR(T22,"") -> 565211 - Gegrilltes Hähnchen in Ingwer-Knoblauch-Marinade | AG22: =XLOOKUP(AF22,Q:Q,R:R) -> CON-00-152024-2 | AH22: =IF(AF22="","","ASL1") -> ASL1 | AJ22: =IF(AE22="","","1") -> 1 | AL22: =IF(AE22="","","Chilled") -> Chilled
A23: =IFERROR(__xludf.DUMMYFUNCTION("""COMPUTED_VALUE"""),"W19") -> W19 | B23: =IFERROR(__xludf.DUMMYFUNCTION("""COMPUTED_VALUE"""),315.0) -> 315 | C23: =IFERROR(__xludf.DUMMYFUNCTION("""COMPUTED_VALUE"""),"CON-00-136694-3") -> CON-00-136694-3 | D23: =IFERROR(__xludf.DUMMYFUNCTION("""COMPUTED_VALUE"""),"565091") -> 565091 | E23: =IFERROR(__xludf.DUMMYFUNCTION("""COMPUTED_VALUE"""),"Scharfes Rinderhack mit Jalapeños") -> Scharfes Rinderhack mit Jalapeños | F23: =IFERROR(__xludf.DUMMYFUNCTION("""COMPUTED_VALUE"""),759.0) -> 759 | G23: =IFERROR(__xludf.DUMMYFUNCTION("""COMPUTED_VALUE"""),763.0) -> 763 | H23: =IFERROR(__xludf.DUMMYFUNCTION("""COMPUTED_VALUE"""),836.0) -> 836 | I23: =IFERROR(__xludf.DUMMYFUNCTION("""COMPUTED_VALUE"""),538.0) -> 538 | J23: =IFERROR(__xludf.DUMMYFUNCTION("""COMPUTED_VALUE"""),644.0) -> 644 | L23: =IFERROR(__xludf.DUMMYFUNCTION("""COMPUTED_VALUE"""),678.0) -> 678 | M23: =IFERROR(__xludf.DUMMYFUNCTION("""COMPUTED_VALUE"""),693.0) -> 693 | O23: =IFERROR(__xludf.DUMMYFUNCTION("""COMPUTED_VALUE"""),561.0) -> 561 | Q23: =IF(D23="","",D23&" - "&E23) -> 565091 - Scharfes Rinderhack mit Jalapeños | R23: =IFERROR(C23,"") -> CON-00-136694-3 | S23: =IFS(O23<>"",O23,AND(O23="",N23="",M23="",L23="",K23="",J23="",I23="",H23="",G23=""),F23,AND(O23="",N23="",M23="",L23="",K23="",J23="",I23="",H23=""),G23,AND(O23="",N23="",M23="",L23="",K23="",J23="",I23=""),H23,AND(O23="",N23="",M23="",L23="",K23="",J23=""), I23,AND(O23="",N23="",M23="",L23="",K23=""),J23,AND(O23="",N23="",M23="",L23=""), K23, AND(O23="",N23="",M23=""), L23,AND(O23="",N23=""), M23, AND(O23=""), N23) -> 561 | T23: =IFERROR(Q23,"") -> 565091 - Scharfes Rinderhack mit Jalapeños | U23: =IFERROR(ROUNDUP( XLOOKUP(T23,Q:Q,S:S),0.1),"") -> 561 | V23: =IF($U23="","","0") -> 0 | W23: =IF($U23="","","0") -> 0 | X23: =IF($U23="","","0") -> 0 | Y23: =IF($U23="","","0") -> 0 | AE23: =IF($B23="","", LEFT($B23,3)&"_1p") -> 315_1p | AF23: =IFERROR(T23,"") -> 565091 - Scharfes Rinderhack mit Jalapeños | AG23: =XLOOKUP(AF23,Q:Q,R:R) -> CON-00-136694-3 | AH23: =IF(AF23="","","ASL1") -> ASL1 | AJ23: =IF(AE23="","","1") -> 1 | AL23: =IF(AE23="","","Chilled") -> Chilled
A24: =IFERROR(__xludf.DUMMYFUNCTION("""COMPUTED_VALUE"""),"W19") -> W19 | B24: =IFERROR(__xludf.DUMMYFUNCTION("""COMPUTED_VALUE"""),316.0) -> 316 | C24: =IFERROR(__xludf.DUMMYFUNCTION("""COMPUTED_VALUE"""),"CON-00-154547-2") -> CON-00-154547-2 | D24: =IFERROR(__xludf.DUMMYFUNCTION("""COMPUTED_VALUE"""),"565221") -> 565221 | E24: =IFERROR(__xludf.DUMMYFUNCTION("""COMPUTED_VALUE"""),"Lachs-Bowl mit Zitrus-Miso") -> Lachs-Bowl mit Zitrus-Miso | H24: =IFERROR(__xludf.DUMMYFUNCTION("""COMPUTED_VALUE"""),533.0) -> 533 | I24: =IFERROR(__xludf.DUMMYFUNCTION("""COMPUTED_VALUE"""),727.0) -> 727 | J24: =IFERROR(__xludf.DUMMYFUNCTION("""COMPUTED_VALUE"""),810.0) -> 810 | L24: =IFERROR(__xludf.DUMMYFUNCTION("""COMPUTED_VALUE"""),773.0) -> 773 | M24: =IFERROR(__xludf.DUMMYFUNCTION("""COMPUTED_VALUE"""),773.0) -> 773 | O24: =IFERROR(__xludf.DUMMYFUNCTION("""COMPUTED_VALUE"""),695.0) -> 695 | Q24: =IF(D24="","",D24&" - "&E24) -> 565221 - Lachs-Bowl mit Zitrus-Miso | R24: =IFERROR(C24,"") -> CON-00-154547-2 | S24: =IFS(O24<>"",O24,AND(O24="",N24="",M24="",L24="",K24="",J24="",I24="",H24="",G24=""),F24,AND(O24="",N24="",M24="",L24="",K24="",J24="",I24="",H24=""),G24,AND(O24="",N24="",M24="",L24="",K24="",J24="",I24=""),H24,AND(O24="",N24="",M24="",L24="",K24="",J24=""), I24,AND(O24="",N24="",M24="",L24="",K24=""),J24,AND(O24="",N24="",M24="",L24=""), K24, AND(O24="",N24="",M24=""), L24,AND(O24="",N24=""), M24, AND(O24=""), N24) -> 695 | T24: =IFERROR(Q24,"") -> 565221 - Lachs-Bowl mit Zitrus-Miso | U24: =IFERROR(ROUNDUP( XLOOKUP(T24,Q:Q,S:S),0.1),"") -> 695 | V24: =IF($U24="","","0") -> 0 | W24: =IF($U24="","","0") -> 0 | X24: =IF($U24="","","0") -> 0 | Y24: =IF($U24="","","0") -> 0 | AE24: =IF($B24="","", LEFT($B24,3)&"_1p") -> 316_1p | AF24: =IFERROR(T24,"") -> 565221 - Lachs-Bowl mit Zitrus-Miso | AG24: =XLOOKUP(AF24,Q:Q,R:R) -> CON-00-154547-2 | AH24: =IF(AF24="","","ASL1") -> ASL1 | AJ24: =IF(AE24="","","1") -> 1 | AL24: =IF(AE24="","","Chilled") -> Chilled
A25: =IFERROR(__xludf.DUMMYFUNCTION("""COMPUTED_VALUE"""),"W19") -> W19 | B25: =IFERROR(__xludf.DUMMYFUNCTION("""COMPUTED_VALUE"""),317.0) -> 317 | C25: =IFERROR(__xludf.DUMMYFUNCTION("""COMPUTED_VALUE"""),"CON-00-155185-3") -> CON-00-155185-3 | D25: =IFERROR(__xludf.DUMMYFUNCTION("""COMPUTED_VALUE"""),"565252") -> 565252 | E25: =IFERROR(__xludf.DUMMYFUNCTION("""COMPUTED_VALUE"""),"Rinderragù mit sonnengetrockneten Tomaten und Pasta") -> Rinderragù mit sonnengetrockneten Tomaten und Pasta | F25: =IFERROR(__xludf.DUMMYFUNCTION("""COMPUTED_VALUE"""),841.0) -> 841 | G25: =IFERROR(__xludf.DUMMYFUNCTION("""COMPUTED_VALUE"""),803.0) -> 803 | H25: =IFERROR(__xludf.DUMMYFUNCTION("""COMPUTED_VALUE"""),890.0) -> 890 | I25: =IFERROR(__xludf.DUMMYFUNCTION("""COMPUTED_VALUE"""),1633.0) -> 1633 | J25: =IFERROR(__xludf.DUMMYFUNCTION("""COMPUTED_VALUE"""),1788.0) -> 1788 | L25: =IFERROR(__xludf.DUMMYFUNCTION("""COMPUTED_VALUE"""),1733.0) -> 1733 | M25: =IFERROR(__xludf.DUMMYFUNCTION("""COMPUTED_VALUE"""),1712.0) -> 1712 | O25: =IFERROR(__xludf.DUMMYFUNCTION("""COMPUTED_VALUE"""),1552.0) -> 1552 | Q25: =IF(D25="","",D25&" - "&E25) -> 565252 - Rinderragù mit sonnengetrockneten Tomaten und Pasta | R25: =IFERROR(C25,"") -> CON-00-155185-3 | S25: =IFS(O25<>"",O25,AND(O25="",N25="",M25="",L25="",K25="",J25="",I25="",H25="",G25=""),F25,AND(O25="",N25="",M25="",L25="",K25="",J25="",I25="",H25=""),G25,AND(O25="",N25="",M25="",L25="",K25="",J25="",I25=""),H25,AND(O25="",N25="",M25="",L25="",K25="",J25=""), I25,AND(O25="",N25="",M25="",L25="",K25=""),J25,AND(O25="",N25="",M25="",L25=""), K25, AND(O25="",N25="",M25=""), L25,AND(O25="",N25=""), M25, AND(O25=""), N25) -> 1552 | T25: =IFERROR(Q25,"") -> 565252 - Rinderragù mit sonnengetrockneten Tomaten und Pasta | U25: =IFERROR(ROUNDUP( XLOOKUP(T25,Q:Q,S:S),0.1),"") -> 1552 | V25: =IF($U25="","","0") -> 0 | W25: =IF($U25="","","0") -> 0 | X25: =IF($U25="","","0") -> 0 | Y25: =IF($U25="","","0") -> 0 | AE25: =IF($B25="","", LEFT($B25,3)&"_1p") -> 317_1p | AF25: =IFERROR(T25,"") -> 565252 - Rinderragù mit sonnengetrockneten Tomaten und Pasta | AG25: =XLOOKUP(AF25,Q:Q,R:R) -> CON-00-155185-3 | AH25: =IF(AF25="","","ASL1") -> ASL1 | AJ25: =IF(AE25="","","1") -> 1 | AL25: =IF(AE25="","","Chilled") -> Chilled
A26: =IFERROR(__xludf.DUMMYFUNCTION("""COMPUTED_VALUE"""),"W19") -> W19 | B26: =IFERROR(__xludf.DUMMYFUNCTION("""COMPUTED_VALUE"""),318.0) -> 318 | C26: =IFERROR(__xludf.DUMMYFUNCTION("""COMPUTED_VALUE"""),"CON-00-136696-3") -> CON-00-136696-3 | D26: =IFERROR(__xludf.DUMMYFUNCTION("""COMPUTED_VALUE"""),"565095") -> 565095 | E26: =IFERROR(__xludf.DUMMYFUNCTION("""COMPUTED_VALUE"""),"Schweinefilet in würziger Ancho-Chili-Sauce") -> Schweinefilet in würziger Ancho-Chili-Sauce | F26: =IFERROR(__xludf.DUMMYFUNCTION("""COMPUTED_VALUE"""),440.0) -> 440 | G26: =IFERROR(__xludf.DUMMYFUNCTION("""COMPUTED_VALUE"""),392.0) -> 392 | H26: =IFERROR(__xludf.DUMMYFUNCTION("""COMPUTED_VALUE"""),433.0) -> 433 | I26: =IFERROR(__xludf.DUMMYFUNCTION("""COMPUTED_VALUE"""),436.0) -> 436 | J26: =IFERROR(__xludf.DUMMYFUNCTION("""COMPUTED_VALUE"""),497.0) -> 497 | L26: =IFERROR(__xludf.DUMMYFUNCTION("""COMPUTED_VALUE"""),504.0) -> 504 | M26: =IFERROR(__xludf.DUMMYFUNCTION("""COMPUTED_VALUE"""),525.0) -> 525 | O26: =IFERROR(__xludf.DUMMYFUNCTION("""COMPUTED_VALUE"""),457.0) -> 457 | Q26: =IF(D26="","",D26&" - "&E26) -> 565095 - Schweinefilet in würziger Ancho-Chili-Sauce | R26: =IFERROR(C26,"") -> CON-00-136696-3 | S26: =IFS(O26<>"",O26,AND(O26="",N26="",M26="",L26="",K26="",J26="",I26="",H26="",G26=""),F26,AND(O26="",N26="",M26="",L26="",K26="",J26="",I26="",H26=""),G26,AND(O26="",N26="",M26="",L26="",K26="",J26="",I26=""),H26,AND(O26="",N26="",M26="",L26="",K26="",J26=""), I26,AND(O26="",N26="",M26="",L26="",K26=""),J26,AND(O26="",N26="",M26="",L26=""), K26, AND(O26="",N26="",M26=""), L26,AND(O26="",N26=""), M26, AND(O26=""), N26) -> 457 | T26: =IFERROR(Q26,"") -> 565095 - Schweinefilet in würziger Ancho-Chili-Sauce | U26: =IFERROR(ROUNDUP( XLOOKUP(T26,Q:Q,S:S),0.1),"") -> 457 | V26: =IF($U26="","","0") -> 0 | W26: =IF($U26="","","0") -> 0 | X26: =IF($U26="","","0") -> 0 | Y26: =IF($U26="","","0") -> 0 | AE26: =IF($B26="","", LEFT($B26,3)&"_1p") -> 318_1p | AF26: =IFERROR(T26,"") -> 565095 - Schweinefilet in würziger Ancho-Chili-Sauce | AG26: =XLOOKUP(AF26,Q:Q,R:R) -> CON-00-136696-3 | AH26: =IF(AF26="","","ASL1") -> ASL1 | AJ26: =IF(AE26="","","1") -> 1 | AL26: =IF(AE26="","","Chilled") -> Chilled
A27: =IFERROR(__xludf.DUMMYFUNCTION("""COMPUTED_VALUE"""),"W19") -> W19 | B27: =IFERROR(__xludf.DUMMYFUNCTION("""COMPUTED_VALUE"""),206.0) -> 206 | C27: =IFERROR(__xludf.DUMMYFUNCTION("""COMPUTED_VALUE"""),"PTN-00-136930-3") -> PTN-00-136930-3 | D27: =IFERROR(__xludf.DUMMYFUNCTION("""COMPUTED_VALUE"""),"565119") -> 565119 | E27: =IFERROR(__xludf.DUMMYFUNCTION("""COMPUTED_VALUE"""),"Gegrilltes Hähnchen mit Knoblauch-Kräutern") -> Gegrilltes Hähnchen mit Knoblauch-Kräutern | F27: =IFERROR(__xludf.DUMMYFUNCTION("""COMPUTED_VALUE"""),67.0) -> 67 | G27: =IFERROR(__xludf.DUMMYFUNCTION("""COMPUTED_VALUE"""),67.0) -> 67 | H27: =IFERROR(__xludf.DUMMYFUNCTION("""COMPUTED_VALUE"""),67.0) -> 67 | I27: =IFERROR(__xludf.DUMMYFUNCTION("""COMPUTED_VALUE"""),67.0) -> 67 | J27: =IFERROR(__xludf.DUMMYFUNCTION("""COMPUTED_VALUE"""),67.0) -> 67 | L27: =IFERROR(__xludf.DUMMYFUNCTION("""COMPUTED_VALUE"""),67.0) -> 67 | M27: =IFERROR(__xludf.DUMMYFUNCTION("""COMPUTED_VALUE"""),67.0) -> 67 | O27: =IFERROR(__xludf.DUMMYFUNCTION("""COMPUTED_VALUE"""),40.0) -> 40 | Q27: =IF(D27="","",D27&" - "&E27) -> 565119 - Gegrilltes Hähnchen mit Knoblauch-Kräutern | R27: =IFERROR(C27,"") -> PTN-00-136930-3 | S27: =IFS(O27<>"",O27,AND(O27="",N27="",M27="",L27="",K27="",J27="",I27="",H27="",G27=""),F27,AND(O27="",N27="",M27="",L27="",K27="",J27="",I27="",H27=""),G27,AND(O27="",N27="",M27="",L27="",K27="",J27="",I27=""),H27,AND(O27="",N27="",M27="",L27="",K27="",J27=""), I27,AND(O27="",N27="",M27="",L27="",K27=""),J27,AND(O27="",N27="",M27="",L27=""), K27, AND(O27="",N27="",M27=""), L27,AND(O27="",N27=""), M27, AND(O27=""), N27) -> 40 | T27: =IFERROR(Q27,"") -> 565119 - Gegrilltes Hähnchen mit Knoblauch-Kräutern | U27: =IFERROR(ROUNDUP( XLOOKUP(T27,Q:Q,S:S),0.1),"") -> 40 | V27: =IF($U27="","","0") -> 0 | W27: =IF($U27="","","0") -> 0 | X27: =IF($U27="","","0") -> 0 | Y27: =IF($U27="","","0") -> 0 | AB27: F58 | AE27: =IF($B27="","", LEFT($B27,3)&"_1p") -> 206_1p | AF27: =IFERROR(T27,"") -> 565119 - Gegrilltes Hähnchen mit Knoblauch-Kräutern | AG27: =XLOOKUP(AF27,Q:Q,R:R) -> PTN-00-136930-3 | AH27: =IF(AF27="","","ASL1") -> ASL1 | AJ27: =IF(AE27="","","1") -> 1 | AL27: =IF(AE27="","","Chilled") -> Chilled
A28: =IFERROR(__xludf.DUMMYFUNCTION("""COMPUTED_VALUE"""),"W19") -> W19 | D28: =IFERROR(__xludf.DUMMYFUNCTION("""COMPUTED_VALUE"""),"") | F28: =IFERROR(__xludf.DUMMYFUNCTION("""COMPUTED_VALUE"""),9790.0) -> 9790 | G28: =IFERROR(__xludf.DUMMYFUNCTION("""COMPUTED_VALUE"""),10512.0) -> 10512 | H28: =IFERROR(__xludf.DUMMYFUNCTION("""COMPUTED_VALUE"""),14379.0) -> 14379 | I28: =IFERROR(__xludf.DUMMYFUNCTION("""COMPUTED_VALUE"""),17027.0) -> 17027 | J28: =IFERROR(__xludf.DUMMYFUNCTION("""COMPUTED_VALUE"""),18936.0) -> 18936 | L28: =IFERROR(__xludf.DUMMYFUNCTION("""COMPUTED_VALUE"""),18534.0) -> 18534 | M28: =IFERROR(__xludf.DUMMYFUNCTION("""COMPUTED_VALUE"""),18532.0) -> 18532 | N28: =IFERROR(__xludf.DUMMYFUNCTION("""COMPUTED_VALUE"""),0.0) -> 0 | O28: =IFERROR(__xludf.DUMMYFUNCTION("""COMPUTED_VALUE"""),17546.0) -> 17546 | Q28: =IF(D28="","",D28&" - "&E28) | R28: =IFERROR(C28,"") | S28: =IFS(O28<>"",O28,AND(O28="",N28="",M28="",L28="",K28="",J28="",I28="",H28="",G28=""),F28,AND(O28="",N28="",M28="",L28="",K28="",J28="",I28="",H28=""),G28,AND(O28="",N28="",M28="",L28="",K28="",J28="",I28=""),H28,AND(O28="",N28="",M28="",L28="",K28="",J28=""), I28,AND(O28="",N28="",M28="",L28="",K28=""),J28,AND(O28="",N28="",M28="",L28=""), K28, AND(O28="",N28="",M28=""), L28,AND(O28="",N28=""), M28, AND(O28=""), N28) -> 17546 | T28: =IFERROR(Q28,"") | AE28: =IF($B28="","", LEFT($B28,3)&"_1p") | AF28: =IFERROR(T28,"") | AG28: =XLOOKUP(AF28,Q:Q,R:R) | AH28: =IF(AF28="","","ASL1") | AJ28: =IF(AE28="","","1") | AL28: =IF(AE28="","","Chilled")
Q29: =IF(D29="","",D29&" - "&E29) | R29: =IFERROR(C29,"") | S29: =IFS(O29<>"",O29,AND(O29="",N29="",M29="",L29="",K29="",J29="",I29="",H29="",G29=""),F29,AND(O29="",N29="",M29="",L29="",K29="",J29="",I29="",H29=""),G29,AND(O29="",N29="",M29="",L29="",K29="",J29="",I29=""),H29,AND(O29="",N29="",M29="",L29="",K29="",J29=""), I29,AND(O29="",N29="",M29="",L29="",K29=""),J29,AND(O29="",N29="",M29="",L29=""), K29, AND(O29="",N29="",M29=""), L29,AND(O29="",N29=""), M29, AND(O29=""), N29) | T29: =IFERROR(Q29,"") | AE29: =IF($B29="","", LEFT($B29,3)&"_1p") | AF29: =IFERROR(T29,"") | AG29: =XLOOKUP(AF29,Q:Q,R:R) | AH29: =IF(AF29="","","ASL1") | AJ29: =IF(AE29="","","1") | AL29: =IF(AE29="","","Chilled")
Q30: =IF(D30="","",D30&" - "&E30) | R30: =IFERROR(C30,"") | S30: =IFS(O30<>"",O30,AND(O30="",N30="",M30="",L30="",K30="",J30="",I30="",H30="",G30=""),F30,AND(O30="",N30="",M30="",L30="",K30="",J30="",I30="",H30=""),G30,AND(O30="",N30="",M30="",L30="",K30="",J30="",I30=""),H30,AND(O30="",N30="",M30="",L30="",K30="",J30=""), I30,AND(O30="",N30="",M30="",L30="",K30=""),J30,AND(O30="",N30="",M30="",L30=""), K30, AND(O30="",N30="",M30=""), L30,AND(O30="",N30=""), M30, AND(O30=""), N30) | T30: =IFERROR(Q30,"") | AE30: =IF($B30="","", LEFT($B30,3)&"_1p") | AF30: =IFERROR(T30,"") | AG30: =XLOOKUP(AF30,Q:Q,R:R) | AH30: =IF(AF30="","","ASL1") | AJ30: =IF(AE30="","","1") | AL30: =IF(AE30="","","Chilled")
Q31: =IF(D31="","",D31&" - "&E31) | R31: =IFERROR(C31,"") | S31: =IFS(O31<>"",O31,AND(O31="",N31="",M31="",L31="",K31="",J31="",I31="",H31="",G31=""),F31,AND(O31="",N31="",M31="",L31="",K31="",J31="",I31="",H31=""),G31,AND(O31="",N31="",M31="",L31="",K31="",J31="",I31=""),H31,AND(O31="",N31="",M31="",L31="",K31="",J31=""), I31,AND(O31="",N31="",M31="",L31="",K31=""),J31,AND(O31="",N31="",M31="",L31=""), K31, AND(O31="",N31="",M31=""), L31,AND(O31="",N31=""), M31, AND(O31=""), N31) | T31: =IFERROR(Q31,"") | AE31: =IF($B31="","", LEFT($B31,3)&"_1p")
Q32: =IF(D32="","",D32&" - "&E32) | R32: =IFERROR(C32,"") | S32: =IFS(O32<>"",O32,AND(O32="",N32="",M32="",L32="",K32="",J32="",I32="",H32="",G32=""),F32,AND(O32="",N32="",M32="",L32="",K32="",J32="",I32="",H32=""),G32,AND(O32="",N32="",M32="",L32="",K32="",J32="",I32=""),H32,AND(O32="",N32="",M32="",L32="",K32="",J32=""), I32,AND(O32="",N32="",M32="",L32="",K32=""),J32,AND(O32="",N32="",M32="",L32=""), K32, AND(O32="",N32="",M32=""), L32,AND(O32="",N32=""), M32, AND(O32=""), N32) | T32: =IFERROR(Q32,"") | AE32: =IF($B32="","", LEFT($B32,3)&"_1p")
Q33: =IF(D33="","",D33&" - "&E33) | R33: =IFERROR(C33,"") | S33: =IFS(O33<>"",O33,AND(O33="",N33="",M33="",L33="",K33="",J33="",I33="",H33="",G33=""),F33,AND(O33="",N33="",M33="",L33="",K33="",J33="",I33="",H33=""),G33,AND(O33="",N33="",M33="",L33="",K33="",J33="",I33=""),H33,AND(O33="",N33="",M33="",L33="",K33="",J33=""), I33,AND(O33="",N33="",M33="",L33="",K33=""),J33,AND(O33="",N33="",M33="",L33=""), K33, AND(O33="",N33="",M33=""), L33,AND(O33="",N33=""), M33, AND(O33=""), N33) | T33: =IFERROR(Q33,"") | AE33: =IF($B33="","", LEFT($B33,3)&"_1p")
Q34: =IF(D34="","",D34&" - "&E34) | R34: =IFERROR(C34,"") | S34: =IFS(O34<>"",O34,AND(O34="",N34="",M34="",L34="",K34="",J34="",I34="",H34="",G34=""),F34,AND(O34="",N34="",M34="",L34="",K34="",J34="",I34="",H34=""),G34,AND(O34="",N34="",M34="",L34="",K34="",J34="",I34=""),H34,AND(O34="",N34="",M34="",L34="",K34="",J34=""), I34,AND(O34="",N34="",M34="",L34="",K34=""),J34,AND(O34="",N34="",M34="",L34=""), K34, AND(O34="",N34="",M34=""), L34,AND(O34="",N34=""), M34, AND(O34=""), N34) | T34: =IFERROR(Q34,"") | AE34: =IF($B34="","", LEFT($B34,3)&"_1p")
Q35: =IF(D35="","",D35&" - "&E35) | R35: =IFERROR(C35,"") | S35: =IFS(O35<>"",O35,AND(O35="",N35="",M35="",L35="",K35="",J35="",I35="",H35="",G35=""),F35,AND(O35="",N35="",M35="",L35="",K35="",J35="",I35="",H35=""),G35,AND(O35="",N35="",M35="",L35="",K35="",J35="",I35=""),H35,AND(O35="",N35="",M35="",L35="",K35="",J35=""), I35,AND(O35="",N35="",M35="",L35="",K35=""),J35,AND(O35="",N35="",M35="",L35=""), K35, AND(O35="",N35="",M35=""), L35,AND(O35="",N35=""), M35, AND(O35=""), N35) | T35: =IFERROR(Q35,"") | AE35: =IF($B35="","", LEFT($B35,3)&"_1p")
Q36: =IF(D36="","",D36&" - "&E36) | R36: =IFERROR(C36,"") | S36: =IFS(O36<>"",O36,AND(O36="",N36="",M36="",L36="",K36="",J36="",I36="",H36="",G36=""),F36,AND(O36="",N36="",M36="",L36="",K36="",J36="",I36="",H36=""),G36,AND(O36="",N36="",M36="",L36="",K36="",J36="",I36=""),H36,AND(O36="",N36="",M36="",L36="",K36="",J36=""), I36,AND(O36="",N36="",M36="",L36="",K36=""),J36,AND(O36="",N36="",M36="",L36=""), K36, AND(O36="",N36="",M36=""), L36,AND(O36="",N36=""), M36, AND(O36=""), N36) | T36: =IFERROR(Q36,"") | AE36: =IF($B36="","", LEFT($B36,3)&"_1p")
Q37: =IF(D37="","",D37&" - "&E37) | R37: =IFERROR(C37,"") | S37: =IFS(O37<>"",O37,AND(O37="",N37="",M37="",L37="",K37="",J37="",I37="",H37="",G37=""),F37,AND(O37="",N37="",M37="",L37="",K37="",J37="",I37="",H37=""),G37,AND(O37="",N37="",M37="",L37="",K37="",J37="",I37=""),H37,AND(O37="",N37="",M37="",L37="",K37="",J37=""), I37,AND(O37="",N37="",M37="",L37="",K37=""),J37,AND(O37="",N37="",M37="",L37=""), K37, AND(O37="",N37="",M37=""), L37,AND(O37="",N37=""), M37, AND(O37=""), N37) | T37: =IFERROR(Q37,"") | AE37: =IF($B37="","", LEFT($B37,3)&"_1p")
Q38: =IF(D38="","",D38&" - "&E38) | R38: =IFERROR(C38,"") | S38: =IFS(O38<>"",O38,AND(O38="",N38="",M38="",L38="",K38="",J38="",I38="",H38="",G38=""),F38,AND(O38="",N38="",M38="",L38="",K38="",J38="",I38="",H38=""),G38,AND(O38="",N38="",M38="",L38="",K38="",J38="",I38=""),H38,AND(O38="",N38="",M38="",L38="",K38="",J38=""), I38,AND(O38="",N38="",M38="",L38="",K38=""),J38,AND(O38="",N38="",M38="",L38=""), K38, AND(O38="",N38="",M38=""), L38,AND(O38="",N38=""), M38, AND(O38=""), N38) | T38: =IFERROR(Q38,"") | AE38: =IF($B38="","", LEFT($B38,3)&"_1p")
Q39: =IF(D39="","",D39&" - "&E39) | R39: =IFERROR(C39,"") | S39: =IFS(O39<>"",O39,AND(O39="",N39="",M39="",L39="",K39="",J39="",I39="",H39="",G39=""),F39,AND(O39="",N39="",M39="",L39="",K39="",J39="",I39="",H39=""),G39,AND(O39="",N39="",M39="",L39="",K39="",J39="",I39=""),H39,AND(O39="",N39="",M39="",L39="",K39="",J39=""), I39,AND(O39="",N39="",M39="",L39="",K39=""),J39,AND(O39="",N39="",M39="",L39=""), K39, AND(O39="",N39="",M39=""), L39,AND(O39="",N39=""), M39, AND(O39=""), N39) | T39: =IFERROR(Q39,"") | AE39: =IF($B39="","", LEFT($B39,3)&"_1p")
Q40: =IF(D40="","",D40&" - "&E40) | R40: =IFERROR(C40,"") | S40: =IFS(O40<>"",O40,AND(O40="",N40="",M40="",L40="",K40="",J40="",I40="",H40="",G40=""),F40,AND(O40="",N40="",M40="",L40="",K40="",J40="",I40="",H40=""),G40,AND(O40="",N40="",M40="",L40="",K40="",J40="",I40=""),H40,AND(O40="",N40="",M40="",L40="",K40="",J40=""), I40,AND(O40="",N40="",M40="",L40="",K40=""),J40,AND(O40="",N40="",M40="",L40=""), K40, AND(O40="",N40="",M40=""), L40,AND(O40="",N40=""), M40, AND(O40=""), N40) | T40: =IFERROR(Q40,"") | AE40: =IF($B40="","", LEFT($B40,3)&"_1p")
Q41: =IF(D41="","",D41&" - "&E41) | R41: =IFERROR(C41,"") | S41: =IFS(O41<>"",O41,AND(O41="",N41="",M41="",L41="",K41="",J41="",I41="",H41="",G41=""),F41,AND(O41="",N41="",M41="",L41="",K41="",J41="",I41="",H41=""),G41,AND(O41="",N41="",M41="",L41="",K41="",J41="",I41=""),H41,AND(O41="",N41="",M41="",L41="",K41="",J41=""), I41,AND(O41="",N41="",M41="",L41="",K41=""),J41,AND(O41="",N41="",M41="",L41=""), K41, AND(O41="",N41="",M41=""), L41,AND(O41="",N41=""), M41, AND(O41=""), N41) | T41: =IFERROR(Q41,"") | U41: {=IFERROR(ROUNDUP( XLOOKUP(T41,Q:Q,S:S),0.1),"")} -> 17546 | V41: =IF($U41="","","0") -> 0 | W41: =IF($U41="","","0") -> 0 | X41: =IF($U41="","","0") -> 0 | Y41: =IF($U41="","","0") -> 0 | AE41: =IF($B41="","", LEFT($B41,3)&"_1p") | AG41: {=IFERROR( XLOOKUP(AF41,Q:Q,R:R),"")} | AH41: =IF(AF41="","","ASL1") | AJ41: =IF(AE41="","","1") | AL41: =IF(AE41="","","Chilled")
Q42: =IF(D42="","",D42&" - "&E42) | R42: =IFERROR(C42,"") | S42: =IFS(O42<>"",O42,AND(O42="",N42="",M42="",L42="",K42="",J42="",I42="",H42="",G42=""),F42,AND(O42="",N42="",M42="",L42="",K42="",J42="",I42="",H42=""),G42,AND(O42="",N42="",M42="",L42="",K42="",J42="",I42=""),H42,AND(O42="",N42="",M42="",L42="",K42="",J42=""), I42,AND(O42="",N42="",M42="",L42="",K42=""),J42,AND(O42="",N42="",M42="",L42=""), K42, AND(O42="",N42="",M42=""), L42,AND(O42="",N42=""), M42, AND(O42=""), N42) | T42: =IFERROR(Q42,"") | AE42: =IF($B42="","", LEFT($B42,3)&"_1p")
A43: In Boxen ca: | F43: =F28/8 -> 1223.75 | G43: =G28/8 -> 1314 | H43: =H28/8 -> 1797.375 | I43: =I28/8 -> 2128.375 | J43: =J28/8 -> 2367 | K43: =K28/8 -> 0 | L43: =L28/8 -> 2316.75 | M43: =M28/8 -> 2316.5 | ... O43: =O28/8 -> 2193.25 | P43: Static | Q43: =IF(D43="","",D43&" - "&E43) | R43: =IFERROR(C43,"") | S43: =IFS(O43<>"",O43,AND(O43="",N43="",M43="",L43="",K43="",J43="",I43="",H43="",G43=""),F43,AND(O43="",N43="",M43="",L43="",K43="",J43="",I43="",H43=""),G43,AND(O43="",N43="",M43="",L43="",K43="",J43="",I43=""),H43,AND(O43="",N43="",M43="",L43="",K43="",J43=""), I43,AND(O43="",N43="",M43="",L43="",K43=""),J43,AND(O43="",N43="",M43="",L43=""), K43, AND(O43="",N43="",M43=""), L43,AND(O43="",N43=""), M43, AND(O43=""), N43) -> 2193.25 | T43: =IFERROR(Q43,"") | U43: =IFERROR(ROUNDUP( XLOOKUP(T43,Q:Q,S:S),0.1),"") -> 17546 | V43: =IF($U43="","","0") -> 0 | W43: =IF($U43="","","0") -> 0 | X43: =IF($U43="","","0") -> 0 | Y43: =IF($U43="","","0") -> 0 | AB43: F86 | AE43: =IF($Q43="","", LEFT($Q43,3)&"_1p") | AF43: =IFERROR(T43,"") | AG43: {=IFERROR( XLOOKUP(AF43,Q:Q,R:R),"")} | AH43: =IF(AF43="","","ASL1") | AJ43: =IF(AE43="","","1") | AL43: =IF(AE43="","","Chilled")
Q44: =IF(D44="","",D44&" - "&E44) | R44: =IFERROR(C44,"") | S44: =IFS(O44<>"",O44,AND(O44="",N44="",M44="",L44="",K44="",J44="",I44="",H44="",G44=""),F44,AND(O44="",N44="",M44="",L44="",K44="",J44="",I44="",H44=""),G44,AND(O44="",N44="",M44="",L44="",K44="",J44="",I44=""),H44,AND(O44="",N44="",M44="",L44="",K44="",J44=""), I44,AND(O44="",N44="",M44="",L44="",K44=""),J44,AND(O44="",N44="",M44="",L44=""), K44, AND(O44="",N44="",M44=""), L44,AND(O44="",N44=""), M44, AND(O44=""), N44) | T44: =IFERROR(Q44,"") | U44: =IFERROR(ROUNDUP( XLOOKUP(T44,Q:Q,S:S),0.1),"") -> 17546 | V44: =IF($U44="","","0") -> 0 | W44: =IF($U44="","","0") -> 0 | X44: =IF($U44="","","0") -> 0 | Y44: =IF($U44="","","0") -> 0 | AB44: F110 | AE44: =IF($Q44="","", LEFT($Q44,3)&"_1p") | AF44: =IFERROR(T44,"") | AG44: =XLOOKUP(AF44,Q:Q,R:R) | AH44: =IF(AF44="","","ASL1") | AJ44: =IF(AE44="","","1") | AL44: =IF(AE44="","","Chilled")
A45: =A27 -> W19 | B45: 205 | C45: BEV-00-136840-3 | D45: =B45 -> 205 | E45: FACTOR_ Ginger Lemon Apple Wellness Shot | F45: 48 | Q45: =IF(D45="","",D45&" - "&E45) -> 205 - FACTOR_ Ginger Lemon Apple Wellness Shot | R45: =IFERROR(C45,"") -> BEV-00-136840-3 | S45: =IFS(O45<>"",O45,AND(O45="",N45="",M45="",L45="",K45="",J45="",I45="",H45="",G45=""),F45,AND(O45="",N45="",M45="",L45="",K45="",J45="",I45="",H45=""),G45,AND(O45="",N45="",M45="",L45="",K45="",J45="",I45=""),H45,AND(O45="",N45="",M45="",L45="",K45="",J45=""), I45,AND(O45="",N45="",M45="",L45="",K45=""),J45,AND(O45="",N45="",M45="",L45=""), K45, AND(O45="",N45="",M45=""), L45,AND(O45="",N45=""), M45, AND(O45=""), N45) -> 48 | T45: =IFERROR(Q45,"") -> 205 - FACTOR_ Ginger Lemon Apple Wellness Shot | U45: =IFERROR(ROUNDUP( XLOOKUP(T45,Q:Q,S:S),0.1),"") -> 48 | V45: =IF($U45="","","0") -> 0 | W45: =IF($U45="","","0") -> 0 | X45: =IF($U45="","","0") -> 0 | Y45: =IF($U45="","","0") -> 0 | AB45: F122 | AE45: =IF($Q45="","", LEFT($Q45,3)&"_1p") -> 205_1p | AF45: =IFERROR(T45,"") -> 205 - FACTOR_ Ginger Lemon Apple Wellness Shot | AG45: =XLOOKUP(AF45,Q:Q,R:R) -> BEV-00-136840-3 | AH45: =IF(AF45="","","ASL1") -> ASL1 | AJ45: =IF(AE45="","","1") -> 1 | AL45: =IF(AE45="","","Chilled") -> Chilled
A46: =A45 -> W19 | B46: 209 | C46: BEV-00-137951-2 | D46: =B46 -> 209 | E46: FACTOR_ Spirulina Ginger Lime Ginger Shot | F46: 56 | Q46: =IF(D46="","",D46&" - "&E46) -> 209 - FACTOR_ Spirulina Ginger Lime Ginger Shot | R46: =IFERROR(C46,"") -> BEV-00-137951-2 | S46: =IFS(O46<>"",O46,AND(O46="",N46="",M46="",L46="",K46="",J46="",I46="",H46="",G46=""),F46,AND(O46="",N46="",M46="",L46="",K46="",J46="",I46="",H46=""),G46,AND(O46="",N46="",M46="",L46="",K46="",J46="",I46=""),H46,AND(O46="",N46="",M46="",L46="",K46="",J46=""), I46,AND(O46="",N46="",M46="",L46="",K46=""),J46,AND(O46="",N46="",M46="",L46=""), K46, AND(O46="",N46="",M46=""), L46,AND(O46="",N46=""), M46, AND(O46=""), N46) -> 56 | T46: =IFERROR(Q46,"") -> 209 - FACTOR_ Spirulina Ginger Lime Ginger Shot | U46: =IFERROR(ROUNDUP( XLOOKUP(T46,Q:Q,S:S),0.1),"") -> 56 | V46: =IF($U46="","","0") -> 0 | W46: =IF($U46="","","0") -> 0 | X46: =IF($U46="","","0") -> 0 | Y46: =IF($U46="","","0") -> 0 | AE46: =IF($Q46="","", LEFT($Q46,3)&"_1p") -> 209_1p | AF46: =IFERROR(T46,"") -> 209 - FACTOR_ Spirulina Ginger Lime Ginger Shot | AG46: =IFERROR( XLOOKUP(AF46,Q:Q,R:R),"") -> BEV-00-137951-2 | AH46: =IF(AG46="","","ASL1") -> ASL1 | AJ46: =IF(AE46="","","1") -> 1 | AL46: =IF(AE46="","","Chilled") -> Chilled
A47: =A46 -> W19 | B47: 210 | C47: BEV-00-137952-2 | D47: =B47 -> 210 | E47: FACTOR_ Turmeric Cayenne Pineapple Ginger Shot | F47: 36 | Q47: =IF(D47="","",D47&" - "&E47) -> 210 - FACTOR_ Turmeric Cayenne Pineapple Ginger Shot | R47: =IFERROR(C47,"") -> BEV-00-137952-2 | S47: =IFS(O47<>"",O47,AND(O47="",N47="",M47="",L47="",K47="",J47="",I47="",H47="",G47=""),F47,AND(O47="",N47="",M47="",L47="",K47="",J47="",I47="",H47=""),G47,AND(O47="",N47="",M47="",L47="",K47="",J47="",I47=""),H47,AND(O47="",N47="",M47="",L47="",K47="",J47=""), I47,AND(O47="",N47="",M47="",L47="",K47=""),J47,AND(O47="",N47="",M47="",L47=""), K47, AND(O47="",N47="",M47=""), L47,AND(O47="",N47=""), M47, AND(O47=""), N47) -> 36 | T47: =IFERROR(Q47,"") -> 210 - FACTOR_ Turmeric Cayenne Pineapple Ginger Shot | U47: {=IFERROR( XLOOKUP(T47,Q:Q,S:S),"")} -> 36 | V47: =IF($U47="","","0") -> 0 | W47: =IF($U47="","","0") -> 0 | X47: =IF($U47="","","0") -> 0 | Y47: =IF($U47="","","0") -> 0 | AE47: =IF($Q47="","", LEFT($Q47,3)&"_1p") -> 210_1p | AF47: =IFERROR(T47,"") -> 210 - FACTOR_ Turmeric Cayenne Pineapple Ginger Shot | AG47: =IFERROR( XLOOKUP(AF47,Q:Q,R:R),"") -> BEV-00-137952-2 | AH47: =IF(AG47="","","ASL1") -> ASL1 | AJ47: =IF(AE47="","","1") -> 1 | AL47: =IF(AE47="","","Chilled") -> Chilled
V48: =IF($U48="","","0") | W48: =IF($U48="","","0") | X48: =IF($U48="","","0") | Y48: =IF($U48="","","0") | AE48: =IF($Q48="","", LEFT($Q48,3)&"_1p") | AF48: =IFERROR(T48,"") | AG48: =IFERROR( XLOOKUP(AF48,Q:Q,R:R),"") | AH48: =IF(AG48="","","ASL1") | AJ48: =IF(AE48="","","1") | AL48: =IF(AE48="","","Chilled")
V49: =IF($U49="","","0") | W49: =IF($U49="","","0") | X49: =IF($U49="","","0") | Y49: =IF($U49="","","0") | AE49: =IF($Q49="","", LEFT($Q49,3)&"_1p") | AF49: =IFERROR(T49,"") | AG49: =IFERROR( XLOOKUP(AF49,Q:Q,R:R),"") | AH49: =IF(AG49="","","ASL1") | AJ49: =IF(AE49="","","1") | AL49: =IF(AE49="","","Chilled")
A50: Ice share | R50: =IFERROR(C51,"") | V50: =IF($U50="","","0") | W50: =IF($U50="","","0") | X50: =IF($U50="","","0") | Y50: =IF($U50="","","0")
A51: S | B51: 70% | O51: Werte von KW27 | R51: =IFERROR(C52,"") | V51: =IF($U51="","","0") | W51: =IF($U51="","","0") | X51: =IF($U51="","","0") | Y51: =IF($U51="","","0")
A52: M | B52: 20% | P52: 0.38010532 | Q52: IcePack1 | S52: =ROUNDUP( IFS(O$43<>0,O$43,AND(O$43=0,N$43=0,M$43=0,L$43=0,K$43=0,J$43=0,I$43=0,H$43=0,G$43=0),F$43,AND(O$43=0,N$43=0,M$43=0,L$43=0,K$43=0,J$43=0,I$43=0,H$43=0),G$43,AND(O$43=0,N$43=0,M$43=0,L$43=0,K$43=0,J$43=0,I$43=0),H$43,AND(O$43=0,N$43=0,M$43=0,L$43=0,K$43=0,J$43=0), I$43,AND(O$43=0,N$43=0,M$43=0,L$43=0,K$43=0),J$43,AND(O$43=0,N$43=0,M$43=0,L$43=0), K$43, AND(O$43=0,N$43=0,M$43=0), L$43,AND(O$43=0,N$43=0), M$43, AND(O$43=0), N$43),0.1) -> 2194 | V52: =IF($U52="","","0") | W52: =IF($U52="","","0") | X52: =IF($U52="","","0") | Y52: =IF($U52="","","0")
A53: L | B53: 10% | O53: =P52-P54 -> 0.14031597 | Q53: IcePack2 | S53: =S52-(0.14*S52) -> 1886.84 | V53: =IF($U53="","","0") | W53: =IF($U53="","","0") | X53: =IF($U53="","","0") | Y53: =IF($U53="","","0")
P54: 0.23978935 | Q54: IcePack3 | S54: =ROUNDUP( IFS(O$43<>0,O$43,AND(O$43=0,N$43=0,M$43=0,L$43=0,K$43=0,J$43=0,I$43=0,H$43=0,G$43=0),F$43,AND(O$43=0,N$43=0,M$43=0,L$43=0,K$43=0,J$43=0,I$43=0,H$43=0),G$43,AND(O$43=0,N$43=0,M$43=0,L$43=0,K$43=0,J$43=0,I$43=0),H$43,AND(O$43=0,N$43=0,M$43=0,L$43=0,K$43=0,J$43=0), I$43,AND(O$43=0,N$43=0,M$43=0,L$43=0,K$43=0),J$43,AND(O$43=0,N$43=0,M$43=0,L$43=0), K$43, AND(O$43=0,N$43=0,M$43=0), L$43,AND(O$43=0,N$43=0), M$43, AND(O$43=0), N$43),0.1) -> 2194 | V54: =IF($U54="","","0") | W54: =IF($U54="","","0") | X54: =IF($U54="","","0") | Y54: =IF($U54="","","0")
V55: =IF(U55="","","0") | W55: =IF($U55="","","0") | X55: =IF($U55="","","0") | Y55: =IF($U55="","","0")
V56: =IF(U56="","","0") | W56: =IF($U56="","","0") | X56: =IF($U56="","","0") | Y56: =IF($U56="","","0")
V57: =IF(U57="","","0") | W57: =IF($U57="","","0") | X57: =IF($U57="","","0") | Y57: =IF($U57="","","0")
V58: =IF(U58="","","0") | W58: =IF($U58="","","0") | X58: =IF($U58="","","0") | Y58: =IF($U58="","","0")
V59: =IF(U59="","","0") | W59: =IF($U59="","","0")
V60: =IF(U60="","","0") | W60: =IF($U60="","","0")
V61: =IF(U61="","","0")

Sheet Inputs Maite Nordics
A1: MANUELL EINTRAGEN | B1: Demand für Smoothies/Ice needs to be filled manually
T5: VolumeFile
AE6: RackFile_Combined
Q7: Converter TABLE | T7: name | U7: demand_thursday | V7: demand_friday | W7: demand_saturday | X7: demand_sunday | Y7: demand_monday | Z7: station_constraint | AA7: level_constraint | AB7: pickface_constraint | AC7: separate_constraint
A8: Woche | B8: Rezept | C8: SKU | D8: Maitre Code | E8: Artikel | F8: wed -4wk | G8: wed -3wk | H8: wed -2wk | I8: wed-1wk | J8: Fri -1wk | K8: Mon | L8: Tues | M8: Weds | N8: Thurs | O8: order | Q8: =IF(B8="","",B8&" - "&E8) -> Rezept - Artikel | R8: SKU | S8: Target | T8: IcePack1 | U8: =IFERROR(ROUNDUP( XLOOKUP(T8,Q:Q,S:S),0.1),"") -> 5113 | V8: 0 | W8: 0 | X8: 0 | Y8: 0 | AB8: F137 | AE8: Recipe | AF8: Ingredient | AG8: SKU | AH8: Line | AI8: FlowRackPosition | AJ8: Quantity | AK8: ScanRegEx | AL8: StorageConditions
A9: =IFERROR(__xludf.DUMMYFUNCTION("FILTER('Maitre Inputs DENO_Stamm'!$B:$D,'Maitre Inputs DENO_Stamm'!$B:$B=""W""&CONTROL_CENTER!$J$3,'Maitre Inputs DENO_Stamm'!A:A=""NORDICS"")"),"W19") -> W19 | B9: =IFERROR(__xludf.DUMMYFUNCTION("""COMPUTED_VALUE"""),601.0) -> 601 | C9: =IFERROR(__xludf.DUMMYFUNCTION("""COMPUTED_VALUE"""),"CON-00-147878-2") -> CON-00-147878-2 | D9: =IFERROR(__xludf.DUMMYFUNCTION("FILTER(RIGHT('Maitre Inputs DENO_Stamm'!$H:$H,6),'Maitre Inputs DENO_Stamm'!$B:$B=""W""&CONTROL_CENTER!$J$3,'Maitre Inputs DENO_Stamm'!A:A=""NORDICS"")"),"565072") -> 565072 | E9: =IFERROR(__xludf.DUMMYFUNCTION("FILTER('Maitre Inputs DENO_Stamm'!F:F,'Maitre Inputs DENO_Stamm'!$B:$B=""W""&CONTROL_CENTER!$J$3,'Maitre Inputs DENO_Stamm'!A:A=""NORDICS"")"),"Grillet kylling med ratatouille") -> Grillet kylling med ratatouille | F9: =IFERROR(__xludf.DUMMYFUNCTION("FILTER('Maitre Inputs DENO_Stamm'!J:S,'Maitre Inputs DENO_Stamm'!$B:$B=""W""&CONTROL_CENTER!$J$3,'Maitre Inputs DENO_Stamm'!A:A=""Nordics"")"),3554.0) -> 3554 | G9: =IFERROR(__xludf.DUMMYFUNCTION("""COMPUTED_VALUE"""),3455.0) -> 3455 | H9: =IFERROR(__xludf.DUMMYFUNCTION("""COMPUTED_VALUE"""),3765.0) -> 3765 | I9: =IFERROR(__xludf.DUMMYFUNCTION("""COMPUTED_VALUE"""),3705.0) -> 3705 | J9: =IFERROR(__xludf.DUMMYFUNCTION("""COMPUTED_VALUE"""),3774.0) -> 3774 | L9: =IFERROR(__xludf.DUMMYFUNCTION("""COMPUTED_VALUE"""),3769.0) -> 3769 | M9: =IFERROR(__xludf.DUMMYFUNCTION("""COMPUTED_VALUE"""),3760.0) -> 3760 | O9: =IFERROR(__xludf.DUMMYFUNCTION("""COMPUTED_VALUE"""),3731.0) -> 3731 | Q9: =IF(D9="","",D9&" - "&E9) -> 565072 - Grillet kylling med ratatouille | R9: =IFERROR(C9,"") -> CON-00-147878-2 | S9: =IFS(O9<>"",O9,AND(O9="",N9="",M9="",L9="",K9="",J9="",I9="",H9="",G9=""),F9,AND(O9="",N9="",M9="",L9="",K9="",J9="",I9="",H9=""),G9,AND(O9="",N9="",M9="",L9="",K9="",J9="",I9=""),H9,AND(O9="",N9="",M9="",L9="",K9="",J9=""), I9,AND(O9="",N9="",M9="",L9="",K9=""),J9,AND(O9="",N9="",M9="",L9=""), K9, AND(O9="",N9="",M9=""), L9,AND(O9="",N9=""), M9, AND(O9=""), N9) -> 3731 | T9: =IFERROR(Q9,"") -> 565072 - Grillet kylling med ratatouille | U9: =IFERROR(ROUNDUP( XLOOKUP(T9,Q:Q,S:S),0.1),"") -> 3731 | V9: =IF($U9="","","0") -> 0 | W9: =IF($U9="","","0") -> 0 | X9: =IF($U9="","","0") -> 0 | Y9: =IF($U9="","","0") -> 0 | AE9: =IF($B9="","", LEFT($B9,3)&"_1p") -> 601_1p | AF9: =IFERROR(T9,"") -> 565072 - Grillet kylling med ratatouille | AG9: =XLOOKUP(AF9,Q:Q,R:R) -> CON-00-147878-2 | AH9: =IF(AF9="","","ASL2") -> ASL2 | AJ9: =IF(AE9="","","1") -> 1 | AL9: =IF(AE9="","","Chilled") -> Chilled
A10: =IFERROR(__xludf.DUMMYFUNCTION("""COMPUTED_VALUE"""),"W19") -> W19 | B10: =IFERROR(__xludf.DUMMYFUNCTION("""COMPUTED_VALUE"""),602.0) -> 602 | C10: =IFERROR(__xludf.DUMMYFUNCTION("""COMPUTED_VALUE"""),"CON-00-152208-2") -> CON-00-152208-2 | D10: =IFERROR(__xludf.DUMMYFUNCTION("""COMPUTED_VALUE"""),"565209") -> 565209 | E10: =IFERROR(__xludf.DUMMYFUNCTION("""COMPUTED_VALUE"""),"Chilensk inspireret kylling med salsa-quinoa") -> Chilensk inspireret kylling med salsa-quinoa | F10: =IFERROR(__xludf.DUMMYFUNCTION("""COMPUTED_VALUE"""),2290.0) -> 2290 | G10: =IFERROR(__xludf.DUMMYFUNCTION("""COMPUTED_VALUE"""),2276.0) -> 2276 | H10: =IFERROR(__xludf.DUMMYFUNCTION("""COMPUTED_VALUE"""),2488.0) -> 2488 | I10: =IFERROR(__xludf.DUMMYFUNCTION("""COMPUTED_VALUE"""),2530.0) -> 2530 | J10: =IFERROR(__xludf.DUMMYFUNCTION("""COMPUTED_VALUE"""),2568.0) -> 2568 | L10: =IFERROR(__xludf.DUMMYFUNCTION("""COMPUTED_VALUE"""),2570.0) -> 2570 | M10: =IFERROR(__xludf.DUMMYFUNCTION("""COMPUTED_VALUE"""),2546.0) -> 2546 | O10: =IFERROR(__xludf.DUMMYFUNCTION("""COMPUTED_VALUE"""),2460.0) -> 2460 | Q10: =IF(D10="","",D10&" - "&E10) -> 565209 - Chilensk inspireret kylling med salsa-quinoa | R10: =IFERROR(C10,"") -> CON-00-152208-2 | S10: =IFS(O10<>"",O10,AND(O10="",N10="",M10="",L10="",K10="",J10="",I10="",H10="",G10=""),F10,AND(O10="",N10="",M10="",L10="",K10="",J10="",I10="",H10=""),G10,AND(O10="",N10="",M10="",L10="",K10="",J10="",I10=""),H10,AND(O10="",N10="",M10="",L10="",K10="",J10=""), I10,AND(O10="",N10="",M10="",L10="",K10=""),J10,AND(O10="",N10="",M10="",L10=""), K10, AND(O10="",N10="",M10=""), L10,AND(O10="",N10=""), M10, AND(O10=""), N10) -> 2460 | T10: =IFERROR(Q10,"") -> 565209 - Chilensk inspireret kylling med salsa-quinoa | U10: =IFERROR(ROUNDUP( XLOOKUP(T10,Q:Q,S:S),0.1),"") -> 2460 | V10: =IF($U10="","","0") -> 0 | W10: =IF($U10="","","0") -> 0 | X10: =IF($U10="","","0") -> 0 | Y10: =IF($U10="","","0") -> 0 | AE10: =IF($B10="","", LEFT($B10,3)&"_1p") -> 602_1p | AF10: =IFERROR(T10,"") -> 565209 - Chilensk inspireret kylling med salsa-quinoa | AG10: =XLOOKUP(AF10,Q:Q,R:R) -> CON-00-152208-2 | AH10: =IF(AF10="","","ASL2") -> ASL2 | AJ10: =IF(AE10="","","1") -> 1 | AL10: =IF(AE10="","","Chilled") -> Chilled
A11: =IFERROR(__xludf.DUMMYFUNCTION("""COMPUTED_VALUE"""),"W19") -> W19 | B11: =IFERROR(__xludf.DUMMYFUNCTION("""COMPUTED_VALUE"""),603.0) -> 603 | C11: =IFERROR(__xludf.DUMMYFUNCTION("""COMPUTED_VALUE"""),"CON-00-147839-2") -> CON-00-147839-2 | D11: =IFERROR(__xludf.DUMMYFUNCTION("""COMPUTED_VALUE"""),"565309") -> 565309 | E11: =IFERROR(__xludf.DUMMYFUNCTION("""COMPUTED_VALUE"""),"Braiseret oksekød i urtesky") -> Braiseret oksekød i urtesky | F11: =IFERROR(__xludf.DUMMYFUNCTION("""COMPUTED_VALUE"""),0.0) -> 0 | G11: =IFERROR(__xludf.DUMMYFUNCTION("""COMPUTED_VALUE"""),0.0) -> 0 | H11: =IFERROR(__xludf.DUMMYFUNCTION("""COMPUTED_VALUE"""),0.0) -> 0 | I11: =IFERROR(__xludf.DUMMYFUNCTION("""COMPUTED_VALUE"""),2243.0) -> 2243 | J11: =IFERROR(__xludf.DUMMYFUNCTION("""COMPUTED_VALUE"""),2365.0) -> 2365 | L11: =IFERROR(__xludf.DUMMYFUNCTION("""COMPUTED_VALUE"""),2354.0) -> 2354 | M11: =IFERROR(__xludf.DUMMYFUNCTION("""COMPUTED_VALUE"""),2302.0) -> 2302 | O11: =IFERROR(__xludf.DUMMYFUNCTION("""COMPUTED_VALUE"""),2270.0) -> 2270 | Q11: =IF(D11="","",D11&" - "&E11) -> 565309 - Braiseret oksekød i urtesky | R11: =IFERROR(C11,"") -> CON-00-147839-2 | S11: =IFS(O11<>"",O11,AND(O11="",N11="",M11="",L11="",K11="",J11="",I11="",H11="",G11=""),F11,AND(O11="",N11="",M11="",L11="",K11="",J11="",I11="",H11=""),G11,AND(O11="",N11="",M11="",L11="",K11="",J11="",I11=""),H11,AND(O11="",N11="",M11="",L11="",K11="",J11=""), I11,AND(O11="",N11="",M11="",L11="",K11=""),J11,AND(O11="",N11="",M11="",L11=""), K11, AND(O11="",N11="",M11=""), L11,AND(O11="",N11=""), M11, AND(O11=""), N11) -> 2270 | T11: =IFERROR(Q11,"") -> 565309 - Braiseret oksekød i urtesky | U11: =IFERROR(ROUNDUP( XLOOKUP(T11,Q:Q,S:S),0.1),"") -> 2270 | V11: =IF($U11="","","0") -> 0 | W11: =IF($U11="","","0") -> 0 | X11: =IF($U11="","","0") -> 0 | Y11: =IF($U11="","","0") -> 0 | AE11: =IF($B11="","", LEFT($B11,3)&"_1p") -> 603_1p | AF11: =IFERROR(T11,"") -> 565309 - Braiseret oksekød i urtesky | AG11: =XLOOKUP(AF11,Q:Q,R:R) -> CON-00-147839-2 | AH11: =IF(AF11="","","ASL2") -> ASL2 | AJ11: =IF(AE11="","","1") -> 1 | AL11: =IF(AE11="","","Chilled") -> Chilled
A12: =IFERROR(__xludf.DUMMYFUNCTION("""COMPUTED_VALUE"""),"W19") -> W19 | B12: =IFERROR(__xludf.DUMMYFUNCTION("""COMPUTED_VALUE"""),604.0) -> 604 | C12: =IFERROR(__xludf.DUMMYFUNCTION("""COMPUTED_VALUE"""),"CON-00-147871-2") -> CON-00-147871-2 | D12: =IFERROR(__xludf.DUMMYFUNCTION("""COMPUTED_VALUE"""),"565064") -> 565064 | E12: =IFERROR(__xludf.DUMMYFUNCTION("""COMPUTED_VALUE"""),"Laks i senneps-dild sauce") -> Laks i senneps-dild sauce | F12: =IFERROR(__xludf.DUMMYFUNCTION("""COMPUTED_VALUE"""),0.0) -> 0 | G12: =IFERROR(__xludf.DUMMYFUNCTION("""COMPUTED_VALUE"""),0.0) -> 0 | H12: =IFERROR(__xludf.DUMMYFUNCTION("""COMPUTED_VALUE"""),0.0) -> 0 | I12: =IFERROR(__xludf.DUMMYFUNCTION("""COMPUTED_VALUE"""),0.0) -> 0 | J12: =IFERROR(__xludf.DUMMYFUNCTION("""COMPUTED_VALUE"""),0.0) -> 0 | L12: =IFERROR(__xludf.DUMMYFUNCTION("""COMPUTED_VALUE"""),0.0) -> 0 | M12: =IFERROR(__xludf.DUMMYFUNCTION("""COMPUTED_VALUE"""),0.0) -> 0 | O12: =IFERROR(__xludf.DUMMYFUNCTION("""COMPUTED_VALUE"""),0.0) -> 0 | Q12: =IF(D12="","",D12&" - "&E12) -> 565064 - Laks i senneps-dild sauce | R12: =IFERROR(C12,"") -> CON-00-147871-2 | S12: =IFS(O12<>"",O12,AND(O12="",N12="",M12="",L12="",K12="",J12="",I12="",H12="",G12=""),F12,AND(O12="",N12="",M12="",L12="",K12="",J12="",I12="",H12=""),G12,AND(O12="",N12="",M12="",L12="",K12="",J12="",I12=""),H12,AND(O12="",N12="",M12="",L12="",K12="",J12=""), I12,AND(O12="",N12="",M12="",L12="",K12=""),J12,AND(O12="",N12="",M12="",L12=""), K12, AND(O12="",N12="",M12=""), L12,AND(O12="",N12=""), M12, AND(O12=""), N12) -> 0 | T12: =IFERROR(Q12,"") -> 565064 - Laks i senneps-dild sauce | U12: =IFERROR(ROUNDUP( XLOOKUP(T12,Q:Q,S:S),0.1),"") -> 0 | V12: =IF($U12="","","0") -> 0 | W12: =IF($U12="","","0") -> 0 | X12: =IF($U12="","","0") -> 0 | Y12: =IF($U12="","","0") -> 0 | AE12: =IF($B12="","", LEFT($B12,3)&"_1p") -> 604_1p | AF12: =IFERROR(T12,"") -> 565064 - Laks i senneps-dild sauce | AG12: =XLOOKUP(AF12,Q:Q,R:R) -> CON-00-147871-2 | AH12: =IF(AF12="","","ASL2") -> ASL2 | AJ12: =IF(AE12="","","1") -> 1 | AL12: =IF(AE12="","","Chilled") -> Chilled
A13: =IFERROR(__xludf.DUMMYFUNCTION("""COMPUTED_VALUE"""),"W19") -> W19 | B13: =IFERROR(__xludf.DUMMYFUNCTION("""COMPUTED_VALUE"""),605.0) -> 605 | C13: =IFERROR(__xludf.DUMMYFUNCTION("""COMPUTED_VALUE"""),"CON-00-150749-2") -> CON-00-150749-2 | D13: =IFERROR(__xludf.DUMMYFUNCTION("""COMPUTED_VALUE"""),"565178") -> 565178 | E13: =IFERROR(__xludf.DUMMYFUNCTION("""COMPUTED_VALUE"""),"Vestfrikansk-inspireret peanut-kyllingecurry") -> Vestfrikansk-inspireret peanut-kyllingecurry | F13: =IFERROR(__xludf.DUMMYFUNCTION("""COMPUTED_VALUE"""),1704.0) -> 1704 | G13: =IFERROR(__xludf.DUMMYFUNCTION("""COMPUTED_VALUE"""),1680.0) -> 1680 | H13: =IFERROR(__xludf.DUMMYFUNCTION("""COMPUTED_VALUE"""),1834.0) -> 1834 | I13: =IFERROR(__xludf.DUMMYFUNCTION("""COMPUTED_VALUE"""),2287.0) -> 2287 | J13: =IFERROR(__xludf.DUMMYFUNCTION("""COMPUTED_VALUE"""),2347.0) -> 2347 | L13: =IFERROR(__xludf.DUMMYFUNCTION("""COMPUTED_VALUE"""),2382.0) -> 2382 | M13: =IFERROR(__xludf.DUMMYFUNCTION("""COMPUTED_VALUE"""),2328.0) -> 2328 | O13: =IFERROR(__xludf.DUMMYFUNCTION("""COMPUTED_VALUE"""),2236.0) -> 2236 | Q13: =IF(D13="","",D13&" - "&E13) -> 565178 - Vestfrikansk-inspireret peanut-kyllingecurry | R13: =IFERROR(C13,"") -> CON-00-150749-2 | S13: =IFS(O13<>"",O13,AND(O13="",N13="",M13="",L13="",K13="",J13="",I13="",H13="",G13=""),F13,AND(O13="",N13="",M13="",L13="",K13="",J13="",I13="",H13=""),G13,AND(O13="",N13="",M13="",L13="",K13="",J13="",I13=""),H13,AND(O13="",N13="",M13="",L13="",K13="",J13=""), I13,AND(O13="",N13="",M13="",L13="",K13=""),J13,AND(O13="",N13="",M13="",L13=""), K13, AND(O13="",N13="",M13=""), L13,AND(O13="",N13=""), M13, AND(O13=""), N13) -> 2236 | T13: =IFERROR(Q13,"") -> 565178 - Vestfrikansk-inspireret peanut-kyllingecurry | U13: =IFERROR(ROUNDUP( XLOOKUP(T13,Q:Q,S:S),0.1),"") -> 2236 | V13: =IF($U13="","","0") -> 0 | W13: =IF($U13="","","0") -> 0 | X13: =IF($U13="","","0") -> 0 | Y13: =IF($U13="","","0") -> 0 | AE13: =IF($B13="","", LEFT($B13,3)&"_1p") -> 605_1p | AF13: =IFERROR(T13,"") -> 565178 - Vestfrikansk-inspireret peanut-kyllingecurry | AG13: =XLOOKUP(AF13,Q:Q,R:R) -> CON-00-150749-2 | AH13: =IF(AF13="","","ASL2") -> ASL2 | AJ13: =IF(AE13="","","1") -> 1 | AL13: =IF(AE13="","","Chilled") -> Chilled
A14: =IFERROR(__xludf.DUMMYFUNCTION("""COMPUTED_VALUE"""),"W19") -> W19 | B14: =IFERROR(__xludf.DUMMYFUNCTION("""COMPUTED_VALUE"""),606.0) -> 606 | C14: =IFERROR(__xludf.DUMMYFUNCTION("""COMPUTED_VALUE"""),"CON-00-152023-2") -> CON-00-152023-2 | D14: =IFERROR(__xludf.DUMMYFUNCTION("""COMPUTED_VALUE"""),"565189") -> 565189 | E14: =IFERROR(__xludf.DUMMYFUNCTION("""COMPUTED_VALUE"""),"Laks Piccata ") -> Laks Piccata | F14: =IFERROR(__xludf.DUMMYFUNCTION("""COMPUTED_VALUE"""),0.0) -> 0 | G14: =IFERROR(__xludf.DUMMYFUNCTION("""COMPUTED_VALUE"""),0.0) -> 0 | H14: =IFERROR(__xludf.DUMMYFUNCTION("""COMPUTED_VALUE"""),0.0) -> 0 | I14: =IFERROR(__xludf.DUMMYFUNCTION("""COMPUTED_VALUE"""),0.0) -> 0 | J14: =IFERROR(__xludf.DUMMYFUNCTION("""COMPUTED_VALUE"""),0.0) -> 0 | L14: =IFERROR(__xludf.DUMMYFUNCTION("""COMPUTED_VALUE"""),0.0) -> 0 | M14: =IFERROR(__xludf.DUMMYFUNCTION("""COMPUTED_VALUE"""),0.0) -> 0 | O14: =IFERROR(__xludf.DUMMYFUNCTION("""COMPUTED_VALUE"""),0.0) -> 0 | Q14: =IF(D14="","",D14&" - "&E14) -> 565189 - Laks Piccata | R14: =IFERROR(C14,"") -> CON-00-152023-2 | S14: =IFS(O14<>"",O14,AND(O14="",N14="",M14="",L14="",K14="",J14="",I14="",H14="",G14=""),F14,AND(O14="",N14="",M14="",L14="",K14="",J14="",I14="",H14=""),G14,AND(O14="",N14="",M14="",L14="",K14="",J14="",I14=""),H14,AND(O14="",N14="",M14="",L14="",K14="",J14=""), I14,AND(O14="",N14="",M14="",L14="",K14=""),J14,AND(O14="",N14="",M14="",L14=""), K14, AND(O14="",N14="",M14=""), L14,AND(O14="",N14=""), M14, AND(O14=""), N14) -> 0 | T14: =IFERROR(Q14,"") -> 565189 - Laks Piccata | U14: =IFERROR(ROUNDUP( XLOOKUP(T14,Q:Q,S:S),0.1),"") -> 0 | V14: =IF($U14="","","0") -> 0 | W14: =IF($U14="","","0") -> 0 | X14: =IF($U14="","","0") -> 0 | Y14: =IF($U14="","","0") -> 0 | AE14: =IF($B14="","", LEFT($B14,3)&"_1p") -> 606_1p | AF14: =IFERROR(T14,"") -> 565189 - Laks Piccata | AG14: =XLOOKUP(AF14,Q:Q,R:R) -> CON-00-152023-2 | AH14: =IF(AF14="","","ASL2") -> ASL2 | AJ14: =IF(AE14="","","1") -> 1 | AL14: =IF(AE14="","","Chilled") -> Chilled
A15: =IFERROR(__xludf.DUMMYFUNCTION("""COMPUTED_VALUE"""),"W19") -> W19 | B15: =IFERROR(__xludf.DUMMYFUNCTION("""COMPUTED_VALUE"""),607.0) -> 607 | C15: =IFERROR(__xludf.DUMMYFUNCTION("""COMPUTED_VALUE"""),"CON-00-148196-2") -> CON-00-148196-2 | D15: =IFERROR(__xludf.DUMMYFUNCTION("""COMPUTED_VALUE"""),"565164") -> 565164 | E15: =IFERROR(__xludf.DUMMYFUNCTION("""COMPUTED_VALUE"""),"Kylling i Emmental-fondue med karamelliseret løg") -> Kylling i Emmental-fondue med karamelliseret løg | F15: =IFERROR(__xludf.DUMMYFUNCTION("""COMPUTED_VALUE"""),0.0) -> 0 | G15: =IFERROR(__xludf.DUMMYFUNCTION("""COMPUTED_VALUE"""),0.0) -> 0 | H15: =IFERROR(__xludf.DUMMYFUNCTION("""COMPUTED_VALUE"""),0.0) -> 0 | I15: =IFERROR(__xludf.DUMMYFUNCTION("""COMPUTED_VALUE"""),0.0) -> 0 | J15: =IFERROR(__xludf.DUMMYFUNCTION("""COMPUTED_VALUE"""),0.0) -> 0 | L15: =IFERROR(__xludf.DUMMYFUNCTION("""COMPUTED_VALUE"""),0.0) -> 0 | M15: =IFERROR(__xludf.DUMMYFUNCTION("""COMPUTED_VALUE"""),0.0) -> 0 | O15: =IFERROR(__xludf.DUMMYFUNCTION("""COMPUTED_VALUE"""),0.0) -> 0 | Q15: =IF(D15="","",D15&" - "&E15) -> 565164 - Kylling i Emmental-fondue med karamelliseret løg | R15: =IFERROR(C15,"") -> CON-00-148196-2 | S15: =IFS(O15<>"",O15,AND(O15="",N15="",M15="",L15="",K15="",J15="",I15="",H15="",G15=""),F15,AND(O15="",N15="",M15="",L15="",K15="",J15="",I15="",H15=""),G15,AND(O15="",N15="",M15="",L15="",K15="",J15="",I15=""),H15,AND(O15="",N15="",M15="",L15="",K15="",J15=""), I15,AND(O15="",N15="",M15="",L15="",K15=""),J15,AND(O15="",N15="",M15="",L15=""), K15, AND(O15="",N15="",M15=""), L15,AND(O15="",N15=""), M15, AND(O15=""), N15) -> 0 | T15: =IFERROR(Q15,"") -> 565164 - Kylling i Emmental-fondue med karamelliseret løg | U15: =IFERROR(ROUNDUP( XLOOKUP(T15,Q:Q,S:S),0.1),"") -> 0 | V15: =IF($U15="","","0") -> 0 | W15: =IF($U15="","","0") -> 0 | X15: =IF($U15="","","0") -> 0 | Y15: =IF($U15="","","0") -> 0 | AE15: =IF($B15="","", LEFT($B15,3)&"_1p") -> 607_1p | AF15: =IFERROR(T15,"") -> 565164 - Kylling i Emmental-fondue med karamelliseret løg | AG15: =XLOOKUP(AF15,Q:Q,R:R) -> CON-00-148196-2 | AH15: =IF(AF15="","","ASL2") -> ASL2 | AJ15: =IF(AE15="","","1") -> 1 | AL15: =IF(AE15="","","Chilled") -> Chilled
A16: =IFERROR(__xludf.DUMMYFUNCTION("""COMPUTED_VALUE"""),"W19") -> W19 | B16: =IFERROR(__xludf.DUMMYFUNCTION("""COMPUTED_VALUE"""),608.0) -> 608 | C16: =IFERROR(__xludf.DUMMYFUNCTION("""COMPUTED_VALUE"""),"CON-00-147826-2") -> CON-00-147826-2 | D16: =IFERROR(__xludf.DUMMYFUNCTION("""COMPUTED_VALUE"""),"565043") -> 565043 | E16: =IFERROR(__xludf.DUMMYFUNCTION("""COMPUTED_VALUE"""),"Spicy kylling med jalapeño, lime og cheddar") -> Spicy kylling med jalapeño, lime og cheddar | F16: =IFERROR(__xludf.DUMMYFUNCTION("""COMPUTED_VALUE"""),1207.0) -> 1207 | G16: =IFERROR(__xludf.DUMMYFUNCTION("""COMPUTED_VALUE"""),1112.0) -> 1112 | H16: =IFERROR(__xludf.DUMMYFUNCTION("""COMPUTED_VALUE"""),1210.0) -> 1210 | I16: =IFERROR(__xludf.DUMMYFUNCTION("""COMPUTED_VALUE"""),1277.0) -> 1277 | J16: =IFERROR(__xludf.DUMMYFUNCTION("""COMPUTED_VALUE"""),1340.0) -> 1340 | L16: =IFERROR(__xludf.DUMMYFUNCTION("""COMPUTED_VALUE"""),1291.0) -> 1291 | M16: =IFERROR(__xludf.DUMMYFUNCTION("""COMPUTED_VALUE"""),1216.0) -> 1216 | O16: =IFERROR(__xludf.DUMMYFUNCTION("""COMPUTED_VALUE"""),1193.0) -> 1193 | Q16: =IF(D16="","",D16&" - "&E16) -> 565043 - Spicy kylling med jalapeño, lime og cheddar | R16: =IFERROR(C16,"") -> CON-00-147826-2 | S16: =IFS(O16<>"",O16,AND(O16="",N16="",M16="",L16="",K16="",J16="",I16="",H16="",G16=""),F16,AND(O16="",N16="",M16="",L16="",K16="",J16="",I16="",H16=""),G16,AND(O16="",N16="",M16="",L16="",K16="",J16="",I16=""),H16,AND(O16="",N16="",M16="",L16="",K16="",J16=""), I16,AND(O16="",N16="",M16="",L16="",K16=""),J16,AND(O16="",N16="",M16="",L16=""), K16, AND(O16="",N16="",M16=""), L16,AND(O16="",N16=""), M16, AND(O16=""), N16) -> 1193 | T16: =IFERROR(Q16,"") -> 565043 - Spicy kylling med jalapeño, lime og cheddar | U16: =IFERROR(ROUNDUP( XLOOKUP(T16,Q:Q,S:S),0.1),"") -> 1193 | V16: =IF($U16="","","0") -> 0 | W16: =IF($U16="","","0") -> 0 | X16: =IF($U16="","","0") -> 0 | Y16: =IF($U16="","","0") -> 0 | AE16: =IF($B16="","", LEFT($B16,3)&"_1p") -> 608_1p | AF16: =IFERROR(T16,"") -> 565043 - Spicy kylling med jalapeño, lime og cheddar | AG16: =XLOOKUP(AF16,Q:Q,R:R) -> CON-00-147826-2 | AH16: =IF(AF16="","","ASL2") -> ASL2 | AJ16: =IF(AE16="","","1") -> 1 | AL16: =IF(AE16="","","Chilled") -> Chilled
A17: =IFERROR(__xludf.DUMMYFUNCTION("""COMPUTED_VALUE"""),"W19") -> W19 | B17: =IFERROR(__xludf.DUMMYFUNCTION("""COMPUTED_VALUE"""),609.0) -> 609 | C17: =IFERROR(__xludf.DUMMYFUNCTION("""COMPUTED_VALUE"""),"CON-00-147816-2") -> CON-00-147816-2 | D17: =IFERROR(__xludf.DUMMYFUNCTION("""COMPUTED_VALUE"""),"565244") -> 565244 | E17: =IFERROR(__xludf.DUMMYFUNCTION("""COMPUTED_VALUE"""),"Cremet tomatrisotto") -> Cremet tomatrisotto | F17: =IFERROR(__xludf.DUMMYFUNCTION("""COMPUTED_VALUE"""),253.0) -> 253 | G17: =IFERROR(__xludf.DUMMYFUNCTION("""COMPUTED_VALUE"""),247.0) -> 247 | H17: =IFERROR(__xludf.DUMMYFUNCTION("""COMPUTED_VALUE"""),265.0) -> 265 | I17: =IFERROR(__xludf.DUMMYFUNCTION("""COMPUTED_VALUE"""),313.0) -> 313 | J17: =IFERROR(__xludf.DUMMYFUNCTION("""COMPUTED_VALUE"""),302.0) -> 302 | L17: =IFERROR(__xludf.DUMMYFUNCTION("""COMPUTED_VALUE"""),310.0) -> 310 | M17: =IFERROR(__xludf.DUMMYFUNCTION("""COMPUTED_VALUE"""),332.0) -> 332 | O17: =IFERROR(__xludf.DUMMYFUNCTION("""COMPUTED_VALUE"""),316.0) -> 316 | Q17: =IF(D17="","",D17&" - "&E17) -> 565244 - Cremet tomatrisotto | R17: =IFERROR(C17,"") -> CON-00-147816-2 | S17: =IFS(O17<>"",O17,AND(O17="",N17="",M17="",L17="",K17="",J17="",I17="",H17="",G17=""),F17,AND(O17="",N17="",M17="",L17="",K17="",J17="",I17="",H17=""),G17,AND(O17="",N17="",M17="",L17="",K17="",J17="",I17=""),H17,AND(O17="",N17="",M17="",L17="",K17="",J17=""), I17,AND(O17="",N17="",M17="",L17="",K17=""),J17,AND(O17="",N17="",M17="",L17=""), K17, AND(O17="",N17="",M17=""), L17,AND(O17="",N17=""), M17, AND(O17=""), N17) -> 316 | T17: =IFERROR(Q17,"") -> 565244 - Cremet tomatrisotto | U17: =IFERROR(ROUNDUP( XLOOKUP(T17,Q:Q,S:S),0.1),"") -> 316 | V17: =IF($U17="","","0") -> 0 | W17: =IF($U17="","","0") -> 0 | X17: =IF($U17="","","0") -> 0 | Y17: =IF($U17="","","0") -> 0 | AE17: =IF($B17="","", LEFT($B17,3)&"_1p") -> 609_1p | AF17: =IFERROR(T17,"") -> 565244 - Cremet tomatrisotto | AG17: =XLOOKUP(AF17,Q:Q,R:R) -> CON-00-147816-2 | AH17: =IF(AF17="","","ASL2") -> ASL2 | AJ17: =IF(AE17="","","1") -> 1 | AL17: =IF(AE17="","","Chilled") -> Chilled
A18: =IFERROR(__xludf.DUMMYFUNCTION("""COMPUTED_VALUE"""),"W19") -> W19 | B18: =IFERROR(__xludf.DUMMYFUNCTION("""COMPUTED_VALUE"""),610.0) -> 610 | C18: =IFERROR(__xludf.DUMMYFUNCTION("""COMPUTED_VALUE"""),"CON-00-147817-2") -> CON-00-147817-2 | D18: =IFERROR(__xludf.DUMMYFUNCTION("""COMPUTED_VALUE"""),"565141") -> 565141 | E18: =IFERROR(__xludf.DUMMYFUNCTION("""COMPUTED_VALUE"""),"Squash- og peberfrugtsratatouille") -> Squash- og peberfrugtsratatouille | F18: =IFERROR(__xludf.DUMMYFUNCTION("""COMPUTED_VALUE"""),283.0) -> 283 | G18: =IFERROR(__xludf.DUMMYFUNCTION("""COMPUTED_VALUE"""),269.0) -> 269 | H18: =IFERROR(__xludf.DUMMYFUNCTION("""COMPUTED_VALUE"""),288.0) -> 288 | I18: =IFERROR(__xludf.DUMMYFUNCTION("""COMPUTED_VALUE"""),277.0) -> 277 | J18: =IFERROR(__xludf.DUMMYFUNCTION("""COMPUTED_VALUE"""),260.0) -> 260 | L18: =IFERROR(__xludf.DUMMYFUNCTION("""COMPUTED_VALUE"""),260.0) -> 260 | M18: =IFERROR(__xludf.DUMMYFUNCTION("""COMPUTED_VALUE"""),257.0) -> 257 | O18: =IFERROR(__xludf.DUMMYFUNCTION("""COMPUTED_VALUE"""),207.0) -> 207 | Q18: =IF(D18="","",D18&" - "&E18) -> 565141 - Squash- og peberfrugtsratatouille | R18: =IFERROR(C18,"") -> CON-00-147817-2 | S18: =IFS(O18<>"",O18,AND(O18="",N18="",M18="",L18="",K18="",J18="",I18="",H18="",G18=""),F18,AND(O18="",N18="",M18="",L18="",K18="",J18="",I18="",H18=""),G18,AND(O18="",N18="",M18="",L18="",K18="",J18="",I18=""),H18,AND(O18="",N18="",M18="",L18="",K18="",J18=""), I18,AND(O18="",N18="",M18="",L18="",K18=""),J18,AND(O18="",N18="",M18="",L18=""), K18, AND(O18="",N18="",M18=""), L18,AND(O18="",N18=""), M18, AND(O18=""), N18) -> 207 | T18: =IFERROR(Q18,"") -> 565141 - Squash- og peberfrugtsratatouille | U18: =IFERROR(ROUNDUP( XLOOKUP(T18,Q:Q,S:S),0.1),"") -> 207 | V18: =IF($U18="","","0") -> 0 | W18: =IF($U18="","","0") -> 0 | X18: =IF($U18="","","0") -> 0 | Y18: =IF($U18="","","0") -> 0 | AE18: =IF($B18="","", LEFT($B18,3)&"_1p") -> 610_1p | AF18: =IFERROR(T18,"") -> 565141 - Squash- og peberfrugtsratatouille | AG18: =XLOOKUP(AF18,Q:Q,R:R) -> CON-00-147817-2 | AH18: =IF(AF18="","","ASL2") -> ASL2 | AJ18: =IF(AE18="","","1") -> 1 | AL18: =IF(AE18="","","Chilled") -> Chilled
A19: =IFERROR(__xludf.DUMMYFUNCTION("""COMPUTED_VALUE"""),"W19") -> W19 | B19: =IFERROR(__xludf.DUMMYFUNCTION("""COMPUTED_VALUE"""),611.0) -> 611 | C19: =IFERROR(__xludf.DUMMYFUNCTION("""COMPUTED_VALUE"""),"CON-00-147824-2") -> CON-00-147824-2 | D19: =IFERROR(__xludf.DUMMYFUNCTION("""COMPUTED_VALUE"""),"565143") -> 565143 | E19: =IFERROR(__xludf.DUMMYFUNCTION("""COMPUTED_VALUE"""),"Svinemørbrad i cremet hvidløgs- og sennepssauce") -> Svinemørbrad i cremet hvidløgs- og sennepssauce | F19: =IFERROR(__xludf.DUMMYFUNCTION("""COMPUTED_VALUE"""),509.0) -> 509 | G19: =IFERROR(__xludf.DUMMYFUNCTION("""COMPUTED_VALUE"""),438.0) -> 438 | H19: =IFERROR(__xludf.DUMMYFUNCTION("""COMPUTED_VALUE"""),476.0) -> 476 | I19: =IFERROR(__xludf.DUMMYFUNCTION("""COMPUTED_VALUE"""),624.0) -> 624 | J19: =IFERROR(__xludf.DUMMYFUNCTION("""COMPUTED_VALUE"""),631.0) -> 631 | L19: =IFERROR(__xludf.DUMMYFUNCTION("""COMPUTED_VALUE"""),709.0) -> 709 | M19: =IFERROR(__xludf.DUMMYFUNCTION("""COMPUTED_VALUE"""),719.0) -> 719 | O19: =IFERROR(__xludf.DUMMYFUNCTION("""COMPUTED_VALUE"""),650.0) -> 650 | Q19: =IF(D19="","",D19&" - "&E19) -> 565143 - Svinemørbrad i cremet hvidløgs- og sennepssauce | R19: =IFERROR(C19,"") -> CON-00-147824-2 | S19: =IFS(O19<>"",O19,AND(O19="",N19="",M19="",L19="",K19="",J19="",I19="",H19="",G19=""),F19,AND(O19="",N19="",M19="",L19="",K19="",J19="",I19="",H19=""),G19,AND(O19="",N19="",M19="",L19="",K19="",J19="",I19=""),H19,AND(O19="",N19="",M19="",L19="",K19="",J19=""), I19,AND(O19="",N19="",M19="",L19="",K19=""),J19,AND(O19="",N19="",M19="",L19=""), K19, AND(O19="",N19="",M19=""), L19,AND(O19="",N19=""), M19, AND(O19=""), N19) -> 650 | T19: =IFERROR(Q19,"") -> 565143 - Svinemørbrad i cremet hvidløgs- og sennepssauce | U19: =IFERROR(ROUNDUP( XLOOKUP(T19,Q:Q,S:S),0.1),"") -> 650 | V19: =IF($U19="","","0") -> 0 | W19: =IF($U19="","","0") -> 0 | X19: =IF($U19="","","0") -> 0 | Y19: =IF($U19="","","0") -> 0 | AE19: =IF($B19="","", LEFT($B19,3)&"_1p") -> 611_1p | AF19: =IFERROR(T19,"") -> 565143 - Svinemørbrad i cremet hvidløgs- og sennepssauce | AG19: =XLOOKUP(AF19,Q:Q,R:R) -> CON-00-147824-2 | AH19: =IF(AF19="","","ASL2") -> ASL2 | AJ19: =IF(AE19="","","1") -> 1 | AL19: =IF(AE19="","","Chilled") -> Chilled
A20: =IFERROR(__xludf.DUMMYFUNCTION("""COMPUTED_VALUE"""),"W19") -> W19 | B20: =IFERROR(__xludf.DUMMYFUNCTION("""COMPUTED_VALUE"""),612.0) -> 612 | C20: =IFERROR(__xludf.DUMMYFUNCTION("""COMPUTED_VALUE"""),"CON-00-151279-2") -> CON-00-151279-2 | D20: =IFERROR(__xludf.DUMMYFUNCTION("""COMPUTED_VALUE"""),"565196") -> 565196 | E20: =IFERROR(__xludf.DUMMYFUNCTION("""COMPUTED_VALUE"""),"Laks med aji verde") -> Laks med aji verde | F20: =IFERROR(__xludf.DUMMYFUNCTION("""COMPUTED_VALUE"""),0.0) -> 0 | G20: =IFERROR(__xludf.DUMMYFUNCTION("""COMPUTED_VALUE"""),1551.0) -> 1551 | H20: =IFERROR(__xludf.DUMMYFUNCTION("""COMPUTED_VALUE"""),1678.0) -> 1678 | I20: =IFERROR(__xludf.DUMMYFUNCTION("""COMPUTED_VALUE"""),1334.0) -> 1334 | J20: =IFERROR(__xludf.DUMMYFUNCTION("""COMPUTED_VALUE"""),1363.0) -> 1363 | L20: =IFERROR(__xludf.DUMMYFUNCTION("""COMPUTED_VALUE"""),1383.0) -> 1383 | M20: =IFERROR(__xludf.DUMMYFUNCTION("""COMPUTED_VALUE"""),1396.0) -> 1396 | O20: =IFERROR(__xludf.DUMMYFUNCTION("""COMPUTED_VALUE"""),1316.0) -> 1316 | Q20: =IF(D20="","",D20&" - "&E20) -> 565196 - Laks med aji verde | R20: =IFERROR(C20,"") -> CON-00-151279-2 | S20: =IFS(O20<>"",O20,AND(O20="",N20="",M20="",L20="",K20="",J20="",I20="",H20="",G20=""),F20,AND(O20="",N20="",M20="",L20="",K20="",J20="",I20="",H20=""),G20,AND(O20="",N20="",M20="",L20="",K20="",J20="",I20=""),H20,AND(O20="",N20="",M20="",L20="",K20="",J20=""), I20,AND(O20="",N20="",M20="",L20="",K20=""),J20,AND(O20="",N20="",M20="",L20=""), K20, AND(O20="",N20="",M20=""), L20,AND(O20="",N20=""), M20, AND(O20=""), N20) -> 1316 | T20: =IFERROR(Q20,"") -> 565196 - Laks med aji verde | U20: =IFERROR(ROUNDUP( XLOOKUP(T20,Q:Q,S:S),0.1),"") -> 1316 | V20: =IF($U20="","","0") -> 0 | W20: =IF($U20="","","0") -> 0 | X20: =IF($U20="","","0") -> 0 | Y20: =IF($U20="","","0") -> 0 | AE20: =IF($B20="","", LEFT($B20,3)&"_1p") -> 612_1p | AF20: =IFERROR(T20,"") -> 565196 - Laks med aji verde | AG20: =XLOOKUP(AF20,Q:Q,R:R) -> CON-00-151279-2 | AH20: =IF(AF20="","","ASL2") -> ASL2 | AJ20: =IF(AE20="","","1") -> 1 | AL20: =IF(AE20="","","Chilled") -> Chilled
A21: =IFERROR(__xludf.DUMMYFUNCTION("""COMPUTED_VALUE"""),"W19") -> W19 | B21: =IFERROR(__xludf.DUMMYFUNCTION("""COMPUTED_VALUE"""),613.0) -> 613 | C21: =IFERROR(__xludf.DUMMYFUNCTION("""COMPUTED_VALUE"""),"CON-00-147901-2") -> CON-00-147901-2 | D21: =IFERROR(__xludf.DUMMYFUNCTION("""COMPUTED_VALUE"""),"565130") -> 565130 | E21: =IFERROR(__xludf.DUMMYFUNCTION("""COMPUTED_VALUE"""),"Chilikryddet pulled pork") -> Chilikryddet pulled pork | H21: =IFERROR(__xludf.DUMMYFUNCTION("""COMPUTED_VALUE"""),2056.0) -> 2056 | I21: =IFERROR(__xludf.DUMMYFUNCTION("""COMPUTED_VALUE"""),1910.0) -> 1910 | J21: =IFERROR(__xludf.DUMMYFUNCTION("""COMPUTED_VALUE"""),1960.0) -> 1960 | L21: =IFERROR(__xludf.DUMMYFUNCTION("""COMPUTED_VALUE"""),1996.0) -> 1996 | M21: =IFERROR(__xludf.DUMMYFUNCTION("""COMPUTED_VALUE"""),1935.0) -> 1935 | O21: =IFERROR(__xludf.DUMMYFUNCTION("""COMPUTED_VALUE"""),1852.0) -> 1852 | Q21: =IF(D21="","",D21&" - "&E21) -> 565130 - Chilikryddet pulled pork | R21: =IFERROR(C21,"") -> CON-00-147901-2 | S21: =IFS(O21<>"",O21,AND(O21="",N21="",M21="",L21="",K21="",J21="",I21="",H21="",G21=""),F21,AND(O21="",N21="",M21="",L21="",K21="",J21="",I21="",H21=""),G21,AND(O21="",N21="",M21="",L21="",K21="",J21="",I21=""),H21,AND(O21="",N21="",M21="",L21="",K21="",J21=""), I21,AND(O21="",N21="",M21="",L21="",K21=""),J21,AND(O21="",N21="",M21="",L21=""), K21, AND(O21="",N21="",M21=""), L21,AND(O21="",N21=""), M21, AND(O21=""), N21) -> 1852 | T21: =IFERROR(Q21,"") -> 565130 - Chilikryddet pulled pork | U21: =IFERROR(ROUNDUP( XLOOKUP(T21,Q:Q,S:S),0.1),"") -> 1852 | V21: =IF($U21="","","0") -> 0 | W21: =IF($U21="","","0") -> 0 | X21: =IF($U21="","","0") -> 0 | Y21: =IF($U21="","","0") -> 0 | AE21: =IF($B21="","", LEFT($B21,3)&"_1p") -> 613_1p | AF21: =IFERROR(T21,"") -> 565130 - Chilikryddet pulled pork | AG21: =XLOOKUP(AF21,Q:Q,R:R) -> CON-00-147901-2 | AH21: =IF(AF21="","","ASL2") -> ASL2 | AJ21: =IF(AE21="","","1") -> 1 | AL21: =IF(AE21="","","Chilled") -> Chilled
A22: =IFERROR(__xludf.DUMMYFUNCTION("""COMPUTED_VALUE"""),"W19") -> W19 | B22: =IFERROR(__xludf.DUMMYFUNCTION("""COMPUTED_VALUE"""),614.0) -> 614 | C22: =IFERROR(__xludf.DUMMYFUNCTION("""COMPUTED_VALUE"""),"CON-00-152026-2") -> CON-00-152026-2 | D22: =IFERROR(__xludf.DUMMYFUNCTION("""COMPUTED_VALUE"""),"565211") -> 565211 | E22: =IFERROR(__xludf.DUMMYFUNCTION("""COMPUTED_VALUE"""),"Grillet kylling med ingefær og hvidløg") -> Grillet kylling med ingefær og hvidløg | H22: =IFERROR(__xludf.DUMMYFUNCTION("""COMPUTED_VALUE"""),685.0) -> 685 | I22: =IFERROR(__xludf.DUMMYFUNCTION("""COMPUTED_VALUE"""),645.0) -> 645 | J22: =IFERROR(__xludf.DUMMYFUNCTION("""COMPUTED_VALUE"""),668.0) -> 668 | L22: =IFERROR(__xludf.DUMMYFUNCTION("""COMPUTED_VALUE"""),718.0) -> 718 | M22: =IFERROR(__xludf.DUMMYFUNCTION("""COMPUTED_VALUE"""),691.0) -> 691 | O22: =IFERROR(__xludf.DUMMYFUNCTION("""COMPUTED_VALUE"""),649.0) -> 649 | Q22: =IF(D22="","",D22&" - "&E22) -> 565211 - Grillet kylling med ingefær og hvidløg | R22: =IFERROR(C22,"") -> CON-00-152026-2 | S22: =IFS(O22<>"",O22,AND(O22="",N22="",M22="",L22="",K22="",J22="",I22="",H22="",G22=""),F22,AND(O22="",N22="",M22="",L22="",K22="",J22="",I22="",H22=""),G22,AND(O22="",N22="",M22="",L22="",K22="",J22="",I22=""),H22,AND(O22="",N22="",M22="",L22="",K22="",J22=""), I22,AND(O22="",N22="",M22="",L22="",K22=""),J22,AND(O22="",N22="",M22="",L22=""), K22, AND(O22="",N22="",M22=""), L22,AND(O22="",N22=""), M22, AND(O22=""), N22) -> 649 | T22: =IFERROR(Q22,"") -> 565211 - Grillet kylling med ingefær og hvidløg | U22: =IFERROR(ROUNDUP( XLOOKUP(T22,Q:Q,S:S),0.1),"") -> 649 | V22: =IF($U22="","","0") -> 0 | W22: =IF($U22="","","0") -> 0 | X22: =IF($U22="","","0") -> 0 | Y22: =IF($U22="","","0") -> 0 | AE22: =IF($B22="","", LEFT($B22,3)&"_1p") -> 614_1p | AF22: =IFERROR(T22,"") -> 565211 - Grillet kylling med ingefær og hvidløg | AG22: =XLOOKUP(AF22,Q:Q,R:R) -> CON-00-152026-2 | AH22: =IF(AF22="","","ASL2") -> ASL2 | AJ22: =IF(AE22="","","1") -> 1 | AL22: =IF(AE22="","","Chilled") -> Chilled
A23: =IFERROR(__xludf.DUMMYFUNCTION("""COMPUTED_VALUE"""),"W19") -> W19 | B23: =IFERROR(__xludf.DUMMYFUNCTION("""COMPUTED_VALUE"""),615.0) -> 615 | C23: =IFERROR(__xludf.DUMMYFUNCTION("""COMPUTED_VALUE"""),"CON-00-147857-2") -> CON-00-147857-2 | D23: =IFERROR(__xludf.DUMMYFUNCTION("""COMPUTED_VALUE"""),"565091") -> 565091 | E23: =IFERROR(__xludf.DUMMYFUNCTION("""COMPUTED_VALUE"""),"Krydret hakket oksekød med jalapenos") -> Krydret hakket oksekød med jalapenos | F23: =IFERROR(__xludf.DUMMYFUNCTION("""COMPUTED_VALUE"""),739.0) -> 739 | G23: =IFERROR(__xludf.DUMMYFUNCTION("""COMPUTED_VALUE"""),745.0) -> 745 | H23: =IFERROR(__xludf.DUMMYFUNCTION("""COMPUTED_VALUE"""),809.0) -> 809 | I23: =IFERROR(__xludf.DUMMYFUNCTION("""COMPUTED_VALUE"""),690.0) -> 690 | J23: =IFERROR(__xludf.DUMMYFUNCTION("""COMPUTED_VALUE"""),685.0) -> 685 | L23: =IFERROR(__xludf.DUMMYFUNCTION("""COMPUTED_VALUE"""),685.0) -> 685 | M23: =IFERROR(__xludf.DUMMYFUNCTION("""COMPUTED_VALUE"""),666.0) -> 666 | O23: =IFERROR(__xludf.DUMMYFUNCTION("""COMPUTED_VALUE"""),595.0) -> 595 | Q23: =IF(D23="","",D23&" - "&E23) -> 565091 - Krydret hakket oksekød med jalapenos | R23: =IFERROR(C23,"") -> CON-00-147857-2 | S23: =IFS(O23<>"",O23,AND(O23="",N23="",M23="",L23="",K23="",J23="",I23="",H23="",G23=""),F23,AND(O23="",N23="",M23="",L23="",K23="",J23="",I23="",H23=""),G23,AND(O23="",N23="",M23="",L23="",K23="",J23="",I23=""),H23,AND(O23="",N23="",M23="",L23="",K23="",J23=""), I23,AND(O23="",N23="",M23="",L23="",K23=""),J23,AND(O23="",N23="",M23="",L23=""), K23, AND(O23="",N23="",M23=""), L23,AND(O23="",N23=""), M23, AND(O23=""), N23) -> 595 | T23: =IFERROR(Q23,"") -> 565091 - Krydret hakket oksekød med jalapenos | U23: =IFERROR(ROUNDUP( XLOOKUP(T23,Q:Q,S:S),0.1),"") -> 595 | V23: =IF($U23="","","0") -> 0 | W23: =IF($U23="","","0") -> 0 | X23: =IF($U23="","","0") -> 0 | Y23: =IF($U23="","","0") -> 0 | AE23: =IF($B23="","", LEFT($B23,3)&"_1p") -> 615_1p | AF23: =IFERROR(T23,"") -> 565091 - Krydret hakket oksekød med jalapenos | AG23: =XLOOKUP(AF23,Q:Q,R:R) -> CON-00-147857-2 | AH23: =IF(AF23="","","ASL2") -> ASL2 | AJ23: =IF(AE23="","","1") -> 1 | AL23: =IF(AE23="","","Chilled") -> Chilled
A24: =IFERROR(__xludf.DUMMYFUNCTION("""COMPUTED_VALUE"""),"W19") -> W19 | B24: =IFERROR(__xludf.DUMMYFUNCTION("""COMPUTED_VALUE"""),616.0) -> 616 | C24: =IFERROR(__xludf.DUMMYFUNCTION("""COMPUTED_VALUE"""),"CON-00-154556-2") -> CON-00-154556-2 | D24: =IFERROR(__xludf.DUMMYFUNCTION("""COMPUTED_VALUE"""),"565221") -> 565221 | E24: =IFERROR(__xludf.DUMMYFUNCTION("""COMPUTED_VALUE"""),"Laksebowl med citrus-miso") -> Laksebowl med citrus-miso | H24: =IFERROR(__xludf.DUMMYFUNCTION("""COMPUTED_VALUE"""),578.0) -> 578 | I24: =IFERROR(__xludf.DUMMYFUNCTION("""COMPUTED_VALUE"""),575.0) -> 575 | J24: =IFERROR(__xludf.DUMMYFUNCTION("""COMPUTED_VALUE"""),577.0) -> 577 | L24: =IFERROR(__xludf.DUMMYFUNCTION("""COMPUTED_VALUE"""),625.0) -> 625 | M24: =IFERROR(__xludf.DUMMYFUNCTION("""COMPUTED_VALUE"""),656.0) -> 656 | O24: =IFERROR(__xludf.DUMMYFUNCTION("""COMPUTED_VALUE"""),603.0) -> 603 | Q24: =IF(D24="","",D24&" - "&E24) -> 565221 - Laksebowl med citrus-miso | R24: =IFERROR(C24,"") -> CON-00-154556-2 | S24: =IFS(O24<>"",O24,AND(O24="",N24="",M24="",L24="",K24="",J24="",I24="",H24="",G24=""),F24,AND(O24="",N24="",M24="",L24="",K24="",J24="",I24="",H24=""),G24,AND(O24="",N24="",M24="",L24="",K24="",J24="",I24=""),H24,AND(O24="",N24="",M24="",L24="",K24="",J24=""), I24,AND(O24="",N24="",M24="",L24="",K24=""),J24,AND(O24="",N24="",M24="",L24=""), K24, AND(O24="",N24="",M24=""), L24,AND(O24="",N24=""), M24, AND(O24=""), N24) -> 603 | T24: =IFERROR(Q24,"") -> 565221 - Laksebowl med citrus-miso | U24: =IFERROR(ROUNDUP( XLOOKUP(T24,Q:Q,S:S),0.1),"") -> 603 | V24: =IF($U24="","","0") -> 0 | W24: =IF($U24="","","0") -> 0 | X24: =IF($U24="","","0") -> 0 | Y24: =IF($U24="","","0") -> 0 | AE24: =IF($B24="","", LEFT($B24,3)&"_1p") -> 616_1p | AF24: =IFERROR(T24,"") -> 565221 - Laksebowl med citrus-miso | AG24: =XLOOKUP(AF24,Q:Q,R:R) -> CON-00-154556-2 | AH24: =IF(AF24="","","ASL2") -> ASL2 | AJ24: =IF(AE24="","","1") -> 1 | AL24: =IF(AE24="","","Chilled") -> Chilled
A25: =IFERROR(__xludf.DUMMYFUNCTION("""COMPUTED_VALUE"""),"W19") -> W19 | B25: =IFERROR(__xludf.DUMMYFUNCTION("""COMPUTED_VALUE"""),617.0) -> 617 | C25: =IFERROR(__xludf.DUMMYFUNCTION("""COMPUTED_VALUE"""),"CON-00-155188-2") -> CON-00-155188-2 | D25: =IFERROR(__xludf.DUMMYFUNCTION("""COMPUTED_VALUE"""),"565252") -> 565252 | E25: =IFERROR(__xludf.DUMMYFUNCTION("""COMPUTED_VALUE"""),"Pasta med oksekødsragù og soltørrede tomater") -> Pasta med oksekødsragù og soltørrede tomater | F25: =IFERROR(__xludf.DUMMYFUNCTION("""COMPUTED_VALUE"""),943.0) -> 943 | G25: =IFERROR(__xludf.DUMMYFUNCTION("""COMPUTED_VALUE"""),931.0) -> 931 | H25: =IFERROR(__xludf.DUMMYFUNCTION("""COMPUTED_VALUE"""),1011.0) -> 1011 | I25: =IFERROR(__xludf.DUMMYFUNCTION("""COMPUTED_VALUE"""),1841.0) -> 1841 | J25: =IFERROR(__xludf.DUMMYFUNCTION("""COMPUTED_VALUE"""),1828.0) -> 1828 | L25: =IFERROR(__xludf.DUMMYFUNCTION("""COMPUTED_VALUE"""),1844.0) -> 1844 | M25: =IFERROR(__xludf.DUMMYFUNCTION("""COMPUTED_VALUE"""),1738.0) -> 1738 | O25: =IFERROR(__xludf.DUMMYFUNCTION("""COMPUTED_VALUE"""),1692.0) -> 1692 | Q25: =IF(D25="","",D25&" - "&E25) -> 565252 - Pasta med oksekødsragù og soltørrede tomater | R25: =IFERROR(C25,"") -> CON-00-155188-2 | S25: =IFS(O25<>"",O25,AND(O25="",N25="",M25="",L25="",K25="",J25="",I25="",H25="",G25=""),F25,AND(O25="",N25="",M25="",L25="",K25="",J25="",I25="",H25=""),G25,AND(O25="",N25="",M25="",L25="",K25="",J25="",I25=""),H25,AND(O25="",N25="",M25="",L25="",K25="",J25=""), I25,AND(O25="",N25="",M25="",L25="",K25=""),J25,AND(O25="",N25="",M25="",L25=""), K25, AND(O25="",N25="",M25=""), L25,AND(O25="",N25=""), M25, AND(O25=""), N25) -> 1692 | T25: =IFERROR(Q25,"") -> 565252 - Pasta med oksekødsragù og soltørrede tomater | U25: =IFERROR(ROUNDUP( XLOOKUP(T25,Q:Q,S:S),0.1),"") -> 1692 | V25: =IF($U25="","","0") -> 0 | W25: =IF($U25="","","0") -> 0 | X25: =IF($U25="","","0") -> 0 | Y25: =IF($U25="","","0") -> 0 | AE25: =IF($B25="","", LEFT($B25,3)&"_1p") -> 617_1p | AF25: =IFERROR(T25,"") -> 565252 - Pasta med oksekødsragù og soltørrede tomater | AG25: =XLOOKUP(AF25,Q:Q,R:R) -> CON-00-155188-2 | AH25: =IF(AF25="","","ASL2") -> ASL2 | AJ25: =IF(AE25="","","1") -> 1 | AL25: =IF(AE25="","","Chilled") -> Chilled
A26: =IFERROR(__xludf.DUMMYFUNCTION("""COMPUTED_VALUE"""),"W19") -> W19 | B26: =IFERROR(__xludf.DUMMYFUNCTION("""COMPUTED_VALUE"""),618.0) -> 618 | C26: =IFERROR(__xludf.DUMMYFUNCTION("""COMPUTED_VALUE"""),"CON-00-147864-2") -> CON-00-147864-2 | D26: =IFERROR(__xludf.DUMMYFUNCTION("""COMPUTED_VALUE"""),"565095") -> 565095 | E26: =IFERROR(__xludf.DUMMYFUNCTION("""COMPUTED_VALUE"""),"Svinemørbrad i ancho- og chilisauce") -> Svinemørbrad i ancho- og chilisauce | F26: =IFERROR(__xludf.DUMMYFUNCTION("""COMPUTED_VALUE"""),638.0) -> 638 | G26: =IFERROR(__xludf.DUMMYFUNCTION("""COMPUTED_VALUE"""),607.0) -> 607 | H26: =IFERROR(__xludf.DUMMYFUNCTION("""COMPUTED_VALUE"""),659.0) -> 659 | I26: =IFERROR(__xludf.DUMMYFUNCTION("""COMPUTED_VALUE"""),648.0) -> 648 | J26: =IFERROR(__xludf.DUMMYFUNCTION("""COMPUTED_VALUE"""),660.0) -> 660 | L26: =IFERROR(__xludf.DUMMYFUNCTION("""COMPUTED_VALUE"""),667.0) -> 667 | M26: =IFERROR(__xludf.DUMMYFUNCTION("""COMPUTED_VALUE"""),675.0) -> 675 | O26: =IFERROR(__xludf.DUMMYFUNCTION("""COMPUTED_VALUE"""),631.0) -> 631 | Q26: =IF(D26="","",D26&" - "&E26) -> 565095 - Svinemørbrad i ancho- og chilisauce | R26: =IFERROR(C26,"") -> CON-00-147864-2 | S26: =IFS(O26<>"",O26,AND(O26="",N26="",M26="",L26="",K26="",J26="",I26="",H26="",G26=""),F26,AND(O26="",N26="",M26="",L26="",K26="",J26="",I26="",H26=""),G26,AND(O26="",N26="",M26="",L26="",K26="",J26="",I26=""),H26,AND(O26="",N26="",M26="",L26="",K26="",J26=""), I26,AND(O26="",N26="",M26="",L26="",K26=""),J26,AND(O26="",N26="",M26="",L26=""), K26, AND(O26="",N26="",M26=""), L26,AND(O26="",N26=""), M26, AND(O26=""), N26) -> 631 | T26: =IFERROR(Q26,"") -> 565095 - Svinemørbrad i ancho- og chilisauce | U26: =IFERROR(ROUNDUP( XLOOKUP(T26,Q:Q,S:S),0.1),"") -> 631 | V26: =IF($U26="","","0") -> 0 | W26: =IF($U26="","","0") -> 0 | X26: =IF($U26="","","0") -> 0 | Y26: =IF($U26="","","0") -> 0 | AE26: =IF($B26="","", LEFT($B26,3)&"_1p") -> 618_1p | AF26: =IFERROR(T26,"") -> 565095 - Svinemørbrad i ancho- og chilisauce | AG26: =XLOOKUP(AF26,Q:Q,R:R) -> CON-00-147864-2 | AH26: =IF(AF26="","","ASL2") -> ASL2 | AJ26: =IF(AE26="","","1") -> 1 | AL26: =IF(AE26="","","Chilled") -> Chilled
A27: =IFERROR(__xludf.DUMMYFUNCTION("""COMPUTED_VALUE"""),"W19") -> W19 | B27: =IFERROR(__xludf.DUMMYFUNCTION("""COMPUTED_VALUE"""),706.0) -> 706 | C27: =IFERROR(__xludf.DUMMYFUNCTION("""COMPUTED_VALUE"""),"PTN-00-148223-2") -> PTN-00-148223-2 | D27: =IFERROR(__xludf.DUMMYFUNCTION("""COMPUTED_VALUE"""),"565119") -> 565119 | E27: =IFERROR(__xludf.DUMMYFUNCTION("""COMPUTED_VALUE"""),"Grillet kylling med hvidlød og urter") -> Grillet kylling med hvidlød og urter | F27: =IFERROR(__xludf.DUMMYFUNCTION("""COMPUTED_VALUE"""),36.0) -> 36 | G27: =IFERROR(__xludf.DUMMYFUNCTION("""COMPUTED_VALUE"""),36.0) -> 36 | H27: =IFERROR(__xludf.DUMMYFUNCTION("""COMPUTED_VALUE"""),36.0) -> 36 | I27: =IFERROR(__xludf.DUMMYFUNCTION("""COMPUTED_VALUE"""),36.0) -> 36 | J27: =IFERROR(__xludf.DUMMYFUNCTION("""COMPUTED_VALUE"""),36.0) -> 36 | L27: =IFERROR(__xludf.DUMMYFUNCTION("""COMPUTED_VALUE"""),36.0) -> 36 | M27: =IFERROR(__xludf.DUMMYFUNCTION("""COMPUTED_VALUE"""),36.0) -> 36 | O27: =IFERROR(__xludf.DUMMYFUNCTION("""COMPUTED_VALUE"""),51.0) -> 51 | Q27: =IF(D27="","",D27&" - "&E27) -> 565119 - Grillet kylling med hvidlød og urter | R27: =IFERROR(C27,"") -> PTN-00-148223-2 | S27: =IFS(O27<>"",O27,AND(O27="",N27="",M27="",L27="",K27="",J27="",I27="",H27="",G27=""),F27,AND(O27="",N27="",M27="",L27="",K27="",J27="",I27="",H27=""),G27,AND(O27="",N27="",M27="",L27="",K27="",J27="",I27=""),H27,AND(O27="",N27="",M27="",L27="",K27="",J27=""), I27,AND(O27="",N27="",M27="",L27="",K27=""),J27,AND(O27="",N27="",M27="",L27=""), K27, AND(O27="",N27="",M27=""), L27,AND(O27="",N27=""), M27, AND(O27=""), N27) -> 51 | T27: =IFERROR(Q27,"") -> 565119 - Grillet kylling med hvidlød og urter | U27: =IFERROR(ROUNDUP( XLOOKUP(T27,Q:Q,S:S),0.1),"") -> 51 | V27: =IF($U27="","","0") -> 0 | W27: =IF($U27="","","0") -> 0 | X27: =IF($U27="","","0") -> 0 | Y27: =IF($U27="","","0") -> 0 | AB27: F89 | AE27: =IF($B27="","", LEFT($B27,3)&"_1p") -> 706_1p | AF27: =IFERROR(T27,"") -> 565119 - Grillet kylling med hvidlød og urter | AG27: =XLOOKUP(AF27,Q:Q,R:R) -> PTN-00-148223-2 | AH27: =IF(AF27="","","ASL2") -> ASL2 | AJ27: =IF(AE27="","","1") -> 1 | AL27: =IF(AE27="","","Chilled") -> Chilled
A28: =IFERROR(__xludf.DUMMYFUNCTION("""COMPUTED_VALUE"""),"W19") -> W19 | D28: =IFERROR(__xludf.DUMMYFUNCTION("""COMPUTED_VALUE"""),"") | F28: =IFERROR(__xludf.DUMMYFUNCTION("""COMPUTED_VALUE"""),12156.0) -> 12156 | G28: =IFERROR(__xludf.DUMMYFUNCTION("""COMPUTED_VALUE"""),13347.0) -> 13347 | H28: =IFERROR(__xludf.DUMMYFUNCTION("""COMPUTED_VALUE"""),17802.0) -> 17802 | I28: =IFERROR(__xludf.DUMMYFUNCTION("""COMPUTED_VALUE"""),20899.0) -> 20899 | J28: =IFERROR(__xludf.DUMMYFUNCTION("""COMPUTED_VALUE"""),21328.0) -> 21328 | L28: =IFERROR(__xludf.DUMMYFUNCTION("""COMPUTED_VALUE"""),21563.0) -> 21563 | M28: =IFERROR(__xludf.DUMMYFUNCTION("""COMPUTED_VALUE"""),21217.0) -> 21217 | N28: =IFERROR(__xludf.DUMMYFUNCTION("""COMPUTED_VALUE"""),0.0) -> 0 | O28: =IFERROR(__xludf.DUMMYFUNCTION("""COMPUTED_VALUE"""),20452.0) -> 20452 | Q28: =IF(B28="","",B28&" - "&E28) | R28: =IFERROR(C28,"") | S28: =IFERROR(XLOOKUP(R28,C:C,H:H),"") | T28: =IFERROR(Q28,"") | U28: =IFERROR(ROUNDUP( XLOOKUP(T28,Q:Q,S:S),0.1),"") -> 0 | V28: =IF($U28="","","0") -> 0 | W28: =IF($U28="","","0") -> 0 | X28: =IF($U28="","","0") -> 0 | Y28: =IF($U28="","","0") -> 0 | AE28: =IF($Q28="","", LEFT($Q28,3)&"_1p") | AF28: =IFERROR(T28,"") | AG28: =XLOOKUP(AF28,Q:Q,R:R) | AH28: =IF(AF28="","","ASL2") | AJ28: =IF(AE28="","","1") | AL28: =IF(AE28="","","Chilled")
P29: Buffer for more meals | Q29: =IF(B29="","",B29&" - "&E29) | R29: =IFERROR(C29,"") | S29: =IFERROR(XLOOKUP(R29,C:C,H:H),"") | T29: =IFERROR(Q29,"") | U29: =IFERROR(ROUNDUP( XLOOKUP(T29,Q:Q,S:S),0.1),"") -> 0 | V29: =IF($U29="","","0") -> 0 | W29: =IF($U29="","","0") -> 0 | X29: =IF($U29="","","0") -> 0 | Y29: =IF($U29="","","0") -> 0 | AE29: =IF($Q29="","", LEFT($Q29,3)&"_1p") | AF29: =IFERROR(T29,"") | AG29: =XLOOKUP(AF29,Q:Q,R:R) | AH29: =IF(AF29="","","ASL2") | AJ29: =IF(AE29="","","1") | AL29: =IF(AE29="","","Chilled")
Q30: =IF(B30="","",B30&" - "&E30) | R30: =IFERROR(C30,"") | S30: =IFERROR(XLOOKUP(R30,C:C,H:H),"") | T30: =IFERROR(Q30,"") | U30: =IFERROR(ROUNDUP( XLOOKUP(T30,Q:Q,S:S),0.1),"") -> 0 | V30: =IF($U30="","","0") -> 0 | W30: =IF($U30="","","0") -> 0 | X30: =IF($U30="","","0") -> 0 | Y30: =IF($U30="","","0") -> 0 | AE30: =IF($Q30="","", LEFT($Q30,3)&"_1p") | AF30: =IFERROR(T30,"") | AG30: =XLOOKUP(AF30,Q:Q,R:R) | AH30: =IF(AF30="","","ASL2") | AJ30: =IF(AE30="","","1") | AL30: =IF(AE30="","","Chilled")
Q31: =IF(B31="","",B31&" - "&E31) | R31: =IFERROR(C31,"") | S31: =IFERROR(XLOOKUP(R31,C:C,H:H),"") | T31: =IFERROR(Q31,"") | U31: =IFERROR(ROUNDUP( XLOOKUP(T31,Q:Q,S:S),0.1),"") -> 0 | V31: =IF($U31="","","0") -> 0 | W31: =IF($U31="","","0") -> 0 | X31: =IF($U31="","","0") -> 0 | Y31: =IF($U31="","","0") -> 0 | AE31: =IF($Q31="","", LEFT($Q31,3)&"_1p") | AF31: =IFERROR(T31,"") | AG31: =XLOOKUP(AF31,Q:Q,R:R) | AH31: =IF(AF31="","","ASL2") | AJ31: =IF(AE31="","","1") | AL31: =IF(AE31="","","Chilled")
Q32: =IF(B32="","",B32&" - "&E32) | R32: =IFERROR(C32,"") | S32: =IFERROR(XLOOKUP(R32,C:C,H:H),"") | T32: =IFERROR(Q32,"") | U32: =IFERROR(ROUNDUP( XLOOKUP(T32,Q:Q,S:S),0.1),"") -> 0 | V32: =IF($U32="","","0") -> 0 | W32: =IF($U32="","","0") -> 0 | X32: =IF($U32="","","0") -> 0 | Y32: =IF($U32="","","0") -> 0 | AE32: =IF($Q32="","", LEFT($Q32,3)&"_1p") | AF32: =IFERROR(T32,"") | AG32: =XLOOKUP(AF32,Q:Q,R:R) | AH32: =IF(AF32="","","ASL2") | AJ32: =IF(AE32="","","1") | AL32: =IF(AE32="","","Chilled")
A33: In Boxen ca | F33: =F28/4 -> 3039 | G33: =G28/4 -> 3336.75 | H33: =H28/4 -> 4450.5 | I33: =I28/4 -> 5224.75 | J33: =J28/4 -> 5332 | K33: =K28/4 -> 0 | L33: =L28/4 -> 5390.75 | M33: =M28/4 -> 5304.25 | ... O33: =O28/4 -> 5113 | P33: Static | Q33: =IF(B33="","",B33&" - "&E33) | R33: =IFERROR(C33,"") | S33: =IFERROR(XLOOKUP(R33,C:C,H:H),"") | T33: =IFERROR(Q33,"") | U33: =IFERROR(ROUNDUP( XLOOKUP(T33,Q:Q,S:S),0.1),"") -> 0 | V33: =IF($U33="","","0") -> 0 | W33: =IF($U33="","","0") -> 0 | X33: =IF($U33="","","0") -> 0 | Y33: =IF($U33="","","0") -> 0 | AE33: =IF($Q33="","", LEFT($Q33,3)&"_1p") | AF33: =IFERROR(T33,"") | AG33: =XLOOKUP(AF33,Q:Q,R:R) | AH33: =IF(AF33="","","ASL2") | AJ33: =IF(AE33="","","1") | AL33: =IF(AE33="","","Chilled")
Q34: =IF(B34="","",B34&" - "&E34) | R34: =IFERROR(C34,"") | S34: =IFERROR(XLOOKUP(R34,C:C,H:H),"") | T34: =IFERROR(Q34,"") | U34: =IFERROR(ROUNDUP( XLOOKUP(T34,Q:Q,S:S),0.1),"") -> 0 | V34: =IF($U34="","","0") -> 0 | W34: =IF($U34="","","0") -> 0 | X34: =IF($U34="","","0") -> 0 | Y34: =IF($U34="","","0") -> 0 | AE34: =IF($Q34="","", LEFT($Q34,3)&"_1p") | AF34: =IFERROR(T34,"") | AG34: =XLOOKUP(AF34,Q:Q,R:R) | AH34: =IF(AF34="","","ASL2") | AJ34: =IF(AE34="","","1") | AL34: =IF(AE34="","","Chilled")
B35: 705 | C35: BEV-00-136840-3 | D35: =B35 -> 705 | E35: FACTOR_ Ginger Lemon Apple Wellness Shot | F35: 126 | Q35: 705 - FACTOR_ Ginger Lemon Apple Wellness Shot | R35: BEV-00-136840-3 | S35: =IFS(O35<>"",O35,AND(O35="",N35="",M35="",L35="",K35="",J35="",I35="",H35="",G35=""),F35,AND(O35="",N35="",M35="",L35="",K35="",J35="",I35="",H35=""),G35,AND(O35="",N35="",M35="",L35="",K35="",J35="",I35=""),H35,AND(O35="",N35="",M35="",L35="",K35="",J35=""), I35,AND(O35="",N35="",M35="",L35="",K35=""),J35,AND(O35="",N35="",M35="",L35=""), K35, AND(O35="",N35="",M35=""), L35,AND(O35="",N35=""), M35, AND(O35=""), N35) -> 126 | T35: =IFERROR(Q35,"") -> 705 - FACTOR_ Ginger Lemon Apple Wellness Shot | U35: =IFERROR(ROUNDUP( XLOOKUP(T35,Q:Q,S:S),0.1),"") -> 126 | V35: =IF($U35="","","0") -> 0 | W35: =IF($U35="","","0") -> 0 | X35: =IF($U35="","","0") -> 0 | Y35: =IF($U35="","","0") -> 0 | AB35: F122 | AE35: =IF($Q35="","", LEFT($Q35,3)&"_1p") -> 705_1p | AF35: =IFERROR(T35,"") -> 705 - FACTOR_ Ginger Lemon Apple Wellness Shot | AG35: =XLOOKUP(AF35,Q:Q,R:R) -> BEV-00-136840-3 | AH35: =IF(AF35="","","ASL2") -> ASL2 | AJ35: =IF(AE35="","","1") -> 1 | AL35: =IF(AE35="","","Chilled") -> Chilled
B36: 709 | C36: BEV-00-137951-2 | D36: =B36 -> 709 | E36: FACTOR_ Spirulina Ginger Lime Ginger Shot | F36: 73 | Q36: 709 - FACTOR_ Spirulina Ginger Lime Ginger Shot | R36: BEV-00-137951-2 | S36: =IFS(O36<>"",O36,AND(O36="",N36="",M36="",L36="",K36="",J36="",I36="",H36="",G36=""),F36,AND(O36="",N36="",M36="",L36="",K36="",J36="",I36="",H36=""),G36,AND(O36="",N36="",M36="",L36="",K36="",J36="",I36=""),H36,AND(O36="",N36="",M36="",L36="",K36="",J36=""), I36,AND(O36="",N36="",M36="",L36="",K36=""),J36,AND(O36="",N36="",M36="",L36=""), K36, AND(O36="",N36="",M36=""), L36,AND(O36="",N36=""), M36, AND(O36=""), N36) -> 73 | T36: =IFERROR(Q36,"") -> 709 - FACTOR_ Spirulina Ginger Lime Ginger Shot | U36: =IFERROR(ROUNDUP( XLOOKUP(T36,Q:Q,S:S),0.1),"") -> 73 | V36: =IF($U36="","","0") -> 0 | W36: =IF($U36="","","0") -> 0 | X36: =IF($U36="","","0") -> 0 | Y36: =IF($U36="","","0") -> 0 | AB36: F106 | AE36: =IF($Q36="","", LEFT($Q36,3)&"_1p") -> 709_1p | AF36: =IFERROR(T36,"") -> 709 - FACTOR_ Spirulina Ginger Lime Ginger Shot | AG36: =IFERROR( XLOOKUP(AF36,Q:Q,R:R),"") -> BEV-00-137951-2 | AH36: =IF(AF36="","","ASL2") -> ASL2 | AJ36: =IF(AE36="","","1") -> 1 | AL36: =IF(AE36="","","Chilled") -> Chilled
B37: 710 | C37: BEV-00-137952-2 | D37: =B37 -> 710 | E37: FACTOR_ Turmeric Cayenne Pineapple Ginger Shot | F37: 89 | Q37: 710 - FACTOR_ Turmeric Cayenne Pineapple Ginger Shot | R37: BEV-00-137952-2 | S37: =IFS(O37<>"",O37,AND(O37="",N37="",M37="",L37="",K37="",J37="",I37="",H37="",G37=""),F37,AND(O37="",N37="",M37="",L37="",K37="",J37="",I37="",H37=""),G37,AND(O37="",N37="",M37="",L37="",K37="",J37="",I37=""),H37,AND(O37="",N37="",M37="",L37="",K37="",J37=""), I37,AND(O37="",N37="",M37="",L37="",K37=""),J37,AND(O37="",N37="",M37="",L37=""), K37, AND(O37="",N37="",M37=""), L37,AND(O37="",N37=""), M37, AND(O37=""), N37) -> 89 | T37: =IFERROR(Q37,"") -> 710 - FACTOR_ Turmeric Cayenne Pineapple Ginger Shot | U37: {=IFERROR( XLOOKUP(T37,Q:Q,S:S),"")} -> 89 | V37: =IF($U37="","","0") -> 0 | W37: =IF($U37="","","0") -> 0 | X37: =IF($U37="","","0") -> 0 | Y37: =IF($U37="","","0") -> 0 | AB37: F108 | AE37: =IF($Q37="","", LEFT($Q37,3)&"_1p") -> 710_1p | AF37: =IFERROR(T37,"") -> 710 - FACTOR_ Turmeric Cayenne Pineapple Ginger Shot | AG37: =IFERROR( XLOOKUP(AF37,Q:Q,R:R),"") -> BEV-00-137952-2 | AH37: =IF(AF37="","","ASL2") -> ASL2 | AJ37: =IF(AE37="","","1") -> 1 | AL37: =IF(AE37="","","Chilled") -> Chilled
V38: =IF($U38="","","0") | W38: =IF($U38="","","0") | X38: =IF($U38="","","0") | Y38: =IF($U38="","","0") | AE38: =IF($Q38="","", LEFT($Q38,3)&"_1p") | AF38: =IFERROR(T38,"") | AG38: =IFERROR( XLOOKUP(AF38,Q:Q,R:R),"") | AH38: =IF(AF38="","","ASL2") | AJ38: =IF(AE38="","","1") | AL38: =IF(AE38="","","Chilled")
V39: =IF($U39="","","0") | W39: =IF($U39="","","0") | X39: =IF($U39="","","0") | Y39: =IF($U39="","","0") | AE39: =IF($Q39="","", LEFT($Q39,3)&"_1p") | AF39: =IFERROR(T39,"") | AG39: =IFERROR( XLOOKUP(AF39,Q:Q,R:R),"") | AH39: =IF(AF39="","","ASL2") | AJ39: =IF(AE39="","","1") | AL39: =IF(AE39="","","Chilled")
A40: Ice share | R40: =IFERROR(C41,"") | V40: =IF($U40="","","0") | W40: =IF($U40="","","0") | X40: =IF($U40="","","0") | Y40: =IF($U40="","","0")
A41: S | B41: 70% | R41: =IFERROR(C42,"") | V41: =IF($U41="","","0") | W41: =IF($U41="","","0") | X41: =IF($U41="","","0") | Y41: =IF($U41="","","0")
A42: M | B42: 20% | Q42: IcePack1 | S42: =ROUNDUP( IFS(O$33<>0,O$33,AND(O$33=0,N$33=0,M$33=0,L$33=0,K$33=0,J$33=0,I$33=0,H$33=0,G$33=0),F$33,AND(O$33=0,N$33=0,M$33=0,L$33=0,K$33=0,J$33=0,I$33=0,H$33=0),G$33,AND(O$33=0,N$33=0,M$33=0,L$33=0,K$33=0,J$33=0,I$33=0),H$33,AND(O$33=0,N$33=0,M$33=0,L$33=0,K$33=0,J$33=0), I$33,AND(O$33=0,N$33=0,M$33=0,L$33=0,K$33=0),J$33,AND(O$33=0,N$33=0,M$33=0,L$33=0), K$33, AND(O$33=0,N$33=0,M$33=0), L$33,AND(O$33=0,N$33=0), M$33, AND(O$33=0), N$33),0.1) -> 5113 | V42: =IF($U42="","","0") | W42: =IF($U42="","","0") | X42: =IF($U42="","","0") | Y42: =IF($U42="","","0")
A43: L | B43: 10% | V43: =IF($U43="","","0") | W43: =IF($U43="","","0") | X43: =IF($U43="","","0") | Y43: =IF($U43="","","0")
V44: =IF($U44="","","0") | W44: =IF($U44="","","0") | X44: =IF($U44="","","0") | Y44: =IF($U44="","","0")
V45: =IF(U45="","","0") | W45: =IF($U45="","","0") | X45: =IF($U45="","","0") | Y45: =IF($U45="","","0")
V46: =IF(U46="","","0") | W46: =IF($U46="","","0") | X46: =IF($U46="","","0") | Y46: =IF($U46="","","0")
V47: =IF(U47="","","0") | W47: =IF($U47="","","0") | X47: =IF($U47="","","0") | Y47: =IF($U47="","","0")
V48: =IF(U48="","","0") | W48: =IF($U48="","","0") | X48: =IF($U48="","","0") | Y48: =IF($U48="","","0")
V49: =IF(U49="","","0") | W49: =IF($U49="","","0")
V50: =IF(U50="","","0") | W50: =IF($U50="","","0")
V51: =IF(U51="","","0")

Sheet VolumeFile_combined
A1: name | B1: demand_thursday | C1: demand_friday | D1: demand_saturday | E1: demand_sunday | F1: demand_monday | G1: station_constraint | H1: level_constraint | I1: pickface_constraint | J1: separate_constraint | K1: market
A2: Factor Box Large | B2: 0 | C2: 0 | D2: 0 | E2: 0 | F2: 0 | I2: F02 | K2: DACH
A3: Factor Box Medium | B3: 0 | C3: 0 | D3: 0 | E3: 0 | F3: 0 | I3: F03 | K3: DACH
A4: Factor Box Small | B4: 0 | C4: 0 | D4: 0 | E4: 0 | F4: 0 | I4: F05 | K4: DACH
A5: Factor Liner Large1 | B5: 0 | C5: 0 | D5: 0 | E5: 0 | F5: 0 | I5: F07 | K5: DACH
A6: Factor Liner Large2 | B6: 0 | C6: 0 | D6: 0 | E6: 0 | F6: 0 | I6: F11 | K6: DACH
A7: Factor Liner Medium1 | B7: 0 | C7: 0 | D7: 0 | E7: 0 | F7: 0 | I7: F08 | K7: DACH
A8: Factor Liner Medium2 | B8: 0 | C8: 0 | D8: 0 | E8: 0 | F8: 0 | I8: F12 | K8: DACH
A9: Factor Liner Small1 | B9: 0 | C9: 0 | D9: 0 | E9: 0 | F9: 0 | I9: F06 | K9: DACH
A10: Factor Liner Small2 | B10: 0 | C10: 0 | D10: 0 | E10: 0 | F10: 0 | I10: F10 | K10: DACH
A11: FA-DE Freebies | B11: 0 | C11: 0 | D11: 0 | E11: 0 | F11: 0 | I11: F143 | K11: DACH
A12: FA-DE Welcome Booklet | B12: 0 | C12: 0 | D12: 0 | E12: 0 | F12: 0 | I12: F142 | K12: DACH
A13: FA-DE First Box - Flyer about program | B13: 0 | C13: 0 | D13: 0 | E13: 0 | F13: 0 | I13: F141 | K13: DACH
... A19: FA-DE Fourth Box - Flyer | B19: 0 | C19: 0 | D19: 0 | E19: 0 | F19: 0 | I19: F136 | K19: DACH
A20: 220 - Free4Life_ Ginger Lemon Apple Wellness Shot_Single | B20: 48 | C20: 0 | D20: 0 | E20: 0 | F20: 0 | I20: F89 | K20: DACH
A21: 221 - Free4Life_ Spirulina Ginger Lime Ginger Shot_Single | B21: 56 | C21: 0 | D21: 0 | E21: 0 | F21: 0 | I21: F112 | K21: DACH
A22: 222 - Free4Life_ Turmeric Cayenne Pineapple Ginger Shot_Single | B22: 36 | C22: 0 | D22: 0 | E22: 0 | F22: 0 | I22: F124 | K22: DACH
A23: =IFERROR(__xludf.DUMMYFUNCTION("FILTER('Inputs Maite DE'!T6:AB69, ('Inputs Maite DE'!T6:T69<>"""") + ('Inputs Maite DE'!AB6:AB69<>""""))"),"IcePack1") -> IcePack1 | B23: =IFERROR(__xludf.DUMMYFUNCTION("""COMPUTED_VALUE"""),2194.0) -> 2194 | C23: =IFERROR(__xludf.DUMMYFUNCTION("""COMPUTED_VALUE"""),0.0) -> 0 | D23: =IFERROR(__xludf.DUMMYFUNCTION("""COMPUTED_VALUE"""),0.0) -> 0 | E23: =IFERROR(__xludf.DUMMYFUNCTION("""COMPUTED_VALUE"""),0.0) -> 0 | F23: =IFERROR(__xludf.DUMMYFUNCTION("""COMPUTED_VALUE"""),0.0) -> 0 | I23: =IFERROR(__xludf.DUMMYFUNCTION("""COMPUTED_VALUE"""),"F144") -> F144 | K23: DACH
A24: =IFERROR(__xludf.DUMMYFUNCTION("""COMPUTED_VALUE"""),"IcePack2") -> IcePack2 | B24: =IFERROR(__xludf.DUMMYFUNCTION("""COMPUTED_VALUE"""),1887.0) -> 1887 | C24: =IFERROR(__xludf.DUMMYFUNCTION("""COMPUTED_VALUE"""),0.0) -> 0 | D24: =IFERROR(__xludf.DUMMYFUNCTION("""COMPUTED_VALUE"""),0.0) -> 0 | E24: =IFERROR(__xludf.DUMMYFUNCTION("""COMPUTED_VALUE"""),0.0) -> 0 | F24: =IFERROR(__xludf.DUMMYFUNCTION("""COMPUTED_VALUE"""),0.0) -> 0 | I24: =IFERROR(__xludf.DUMMYFUNCTION("""COMPUTED_VALUE"""),"F105") -> F105 | K24: DACH
A25: =IFERROR(__xludf.DUMMYFUNCTION("""COMPUTED_VALUE"""),"IcePack3") -> IcePack3 | B25: =IFERROR(__xludf.DUMMYFUNCTION("""COMPUTED_VALUE"""),2194.0) -> 2194 | C25: =IFERROR(__xludf.DUMMYFUNCTION("""COMPUTED_VALUE"""),0.0) -> 0 | D25: =IFERROR(__xludf.DUMMYFUNCTION("""COMPUTED_VALUE"""),0.0) -> 0 | E25: =IFERROR(__xludf.DUMMYFUNCTION("""COMPUTED_VALUE"""),0.0) -> 0 | F25: =IFERROR(__xludf.DUMMYFUNCTION("""COMPUTED_VALUE"""),0.0) -> 0 | I25: =IFERROR(__xludf.DUMMYFUNCTION("""COMPUTED_VALUE"""),"F127") -> F127 | K25: DACH
A26: =IFERROR(__xludf.DUMMYFUNCTION("""COMPUTED_VALUE"""),"565072 - Gegrilltes Hähnchen mit Ratatouille") -> 565072 - Gegrilltes Hähnchen mit Ratatouille | B26: =IFERROR(__xludf.DUMMYFUNCTION("""COMPUTED_VALUE"""),2982.0) -> 2982 | C26: =IFERROR(__xludf.DUMMYFUNCTION("""COMPUTED_VALUE"""),"0") -> 0 | D26: =IFERROR(__xludf.DUMMYFUNCTION("""COMPUTED_VALUE"""),"0") -> 0 | E26: =IFERROR(__xludf.DUMMYFUNCTION("""COMPUTED_VALUE"""),"0") -> 0 | F26: =IFERROR(__xludf.DUMMYFUNCTION("""COMPUTED_VALUE"""),"0") -> 0 | K26: DACH
A27: =IFERROR(__xludf.DUMMYFUNCTION("""COMPUTED_VALUE"""),"565209 - Grünes Chili-Hähnchen mit Quinoa-Salsa") -> 565209 - Grünes Chili-Hähnchen mit Quinoa-Salsa | B27: =IFERROR(__xludf.DUMMYFUNCTION("""COMPUTED_VALUE"""),1852.0) -> 1852 | C27: =IFERROR(__xludf.DUMMYFUNCTION("""COMPUTED_VALUE"""),"0") -> 0 | D27: =IFERROR(__xludf.DUMMYFUNCTION("""COMPUTED_VALUE"""),"0") -> 0 | E27: =IFERROR(__xludf.DUMMYFUNCTION("""COMPUTED_VALUE"""),"0") -> 0 | F27: =IFERROR(__xludf.DUMMYFUNCTION("""COMPUTED_VALUE"""),"0") -> 0 | K27: DACH
A28: =IFERROR(__xludf.DUMMYFUNCTION("""COMPUTED_VALUE"""),"565309 - Geschmortes Rind in Kräuterjus") -> 565309 - Geschmortes Rind in Kräuterjus | B28: =IFERROR(__xludf.DUMMYFUNCTION("""COMPUTED_VALUE"""),2002.0) -> 2002 | C28: =IFERROR(__xludf.DUMMYFUNCTION("""COMPUTED_VALUE"""),"0") -> 0 | D28: =IFERROR(__xludf.DUMMYFUNCTION("""COMPUTED_VALUE"""),"0") -> 0 | E28: =IFERROR(__xludf.DUMMYFUNCTION("""COMPUTED_VALUE"""),"0") -> 0 | F28: =IFERROR(__xludf.DUMMYFUNCTION("""COMPUTED_VALUE"""),"0") -> 0 | K28: DACH
A29: =IFERROR(__xludf.DUMMYFUNCTION("""COMPUTED_VALUE"""),"565064 - Lachs in Senf-Dill-Sauce") -> 565064 - Lachs in Senf-Dill-Sauce | B29: =IFERROR(__xludf.DUMMYFUNCTION("""COMPUTED_VALUE"""),10.0) -> 10 | C29: =IFERROR(__xludf.DUMMYFUNCTION("""COMPUTED_VALUE"""),"0") -> 0 | D29: =IFERROR(__xludf.DUMMYFUNCTION("""COMPUTED_VALUE"""),"0") -> 0 | E29: =IFERROR(__xludf.DUMMYFUNCTION("""COMPUTED_VALUE"""),"0") -> 0 | F29: =IFERROR(__xludf.DUMMYFUNCTION("""COMPUTED_VALUE"""),"0") -> 0 | K29: DACH
A30: =IFERROR(__xludf.DUMMYFUNCTION("""COMPUTED_VALUE"""),"565178 - Westafrikanisches Hähnchen-Erdnuss-Curry") -> 565178 - Westafrikanisches Hähnchen-Erdnuss-Curry | B30: =IFERROR(__xludf.DUMMYFUNCTION("""COMPUTED_VALUE"""),2006.0) -> 2006 | C30: =IFERROR(__xludf.DUMMYFUNCTION("""COMPUTED_VALUE"""),"0") -> 0 | D30: =IFERROR(__xludf.DUMMYFUNCTION("""COMPUTED_VALUE"""),"0") -> 0 | E30: =IFERROR(__xludf.DUMMYFUNCTION("""COMPUTED_VALUE"""),"0") -> 0 | F30: =IFERROR(__xludf.DUMMYFUNCTION("""COMPUTED_VALUE"""),"0") -> 0 | K30: DACH
A31: =IFERROR(__xludf.DUMMYFUNCTION("""COMPUTED_VALUE"""),"565189 - Lachs Piccata") -> 565189 - Lachs Piccata | B31: =IFERROR(__xludf.DUMMYFUNCTION("""COMPUTED_VALUE"""),10.0) -> 10 | C31: =IFERROR(__xludf.DUMMYFUNCTION("""COMPUTED_VALUE"""),"0") -> 0 | D31: =IFERROR(__xludf.DUMMYFUNCTION("""COMPUTED_VALUE"""),"0") -> 0 | E31: =IFERROR(__xludf.DUMMYFUNCTION("""COMPUTED_VALUE"""),"0") -> 0 | F31: =IFERROR(__xludf.DUMMYFUNCTION("""COMPUTED_VALUE"""),"0") -> 0 | K31: DACH
A32: =IFERROR(__xludf.DUMMYFUNCTION("""COMPUTED_VALUE"""),"565164 - Hähnchen mit karamellisierten Zwiebeln & Emmentaler-Fondue") -> 565164 - Hähnchen mit karamellisierten Zwiebeln & Emmentaler-Fondue | B32: =IFERROR(__xludf.DUMMYFUNCTION("""COMPUTED_VALUE"""),61.0) -> 61 | C32: =IFERROR(__xludf.DUMMYFUNCTION("""COMPUTED_VALUE"""),"0") -> 0 | D32: =IFERROR(__xludf.DUMMYFUNCTION("""COMPUTED_VALUE"""),"0") -> 0 | E32: =IFERROR(__xludf.DUMMYFUNCTION("""COMPUTED_VALUE"""),"0") -> 0 | F32: =IFERROR(__xludf.DUMMYFUNCTION("""COMPUTED_VALUE"""),"0") -> 0 | K32: DACH
A33: =IFERROR(__xludf.DUMMYFUNCTION("""COMPUTED_VALUE"""),"565043 - Würziges Hähnchen mit Jalapeño, Limette und Cheddar") -> 565043 - Würziges Hähnchen mit Jalapeño, Limette und Cheddar | B33: =IFERROR(__xludf.DUMMYFUNCTION("""COMPUTED_VALUE"""),1133.0) -> 1133 | C33: =IFERROR(__xludf.DUMMYFUNCTION("""COMPUTED_VALUE"""),"0") -> 0 | D33: =IFERROR(__xludf.DUMMYFUNCTION("""COMPUTED_VALUE"""),"0") -> 0 | E33: =IFERROR(__xludf.DUMMYFUNCTION("""COMPUTED_VALUE"""),"0") -> 0 | F33: =IFERROR(__xludf.DUMMYFUNCTION("""COMPUTED_VALUE"""),"0") -> 0 | K33: DACH
A34: =IFERROR(__xludf.DUMMYFUNCTION("""COMPUTED_VALUE"""),"565244 - Cremiges Tomaten-Risotto") -> 565244 - Cremiges Tomaten-Risotto | B34: =IFERROR(__xludf.DUMMYFUNCTION("""COMPUTED_VALUE"""),368.0) -> 368 | C34: =IFERROR(__xludf.DUMMYFUNCTION("""COMPUTED_VALUE"""),"0") -> 0 | D34: =IFERROR(__xludf.DUMMYFUNCTION("""COMPUTED_VALUE"""),"0") -> 0 | E34: =IFERROR(__xludf.DUMMYFUNCTION("""COMPUTED_VALUE"""),"0") -> 0 | F34: =IFERROR(__xludf.DUMMYFUNCTION("""COMPUTED_VALUE"""),"0") -> 0 | K34: DACH
A35: =IFERROR(__xludf.DUMMYFUNCTION("""COMPUTED_VALUE"""),"565141 - Zucchini-Paprika-Ratatouille") -> 565141 - Zucchini-Paprika-Ratatouille | B35: =IFERROR(__xludf.DUMMYFUNCTION("""COMPUTED_VALUE"""),298.0) -> 298 | C35: =IFERROR(__xludf.DUMMYFUNCTION("""COMPUTED_VALUE"""),"0") -> 0 | D35: =IFERROR(__xludf.DUMMYFUNCTION("""COMPUTED_VALUE"""),"0") -> 0 | E35: =IFERROR(__xludf.DUMMYFUNCTION("""COMPUTED_VALUE"""),"0") -> 0 | F35: =IFERROR(__xludf.DUMMYFUNCTION("""COMPUTED_VALUE"""),"0") -> 0 | K35: DACH
A36: =IFERROR(__xludf.DUMMYFUNCTION("""COMPUTED_VALUE"""),"565143 - Schweinefilet in cremiger Knoblauch-Senf-Sauce") -> 565143 - Schweinefilet in cremiger Knoblauch-Senf-Sauce | B36: =IFERROR(__xludf.DUMMYFUNCTION("""COMPUTED_VALUE"""),517.0) -> 517 | C36: =IFERROR(__xludf.DUMMYFUNCTION("""COMPUTED_VALUE"""),"0") -> 0 | D36: =IFERROR(__xludf.DUMMYFUNCTION("""COMPUTED_VALUE"""),"0") -> 0 | E36: =IFERROR(__xludf.DUMMYFUNCTION("""COMPUTED_VALUE"""),"0") -> 0 | F36: =IFERROR(__xludf.DUMMYFUNCTION("""COMPUTED_VALUE"""),"0") -> 0 | K36: DACH
A37: =IFERROR(__xludf.DUMMYFUNCTION("""COMPUTED_VALUE"""),"565196 - Ají Verde Lachs") -> 565196 - Ají Verde Lachs | B37: =IFERROR(__xludf.DUMMYFUNCTION("""COMPUTED_VALUE"""),1180.0) -> 1180 | C37: =IFERROR(__xludf.DUMMYFUNCTION("""COMPUTED_VALUE"""),"0") -> 0 | D37: =IFERROR(__xludf.DUMMYFUNCTION("""COMPUTED_VALUE"""),"0") -> 0 | E37: =IFERROR(__xludf.DUMMYFUNCTION("""COMPUTED_VALUE"""),"0") -> 0 | F37: =IFERROR(__xludf.DUMMYFUNCTION("""COMPUTED_VALUE"""),"0") -> 0 | K37: DACH
A38: =IFERROR(__xludf.DUMMYFUNCTION("""COMPUTED_VALUE"""),"565130 - Pulled Pork mit roter Chilisauce") -> 565130 - Pulled Pork mit roter Chilisauce | B38: =IFERROR(__xludf.DUMMYFUNCTION("""COMPUTED_VALUE"""),1195.0) -> 1195 | C38: =IFERROR(__xludf.DUMMYFUNCTION("""COMPUTED_VALUE"""),"0") -> 0 | D38: =IFERROR(__xludf.DUMMYFUNCTION("""COMPUTED_VALUE"""),"0") -> 0 | E38: =IFERROR(__xludf.DUMMYFUNCTION("""COMPUTED_VALUE"""),"0") -> 0 | F38: =IFERROR(__xludf.DUMMYFUNCTION("""COMPUTED_VALUE"""),"0") -> 0 | K38: DACH
A39: =IFERROR(__xludf.DUMMYFUNCTION("""COMPUTED_VALUE"""),"565211 - Gegrilltes Hähnchen in Ingwer-Knoblauch-Marinade") -> 565211 - Gegrilltes Hähnchen in Ingwer-Knoblauch-Marinade | B39: =IFERROR(__xludf.DUMMYFUNCTION("""COMPUTED_VALUE"""),627.0) -> 627 | C39: =IFERROR(__xludf.DUMMYFUNCTION("""COMPUTED_VALUE"""),"0") -> 0 | D39: =IFERROR(__xludf.DUMMYFUNCTION("""COMPUTED_VALUE"""),"0") -> 0 | E39: =IFERROR(__xludf.DUMMYFUNCTION("""COMPUTED_VALUE"""),"0") -> 0 | F39: =IFERROR(__xludf.DUMMYFUNCTION("""COMPUTED_VALUE"""),"0") -> 0 | K39: DACH
A40: =IFERROR(__xludf.DUMMYFUNCTION("""COMPUTED_VALUE"""),"565091 - Scharfes Rinderhack mit Jalapeños") -> 565091 - Scharfes Rinderhack mit Jalapeños | B40: =IFERROR(__xludf.DUMMYFUNCTION("""COMPUTED_VALUE"""),561.0) -> 561 | C40: =IFERROR(__xludf.DUMMYFUNCTION("""COMPUTED_VALUE"""),"0") -> 0 | D40: =IFERROR(__xludf.DUMMYFUNCTION("""COMPUTED_VALUE"""),"0") -> 0 | E40: =IFERROR(__xludf.DUMMYFUNCTION("""COMPUTED_VALUE"""),"0") -> 0 | F40: =IFERROR(__xludf.DUMMYFUNCTION("""COMPUTED_VALUE"""),"0") -> 0 | K40: DACH
A41: =IFERROR(__xludf.DUMMYFUNCTION("""COMPUTED_VALUE"""),"565221 - Lachs-Bowl mit Zitrus-Miso") -> 565221 - Lachs-Bowl mit Zitrus-Miso | B41: =IFERROR(__xludf.DUMMYFUNCTION("""COMPUTED_VALUE"""),695.0) -> 695 | C41: =IFERROR(__xludf.DUMMYFUNCTION("""COMPUTED_VALUE"""),"0") -> 0 | D41: =IFERROR(__xludf.DUMMYFUNCTION("""COMPUTED_VALUE"""),"0") -> 0 | E41: =IFERROR(__xludf.DUMMYFUNCTION("""COMPUTED_VALUE"""),"0") -> 0 | F41: =IFERROR(__xludf.DUMMYFUNCTION("""COMPUTED_VALUE"""),"0") -> 0 | K41: DACH
A42: =IFERROR(__xludf.DUMMYFUNCTION("""COMPUTED_VALUE"""),"565252 - Rinderragù mit sonnengetrockneten Tomaten und Pasta") -> 565252 - Rinderragù mit sonnengetrockneten Tomaten und Pasta | B42: =IFERROR(__xludf.DUMMYFUNCTION("""COMPUTED_VALUE"""),1552.0) -> 1552 | C42: =IFERROR(__xludf.DUMMYFUNCTION("""COMPUTED_VALUE"""),"0") -> 0 | D42: =IFERROR(__xludf.DUMMYFUNCTION("""COMPUTED_VALUE"""),"0") -> 0 | E42: =IFERROR(__xludf.DUMMYFUNCTION("""COMPUTED_VALUE"""),"0") -> 0 | F42: =IFERROR(__xludf.DUMMYFUNCTION("""COMPUTED_VALUE"""),"0") -> 0 | K42: DACH
A43: =IFERROR(__xludf.DUMMYFUNCTION("""COMPUTED_VALUE"""),"565095 - Schweinefilet in würziger Ancho-Chili-Sauce") -> 565095 - Schweinefilet in würziger Ancho-Chili-Sauce | B43: =IFERROR(__xludf.DUMMYFUNCTION("""COMPUTED_VALUE"""),457.0) -> 457 | C43: =IFERROR(__xludf.DUMMYFUNCTION("""COMPUTED_VALUE"""),"0") -> 0 | D43: =IFERROR(__xludf.DUMMYFUNCTION("""COMPUTED_VALUE"""),"0") -> 0 | E43: =IFERROR(__xludf.DUMMYFUNCTION("""COMPUTED_VALUE"""),"0") -> 0 | F43: =IFERROR(__xludf.DUMMYFUNCTION("""COMPUTED_VALUE"""),"0") -> 0 | K43: DACH
A44: =IFERROR(__xludf.DUMMYFUNCTION("""COMPUTED_VALUE"""),"565119 - Gegrilltes Hähnchen mit Knoblauch-Kräutern") -> 565119 - Gegrilltes Hähnchen mit Knoblauch-Kräutern | B44: =IFERROR(__xludf.DUMMYFUNCTION("""COMPUTED_VALUE"""),40.0) -> 40 | C44: =IFERROR(__xludf.DUMMYFUNCTION("""COMPUTED_VALUE"""),"0") -> 0 | D44: =IFERROR(__xludf.DUMMYFUNCTION("""COMPUTED_VALUE"""),"0") -> 0 | E44: =IFERROR(__xludf.DUMMYFUNCTION("""COMPUTED_VALUE"""),"0") -> 0 | F44: =IFERROR(__xludf.DUMMYFUNCTION("""COMPUTED_VALUE"""),"0") -> 0 | I44: =IFERROR(__xludf.DUMMYFUNCTION("""COMPUTED_VALUE"""),"F58") -> F58 | K44: DACH
A45: =IFERROR(__xludf.DUMMYFUNCTION("""COMPUTED_VALUE"""),"") | B45: =IFERROR(__xludf.DUMMYFUNCTION("""COMPUTED_VALUE"""),17546.0) -> 17546 | C45: =IFERROR(__xludf.DUMMYFUNCTION("""COMPUTED_VALUE"""),"0") -> 0 | D45: =IFERROR(__xludf.DUMMYFUNCTION("""COMPUTED_VALUE"""),"0") -> 0 | E45: =IFERROR(__xludf.DUMMYFUNCTION("""COMPUTED_VALUE"""),"0") -> 0 | F45: =IFERROR(__xludf.DUMMYFUNCTION("""COMPUTED_VALUE"""),"0") -> 0 | I45: =IFERROR(__xludf.DUMMYFUNCTION("""COMPUTED_VALUE"""),"F86") -> F86 | K45: DACH
A46: =IFERROR(__xludf.DUMMYFUNCTION("""COMPUTED_VALUE"""),"") | B46: =IFERROR(__xludf.DUMMYFUNCTION("""COMPUTED_VALUE"""),17546.0) -> 17546 | C46: =IFERROR(__xludf.DUMMYFUNCTION("""COMPUTED_VALUE"""),"0") -> 0 | D46: =IFERROR(__xludf.DUMMYFUNCTION("""COMPUTED_VALUE"""),"0") -> 0 | E46: =IFERROR(__xludf.DUMMYFUNCTION("""COMPUTED_VALUE"""),"0") -> 0 | F46: =IFERROR(__xludf.DUMMYFUNCTION("""COMPUTED_VALUE"""),"0") -> 0 | I46: =IFERROR(__xludf.DUMMYFUNCTION("""COMPUTED_VALUE"""),"F110") -> F110 | K46: DACH
A47: =IFERROR(__xludf.DUMMYFUNCTION("""COMPUTED_VALUE"""),"205 - FACTOR_ Ginger Lemon Apple Wellness Shot") -> 205 - FACTOR_ Ginger Lemon Apple Wellness Shot | B47: =IFERROR(__xludf.DUMMYFUNCTION("""COMPUTED_VALUE"""),48.0) -> 48 | C47: =IFERROR(__xludf.DUMMYFUNCTION("""COMPUTED_VALUE"""),"0") -> 0 | D47: =IFERROR(__xludf.DUMMYFUNCTION("""COMPUTED_VALUE"""),"0") -> 0 | E47: =IFERROR(__xludf.DUMMYFUNCTION("""COMPUTED_VALUE"""),"0") -> 0 | F47: =IFERROR(__xludf.DUMMYFUNCTION("""COMPUTED_VALUE"""),"0") -> 0 | I47: =IFERROR(__xludf.DUMMYFUNCTION("""COMPUTED_VALUE"""),"F122") -> F122 | K47: DACH
A48: =IFERROR(__xludf.DUMMYFUNCTION("""COMPUTED_VALUE"""),"209 - FACTOR_ Spirulina Ginger Lime Ginger Shot") -> 209 - FACTOR_ Spirulina Ginger Lime Ginger Shot | B48: =IFERROR(__xludf.DUMMYFUNCTION("""COMPUTED_VALUE"""),56.0) -> 56 | C48: =IFERROR(__xludf.DUMMYFUNCTION("""COMPUTED_VALUE"""),"0") -> 0 | D48: =IFERROR(__xludf.DUMMYFUNCTION("""COMPUTED_VALUE"""),"0") -> 0 | E48: =IFERROR(__xludf.DUMMYFUNCTION("""COMPUTED_VALUE"""),"0") -> 0 | F48: =IFERROR(__xludf.DUMMYFUNCTION("""COMPUTED_VALUE"""),"0") -> 0 | K48: DACH
A49: =IFERROR(__xludf.DUMMYFUNCTION("""COMPUTED_VALUE"""),"210 - FACTOR_ Turmeric Cayenne Pineapple Ginger Shot") -> 210 - FACTOR_ Turmeric Cayenne Pineapple Ginger Shot | B49: =IFERROR(__xludf.DUMMYFUNCTION("""COMPUTED_VALUE"""),36.0) -> 36 | C49: =IFERROR(__xludf.DUMMYFUNCTION("""COMPUTED_VALUE"""),"0") -> 0 | D49: =IFERROR(__xludf.DUMMYFUNCTION("""COMPUTED_VALUE"""),"0") -> 0 | E49: =IFERROR(__xludf.DUMMYFUNCTION("""COMPUTED_VALUE"""),"0") -> 0 | F49: =IFERROR(__xludf.DUMMYFUNCTION("""COMPUTED_VALUE"""),"0") -> 0 | K49: DACH
K50: DACH
K51: DACH
K52: DACH
K53: DACH
K54: DACH
K55: DACH
K56: DACH
K57: DACH
K58: DACH
K59: DACH
K60: DACH
K61: DACH
K62: DACH
A63: XS | B63: 0 | C63: 0 | D63: 0 | E63: 0 | F63: 0 | I63: F05 | K63: NORDICS
A64: S | B64: 0 | C64: 0 | D64: 0 | E64: 0 | F64: 0 | I64: F04 | K64: NORDICS
A65: M | B65: 0 | C65: 0 | D65: 0 | E65: 0 | F65: 0 | I65: F03 | K65: NORDICS
A66: L | B66: 0 | C66: 0 | D66: 0 | E66: 0 | F66: 0 | I66: F02 | K66: NORDICS
A67: FA-DE Freebies | B67: 0 | C67: 0 | D67: 0 | E67: 0 | F67: 0 | I67: F138 | K67: NORDICS
A68: FA-Nordics Welcome Booklet | B68: 0 | C68: 0 | D68: 0 | E68: 0 | F68: 0 | I68: F124 | K68: NORDICS
A69: =IFERROR(__xludf.DUMMYFUNCTION("FILTER('Inputs Maite Nordics'!T8:AB69, ('Inputs Maite Nordics'!T8:T69<>"""") + ('Inputs Maite Nordics'!AB8:AB69<>""""))"),"IcePack1") -> IcePack1 | B69: =IFERROR(__xludf.DUMMYFUNCTION("""COMPUTED_VALUE"""),5113.0) -> 5113 | C69: =IFERROR(__xludf.DUMMYFUNCTION("""COMPUTED_VALUE"""),0.0) -> 0 | D69: =IFERROR(__xludf.DUMMYFUNCTION("""COMPUTED_VALUE"""),0.0) -> 0 | E69: =IFERROR(__xludf.DUMMYFUNCTION("""COMPUTED_VALUE"""),0.0) -> 0 | F69: =IFERROR(__xludf.DUMMYFUNCTION("""COMPUTED_VALUE"""),0.0) -> 0 | I69: =IFERROR(__xludf.DUMMYFUNCTION("""COMPUTED_VALUE"""),"F137") -> F137 | K69: NORDICS
A70: =IFERROR(__xludf.DUMMYFUNCTION("""COMPUTED_VALUE"""),"565072 - Grillet kylling med ratatouille") -> 565072 - Grillet kylling med ratatouille | B70: =IFERROR(__xludf.DUMMYFUNCTION("""COMPUTED_VALUE"""),3731.0) -> 3731 | C70: =IFERROR(__xludf.DUMMYFUNCTION("""COMPUTED_VALUE"""),"0") -> 0 | D70: =IFERROR(__xludf.DUMMYFUNCTION("""COMPUTED_VALUE"""),"0") -> 0 | E70: =IFERROR(__xludf.DUMMYFUNCTION("""COMPUTED_VALUE"""),"0") -> 0 | F70: =IFERROR(__xludf.DUMMYFUNCTION("""COMPUTED_VALUE"""),"0") -> 0 | K70: NORDICS
A71: =IFERROR(__xludf.DUMMYFUNCTION("""COMPUTED_VALUE"""),"565209 - Chilensk inspireret kylling med salsa-quinoa") -> 565209 - Chilensk inspireret kylling med salsa-quinoa | B71: =IFERROR(__xludf.DUMMYFUNCTION("""COMPUTED_VALUE"""),2460.0) -> 2460 | C71: =IFERROR(__xludf.DUMMYFUNCTION("""COMPUTED_VALUE"""),"0") -> 0 | D71: =IFERROR(__xludf.DUMMYFUNCTION("""COMPUTED_VALUE"""),"0") -> 0 | E71: =IFERROR(__xludf.DUMMYFUNCTION("""COMPUTED_VALUE"""),"0") -> 0 | F71: =IFERROR(__xludf.DUMMYFUNCTION("""COMPUTED_VALUE"""),"0") -> 0 | K71: NORDICS
A72: =IFERROR(__xludf.DUMMYFUNCTION("""COMPUTED_VALUE"""),"565309 - Braiseret oksekød i urtesky") -> 565309 - Braiseret oksekød i urtesky | B72: =IFERROR(__xludf.DUMMYFUNCTION("""COMPUTED_VALUE"""),2270.0) -> 2270 | C72: =IFERROR(__xludf.DUMMYFUNCTION("""COMPUTED_VALUE"""),"0") -> 0 | D72: =IFERROR(__xludf.DUMMYFUNCTION("""COMPUTED_VALUE"""),"0") -> 0 | E72: =IFERROR(__xludf.DUMMYFUNCTION("""COMPUTED_VALUE"""),"0") -> 0 | F72: =IFERROR(__xludf.DUMMYFUNCTION("""COMPUTED_VALUE"""),"0") -> 0 | K72: NORDICS
A73: =IFERROR(__xludf.DUMMYFUNCTION("""COMPUTED_VALUE"""),"565064 - Laks i senneps-dild sauce") -> 565064 - Laks i senneps-dild sauce | B73: =IFERROR(__xludf.DUMMYFUNCTION("""COMPUTED_VALUE"""),0.0) -> 0 | C73: =IFERROR(__xludf.DUMMYFUNCTION("""COMPUTED_VALUE"""),"0") -> 0 | D73: =IFERROR(__xludf.DUMMYFUNCTION("""COMPUTED_VALUE"""),"0") -> 0 | E73: =IFERROR(__xludf.DUMMYFUNCTION("""COMPUTED_VALUE"""),"0") -> 0 | F73: =IFERROR(__xludf.DUMMYFUNCTION("""COMPUTED_VALUE"""),"0") -> 0 | K73: NORDICS
A74: =IFERROR(__xludf.DUMMYFUNCTION("""COMPUTED_VALUE"""),"565178 - Vestfrikansk-inspireret peanut-kyllingecurry") -> 565178 - Vestfrikansk-inspireret peanut-kyllingecurry | B74: =IFERROR(__xludf.DUMMYFUNCTION("""COMPUTED_VALUE"""),2236.0) -> 2236 | C74: =IFERROR(__xludf.DUMMYFUNCTION("""COMPUTED_VALUE"""),"0") -> 0 | D74: =IFERROR(__xludf.DUMMYFUNCTION("""COMPUTED_VALUE"""),"0") -> 0 | E74: =IFERROR(__xludf.DUMMYFUNCTION("""COMPUTED_VALUE"""),"0") -> 0 | F74: =IFERROR(__xludf.DUMMYFUNCTION("""COMPUTED_VALUE"""),"0") -> 0 | K74: NORDICS
A75: =IFERROR(__xludf.DUMMYFUNCTION("""COMPUTED_VALUE"""),"565189 - Laks Piccata ") -> 565189 - Laks Piccata | B75: =IFERROR(__xludf.DUMMYFUNCTION("""COMPUTED_VALUE"""),0.0) -> 0 | C75: =IFERROR(__xludf.DUMMYFUNCTION("""COMPUTED_VALUE"""),"0") -> 0 | D75: =IFERROR(__xludf.DUMMYFUNCTION("""COMPUTED_VALUE"""),"0") -> 0 | E75: =IFERROR(__xludf.DUMMYFUNCTION("""COMPUTED_VALUE"""),"0") -> 0 | F75: =IFERROR(__xludf.DUMMYFUNCTION("""COMPUTED_VALUE"""),"0") -> 0 | K75: NORDICS
A76: =IFERROR(__xludf.DUMMYFUNCTION("""COMPUTED_VALUE"""),"565164 - Kylling i Emmental-fondue med karamelliseret løg") -> 565164 - Kylling i Emmental-fondue med karamelliseret løg | B76: =IFERROR(__xludf.DUMMYFUNCTION("""COMPUTED_VALUE"""),0.0) -> 0 | C76: =IFERROR(__xludf.DUMMYFUNCTION("""COMPUTED_VALUE"""),"0") -> 0 | D76: =IFERROR(__xludf.DUMMYFUNCTION("""COMPUTED_VALUE"""),"0") -> 0 | E76: =IFERROR(__xludf.DUMMYFUNCTION("""COMPUTED_VALUE"""),"0") -> 0 | F76: =IFERROR(__xludf.DUMMYFUNCTION("""COMPUTED_VALUE"""),"0") -> 0 | K76: NORDICS
A77: =IFERROR(__xludf.DUMMYFUNCTION("""COMPUTED_VALUE"""),"565043 - Spicy kylling med jalapeño, lime og cheddar") -> 565043 - Spicy kylling med jalapeño, lime og cheddar | B77: =IFERROR(__xludf.DUMMYFUNCTION("""COMPUTED_VALUE"""),1193.0) -> 1193 | C77: =IFERROR(__xludf.DUMMYFUNCTION("""COMPUTED_VALUE"""),"0") -> 0 | D77: =IFERROR(__xludf.DUMMYFUNCTION("""COMPUTED_VALUE"""),"0") -> 0 | E77: =IFERROR(__xludf.DUMMYFUNCTION("""COMPUTED_VALUE"""),"0") -> 0 | F77: =IFERROR(__xludf.DUMMYFUNCTION("""COMPUTED_VALUE"""),"0") -> 0 | K77: NORDICS
A78: =IFERROR(__xludf.DUMMYFUNCTION("""COMPUTED_VALUE"""),"565244 - Cremet tomatrisotto") -> 565244 - Cremet tomatrisotto | B78: =IFERROR(__xludf.DUMMYFUNCTION("""COMPUTED_VALUE"""),316.0) -> 316 | C78: =IFERROR(__xludf.DUMMYFUNCTION("""COMPUTED_VALUE"""),"0") -> 0 | D78: =IFERROR(__xludf.DUMMYFUNCTION("""COMPUTED_VALUE"""),"0") -> 0 | E78: =IFERROR(__xludf.DUMMYFUNCTION("""COMPUTED_VALUE"""),"0") -> 0 | F78: =IFERROR(__xludf.DUMMYFUNCTION("""COMPUTED_VALUE"""),"0") -> 0 | K78: NORDICS
A79: =IFERROR(__xludf.DUMMYFUNCTION("""COMPUTED_VALUE"""),"565141 - Squash- og peberfrugtsratatouille") -> 565141 - Squash- og peberfrugtsratatouille | B79: =IFERROR(__xludf.DUMMYFUNCTION("""COMPUTED_VALUE"""),207.0) -> 207 | C79: =IFERROR(__xludf.DUMMYFUNCTION("""COMPUTED_VALUE"""),"0") -> 0 | D79: =IFERROR(__xludf.DUMMYFUNCTION("""COMPUTED_VALUE"""),"0") -> 0 | E79: =IFERROR(__xludf.DUMMYFUNCTION("""COMPUTED_VALUE"""),"0") -> 0 | F79: =IFERROR(__xludf.DUMMYFUNCTION("""COMPUTED_VALUE"""),"0") -> 0 | K79: NORDICS
A80: =IFERROR(__xludf.DUMMYFUNCTION("""COMPUTED_VALUE"""),"565143 - Svinemørbrad i cremet hvidløgs- og sennepssauce") -> 565143 - Svinemørbrad i cremet hvidløgs- og sennepssauce | B80: =IFERROR(__xludf.DUMMYFUNCTION("""COMPUTED_VALUE"""),650.0) -> 650 | C80: =IFERROR(__xludf.DUMMYFUNCTION("""COMPUTED_VALUE"""),"0") -> 0 | D80: =IFERROR(__xludf.DUMMYFUNCTION("""COMPUTED_VALUE"""),"0") -> 0 | E80: =IFERROR(__xludf.DUMMYFUNCTION("""COMPUTED_VALUE"""),"0") -> 0 | F80: =IFERROR(__xludf.DUMMYFUNCTION("""COMPUTED_VALUE"""),"0") -> 0 | K80: NORDICS
A81: =IFERROR(__xludf.DUMMYFUNCTION("""COMPUTED_VALUE"""),"565196 - Laks med aji verde") -> 565196 - Laks med aji verde | B81: =IFERROR(__xludf.DUMMYFUNCTION("""COMPUTED_VALUE"""),1316.0) -> 1316 | C81: =IFERROR(__xludf.DUMMYFUNCTION("""COMPUTED_VALUE"""),"0") -> 0 | D81: =IFERROR(__xludf.DUMMYFUNCTION("""COMPUTED_VALUE"""),"0") -> 0 | E81: =IFERROR(__xludf.DUMMYFUNCTION("""COMPUTED_VALUE"""),"0") -> 0 | F81: =IFERROR(__xludf.DUMMYFUNCTION("""COMPUTED_VALUE"""),"0") -> 0 | K81: NORDICS
A82: =IFERROR(__xludf.DUMMYFUNCTION("""COMPUTED_VALUE"""),"565130 - Chilikryddet pulled pork") -> 565130 - Chilikryddet pulled pork | B82: =IFERROR(__xludf.DUMMYFUNCTION("""COMPUTED_VALUE"""),1852.0) -> 1852 | C82: =IFERROR(__xludf.DUMMYFUNCTION("""COMPUTED_VALUE"""),"0") -> 0 | D82: =IFERROR(__xludf.DUMMYFUNCTION("""COMPUTED_VALUE"""),"0") -> 0 | E82: =IFERROR(__xludf.DUMMYFUNCTION("""COMPUTED_VALUE"""),"0") -> 0 | F82: =IFERROR(__xludf.DUMMYFUNCTION("""COMPUTED_VALUE"""),"0") -> 0 | K82: NORDICS
A83: =IFERROR(__xludf.DUMMYFUNCTION("""COMPUTED_VALUE"""),"565211 - Grillet kylling med ingefær og hvidløg") -> 565211 - Grillet kylling med ingefær og hvidløg | B83: =IFERROR(__xludf.DUMMYFUNCTION("""COMPUTED_VALUE"""),649.0) -> 649 | C83: =IFERROR(__xludf.DUMMYFUNCTION("""COMPUTED_VALUE"""),"0") -> 0 | D83: =IFERROR(__xludf.DUMMYFUNCTION("""COMPUTED_VALUE"""),"0") -> 0 | E83: =IFERROR(__xludf.DUMMYFUNCTION("""COMPUTED_VALUE"""),"0") -> 0 | F83: =IFERROR(__xludf.DUMMYFUNCTION("""COMPUTED_VALUE"""),"0") -> 0 | K83: NORDICS
A84: =IFERROR(__xludf.DUMMYFUNCTION("""COMPUTED_VALUE"""),"565091 - Krydret hakket oksekød med jalapenos") -> 565091 - Krydret hakket oksekød med jalapenos | B84: =IFERROR(__xludf.DUMMYFUNCTION("""COMPUTED_VALUE"""),595.0) -> 595 | C84: =IFERROR(__xludf.DUMMYFUNCTION("""COMPUTED_VALUE"""),"0") -> 0 | D84: =IFERROR(__xludf.DUMMYFUNCTION("""COMPUTED_VALUE"""),"0") -> 0 | E84: =IFERROR(__xludf.DUMMYFUNCTION("""COMPUTED_VALUE"""),"0") -> 0 | F84: =IFERROR(__xludf.DUMMYFUNCTION("""COMPUTED_VALUE"""),"0") -> 0 | K84: NORDICS
A85: =IFERROR(__xludf.DUMMYFUNCTION("""COMPUTED_VALUE"""),"565221 - Laksebowl med citrus-miso") -> 565221 - Laksebowl med citrus-miso | B85: =IFERROR(__xludf.DUMMYFUNCTION("""COMPUTED_VALUE"""),603.0) -> 603 | C85: =IFERROR(__xludf.DUMMYFUNCTION("""COMPUTED_VALUE"""),"0") -> 0 | D85: =IFERROR(__xludf.DUMMYFUNCTION("""COMPUTED_VALUE"""),"0") -> 0 | E85: =IFERROR(__xludf.DUMMYFUNCTION("""COMPUTED_VALUE"""),"0") -> 0 | F85: =IFERROR(__xludf.DUMMYFUNCTION("""COMPUTED_VALUE"""),"0") -> 0 | K85: NORDICS
A86: =IFERROR(__xludf.DUMMYFUNCTION("""COMPUTED_VALUE"""),"565252 - Pasta med oksekødsragù og soltørrede tomater") -> 565252 - Pasta med oksekødsragù og soltørrede tomater | B86: =IFERROR(__xludf.DUMMYFUNCTION("""COMPUTED_VALUE"""),1692.0) -> 1692 | C86: =IFERROR(__xludf.DUMMYFUNCTION("""COMPUTED_VALUE"""),"0") -> 0 | D86: =IFERROR(__xludf.DUMMYFUNCTION("""COMPUTED_VALUE"""),"0") -> 0 | E86: =IFERROR(__xludf.DUMMYFUNCTION("""COMPUTED_VALUE"""),"0") -> 0 | F86: =IFERROR(__xludf.DUMMYFUNCTION("""COMPUTED_VALUE"""),"0") -> 0 | K86: NORDICS
A87: =IFERROR(__xludf.DUMMYFUNCTION("""COMPUTED_VALUE"""),"565095 - Svinemørbrad i ancho- og chilisauce") -> 565095 - Svinemørbrad i ancho- og chilisauce | B87: =IFERROR(__xludf.DUMMYFUNCTION("""COMPUTED_VALUE"""),631.0) -> 631 | C87: =IFERROR(__xludf.DUMMYFUNCTION("""COMPUTED_VALUE"""),"0") -> 0 | D87: =IFERROR(__xludf.DUMMYFUNCTION("""COMPUTED_VALUE"""),"0") -> 0 | E87: =IFERROR(__xludf.DUMMYFUNCTION("""COMPUTED_VALUE"""),"0") -> 0 | F87: =IFERROR(__xludf.DUMMYFUNCTION("""COMPUTED_VALUE"""),"0") -> 0 | K87: NORDICS
A88: =IFERROR(__xludf.DUMMYFUNCTION("""COMPUTED_VALUE"""),"565119 - Grillet kylling med hvidlød og urter") -> 565119 - Grillet kylling med hvidlød og urter | B88: =IFERROR(__xludf.DUMMYFUNCTION("""COMPUTED_VALUE"""),51.0) -> 51 | C88: =IFERROR(__xludf.DUMMYFUNCTION("""COMPUTED_VALUE"""),"0") -> 0 | D88: =IFERROR(__xludf.DUMMYFUNCTION("""COMPUTED_VALUE"""),"0") -> 0 | E88: =IFERROR(__xludf.DUMMYFUNCTION("""COMPUTED_VALUE"""),"0") -> 0 | F88: =IFERROR(__xludf.DUMMYFUNCTION("""COMPUTED_VALUE"""),"0") -> 0 | I88: =IFERROR(__xludf.DUMMYFUNCTION("""COMPUTED_VALUE"""),"F89") -> F89 | K88: NORDICS
A89: =IFERROR(__xludf.DUMMYFUNCTION("""COMPUTED_VALUE"""),"705 - FACTOR_ Ginger Lemon Apple Wellness Shot") -> 705 - FACTOR_ Ginger Lemon Apple Wellness Shot | B89: =IFERROR(__xludf.DUMMYFUNCTION("""COMPUTED_VALUE"""),126.0) -> 126 | C89: =IFERROR(__xludf.DUMMYFUNCTION("""COMPUTED_VALUE"""),"0") -> 0 | D89: =IFERROR(__xludf.DUMMYFUNCTION("""COMPUTED_VALUE"""),"0") -> 0 | E89: =IFERROR(__xludf.DUMMYFUNCTION("""COMPUTED_VALUE"""),"0") -> 0 | F89: =IFERROR(__xludf.DUMMYFUNCTION("""COMPUTED_VALUE"""),"0") -> 0 | I89: =IFERROR(__xludf.DUMMYFUNCTION("""COMPUTED_VALUE"""),"F122") -> F122 | K89: NORDICS
A90: =IFERROR(__xludf.DUMMYFUNCTION("""COMPUTED_VALUE"""),"709 - FACTOR_ Spirulina Ginger Lime Ginger Shot") -> 709 - FACTOR_ Spirulina Ginger Lime Ginger Shot | B90: =IFERROR(__xludf.DUMMYFUNCTION("""COMPUTED_VALUE"""),73.0) -> 73 | C90: =IFERROR(__xludf.DUMMYFUNCTION("""COMPUTED_VALUE"""),"0") -> 0 | D90: =IFERROR(__xludf.DUMMYFUNCTION("""COMPUTED_VALUE"""),"0") -> 0 | E90: =IFERROR(__xludf.DUMMYFUNCTION("""COMPUTED_VALUE"""),"0") -> 0 | F90: =IFERROR(__xludf.DUMMYFUNCTION("""COMPUTED_VALUE"""),"0") -> 0 | I90: =IFERROR(__xludf.DUMMYFUNCTION("""COMPUTED_VALUE"""),"F106") -> F106 | K90: NORDICS
A91: =IFERROR(__xludf.DUMMYFUNCTION("""COMPUTED_VALUE"""),"710 - FACTOR_ Turmeric Cayenne Pineapple Ginger Shot") -> 710 - FACTOR_ Turmeric Cayenne Pineapple Ginger Shot | B91: =IFERROR(__xludf.DUMMYFUNCTION("""COMPUTED_VALUE"""),89.0) -> 89 | C91: =IFERROR(__xludf.DUMMYFUNCTION("""COMPUTED_VALUE"""),"0") -> 0 | D91: =IFERROR(__xludf.DUMMYFUNCTION("""COMPUTED_VALUE"""),"0") -> 0 | E91: =IFERROR(__xludf.DUMMYFUNCTION("""COMPUTED_VALUE"""),"0") -> 0 | F91: =IFERROR(__xludf.DUMMYFUNCTION("""COMPUTED_VALUE"""),"0") -> 0 | I91: =IFERROR(__xludf.DUMMYFUNCTION("""COMPUTED_VALUE"""),"F108") -> F108 | K91: NORDICS
K92: NORDICS
K93: NORDICS
K94: NORDICS
K95: NORDICS
K96: NORDICS
K97: NORDICS
K98: NORDICS
K99: NORDICS
K100: NORDICS
K101: NORDICS
K102: NORDICS
K103: NORDICS
... K105: NORDICS

Sheet VolumeFile_combined NEU
A1: name | B1: demand_thursday | C1: demand_friday | D1: demand_saturday | E1: demand_sunday | F1: demand_monday | G1: station_constraint | H1: level_constraint | I1: pickface_constraint | J1: separate_constraint | K1: market
A2: Factor Box Large | B2: 0 | C2: 0 | D2: 0 | E2: 0 | F2: 0 | I2: F02 | K2: DACH
A3: Factor Box Medium | B3: 0 | C3: 0 | D3: 0 | E3: 0 | F3: 0 | I3: F03 | K3: DACH
A4: Factor Box Small | B4: 0 | C4: 0 | D4: 0 | E4: 0 | F4: 0 | I4: F05 | K4: DACH
A5: Factor Liner Large1 | B5: 0 | C5: 0 | D5: 0 | E5: 0 | F5: 0 | I5: F07 | K5: DACH
A6: Factor Liner Large2 | B6: 0 | C6: 0 | D6: 0 | E6: 0 | F6: 0 | I6: F11 | K6: DACH
A7: Factor Liner Medium1 | B7: 0 | C7: 0 | D7: 0 | E7: 0 | F7: 0 | I7: F08 | K7: DACH
A8: Factor Liner Medium2 | B8: 0 | C8: 0 | D8: 0 | E8: 0 | F8: 0 | I8: F12 | K8: DACH
A9: Factor Liner Small1 | B9: 0 | C9: 0 | D9: 0 | E9: 0 | F9: 0 | I9: F06 | K9: DACH
A10: Factor Liner Small2 | B10: 0 | C10: 0 | D10: 0 | E10: 0 | F10: 0 | I10: F10 | K10: DACH
A11: FA-DE Freebies | B11: 0 | C11: 0 | D11: 0 | E11: 0 | F11: 0 | I11: F143 | K11: DACH
A12: FA-DE Welcome Booklet | B12: 0 | C12: 0 | D12: 0 | E12: 0 | F12: 0 | I12: F142 | K12: DACH
A13: FA-DE First Box - Flyer about program | B13: 0 | C13: 0 | D13: 0 | E13: 0 | F13: 0 | I13: F141 | K13: DACH
... A19: FA-DE Fourth Box - Flyer | B19: 0 | C19: 0 | D19: 0 | E19: 0 | F19: 0 | I19: F136 | K19: DACH
A20: 220 - Free4Life_ Ginger Lemon Apple Wellness Shot_Single | B20: 48 | C20: 0 | D20: 0 | E20: 0 | F20: 0 | I20: F89 | K20: DACH
A21: 221 - Free4Life_ Spirulina Ginger Lime Ginger Shot_Single | B21: 56 | C21: 0 | D21: 0 | E21: 0 | F21: 0 | I21: F112 | K21: DACH
A22: 222 - Free4Life_ Turmeric Cayenne Pineapple Ginger Shot_Single | B22: 36 | C22: 0 | D22: 0 | E22: 0 | F22: 0 | I22: F124 | K22: DACH
A23: IcePack1 | B23: 55 | C23: 0 | D23: 0 | E23: 0 | F23: 0 | I23: F144 | K23: DACH
A24: IcePack2 | B24: 48 | C24: 0 | D24: 0 | E24: 0 | F24: 0 | I24: F105 | K24: DACH
A25: IcePack3 | B25: 55 | C25: 0 | D25: 0 | E25: 0 | F25: 0 | I25: F127 | K25: DACH
A26: 565072 - Gegrilltes Hähnchen mit Ratatouille | B26: 2993 | C26: 0 | D26: 0 | E26: 0 | F26: 0 | K26: DACH
A27: 565209 - Grünes Chili-Hähnchen mit Quinoa-Salsa | B27: 1863 | C27: 0 | D27: 0 | E27: 0 | F27: 0 | K27: DACH
A28: 565309 - Geschmortes Rind in Kräuterjus | B28: 2052 | C28: 0 | D28: 0 | E28: 0 | F28: 0 | K28: DACH
A29: 565064 - Lachs in Senf-Dill-Sauce | B29: 0 | C29: 0 | D29: 0 | E29: 0 | F29: 0 | K29: DACH
A30: 565178 - Westafrikanisches Hähnchen-Erdnuss-Curry | B30: 2180 | C30: 0 | D30: 0 | E30: 0 | F30: 0 | K30: DACH
A31: 565189 - Lachs Piccata | B31: 0 | C31: 0 | D31: 0 | E31: 0 | F31: 0 | K31: DACH
A32: 565164 - Hähnchen mit karamellisierten Zwiebeln & Emmentaler-Fondue | B32: 0 | C32: 0 | D32: 0 | E32: 0 | F32: 0 | K32: DACH
A33: 565043 - Würziges Hähnchen mit Jalapeño, Limette und Cheddar | B33: 1246 | C33: 0 | D33: 0 | E33: 0 | F33: 0 | K33: DACH
A34: 565244 - Cremiges Tomaten-Risotto | B34: 326 | C34: 0 | D34: 0 | E34: 0 | F34: 0 | K34: DACH
A35: 565141 - Zucchini-Paprika-Ratatouille | B35: 293 | C35: 0 | D35: 0 | E35: 0 | F35: 0 | K35: DACH
A36: 565143 - Schweinefilet in cremiger Knoblauch-Senf-Sauce | B36: 598 | C36: 0 | D36: 0 | E36: 0 | F36: 0 | K36: DACH
A37: 565196 - Ají Verde Lachs | B37: 1282 | C37: 0 | D37: 0 | E37: 0 | F37: 0 | K37: DACH
... A43: 565095 - Schweinefilet in würziger Ancho-Chili-Sauce | B43: 504 | C43: 0 | D43: 0 | E43: 0 | F43: 0 | K43: DACH
B44: 0 | C44: 0 | D44: 0 | E44: 0 | F44: 0 | I44: F58 | K44: DACH
A45: 205 - FACTOR_ Ginger Lemon Apple Wellness Shot | B45: 48 | C45: 0 | D45: 0 | E45: 0 | F45: 0 | I45: F86 | K45: DACH
A46: 209 - FACTOR_ Spirulina Ginger Lime Ginger Shot | B46: 56 | C46: 0 | D46: 0 | E46: 0 | F46: 0 | I46: F110 | K46: DACH
A47: 210 - FACTOR_ Turmeric Cayenne Pineapple Ginger Shot | B47: 36 | C47: 0 | D47: 0 | E47: 0 | F47: 0 | I47: F122 | K47: DACH
K48: DACH
K49: DACH
K50: DACH
K51: DACH
K52: DACH
K53: DACH
K54: DACH
K55: DACH
K56: DACH
K57: DACH
K58: DACH
K59: DACH
... K62: DACH
A63: XS | B63: 0 | C63: 0 | D63: 0 | E63: 0 | F63: 0 | I63: F05 | K63: NORDICS
A64: S | B64: 0 | C64: 0 | D64: 0 | E64: 0 | F64: 0 | I64: F04 | K64: NORDICS
A65: M | B65: 0 | C65: 0 | D65: 0 | E65: 0 | F65: 0 | I65: F03 | K65: NORDICS
A66: L | B66: 0 | C66: 0 | D66: 0 | E66: 0 | F66: 0 | I66: F02 | K66: NORDICS
A67: FA-DE Freebies | B67: 0 | C67: 0 | D67: 0 | E67: 0 | F67: 0 | I67: F138 | K67: NORDICS
A68: FA-Nordics Welcome Booklet | B68: 0 | C68: 0 | D68: 0 | E68: 0 | F68: 0 | I68: F124 | K68: NORDICS
A69: IcePack1 | B69: 130 | C69: 0 | D69: 0 | E69: 0 | F69: 0 | I69: F137 | K69: NORDICS
A70: 565072 - Grillet kylling med ratatouille | B70: 3769 | C70: 0 | D70: 0 | E70: 0 | F70: 0 | K70: NORDICS
A71: 565209 - Chilensk inspireret kylling med salsa-quinoa | B71: 2570 | C71: 0 | D71: 0 | E71: 0 | F71: 0 | K71: NORDICS
A72: 565309 - Braiseret oksekød i urtesky | B72: 2354 | C72: 0 | D72: 0 | E72: 0 | F72: 0 | K72: NORDICS
A73: 565064 - Laks i senneps-dild sauce | B73: 0 | C73: 0 | D73: 0 | E73: 0 | F73: 0 | K73: NORDICS
A74: 565178 - Vestfrikansk-inspireret peanut-kyllingecurry | B74: 2382 | C74: 0 | D74: 0 | E74: 0 | F74: 0 | K74: NORDICS
A75: 565189 - Laks Piccata | B75: 0 | C75: 0 | D75: 0 | E75: 0 | F75: 0 | K75: NORDICS
A76: 565164 - Kylling i Emmental-fondue med karamelliseret løg | B76: 0 | C76: 0 | D76: 0 | E76: 0 | F76: 0 | K76: NORDICS
A77: 565043 - Spicy kylling med jalapeño, lime og cheddar | B77: 1291 | C77: 0 | D77: 0 | E77: 0 | F77: 0 | K77: NORDICS
A78: 565244 - Cremet tomatrisotto | B78: 310 | C78: 0 | D78: 0 | E78: 0 | F78: 0 | K78: NORDICS
A79: 565141 - Squash- og peberfrugtsratatouille | B79: 260 | C79: 0 | D79: 0 | E79: 0 | F79: 0 | K79: NORDICS
A80: 565143 - Svinemørbrad i cremet hvidløgs- og sennepssauce | B80: 709 | C80: 0 | D80: 0 | E80: 0 | F80: 0 | K80: NORDICS
A81: 565196 - Laks med aji verde | B81: 1383 | C81: 0 | D81: 0 | E81: 0 | F81: 0 | K81: NORDICS
... A87: 565095 - Svinemørbrad i ancho- og chilisauce | B87: 667 | C87: 0 | D87: 0 | E87: 0 | F87: 0 | K87: NORDICS
B88: 0 | C88: 0 | D88: 0 | E88: 0 | F88: 0 | I88: F89 | K88: NORDICS
A89: 620 - | B89: 0 | C89: 0 | D89: 0 | E89: 0 | F89: 0 | K89: NORDICS
A90: 621 - | B90: 0 | C90: 0 | D90: 0 | E90: 0 | F90: 0 | K90: NORDICS
A91: 206 - Gegrilltes Hähnchen mit Knoblauch-Kräutern | B91: 36 | C91: 0 | D91: 0 | E91: 0 | F91: 0 | K91: NORDICS
A92: 705 - FACTOR_ Ginger Lemon Apple Wellness Shot | B92: 126 | C92: 0 | D92: 0 | E92: 0 | F92: 0 | I92: F122 | K92: NORDICS
A93: 709 - FACTOR_ Spirulina Ginger Lime Ginger Shot | B93: 73 | C93: 0 | D93: 0 | E93: 0 | F93: 0 | I93: F106 | K93: NORDICS
A94: 710 - FACTOR_ Turmeric Cayenne Pineapple Ginger Shot | B94: 89 | C94: 0 | D94: 0 | E94: 0 | F94: 0 | I94: F108 | K94: NORDICS
K95: NORDICS
K96: NORDICS
K97: NORDICS
K98: NORDICS
K99: NORDICS
K100: NORDICS
K101: NORDICS
K102: NORDICS
K103: NORDICS
K104: NORDICS
K105: NORDICS

Sheet Line_mapping
A1: line | B1: market
A2: =IFERROR(__xludf.DUMMYFUNCTION("FILTER(CONTROL_CENTER!J8:K11, CONTROL_CENTER!L8:L11=TRUE)"),"ASL1") -> ASL1 | B2: =IFERROR(__xludf.DUMMYFUNCTION("""COMPUTED_VALUE"""),"DACH") -> DACH
A3: =IFERROR(__xludf.DUMMYFUNCTION("""COMPUTED_VALUE"""),"ASL2") -> ASL2 | B3: =IFERROR(__xludf.DUMMYFUNCTION("""COMPUTED_VALUE"""),"NORDICS") -> NORDICS

Sheet Rackfile_combined
A1: Recipe | B1: Ingredient | C1: SKU | D1: Line | E1: FlowRackPosition | F1: Quantity | G1: ScanRegEx | H1: StorageConditions
A2: Factor Box Small | B2: Factor Box Small | C2: Factor Box Small | D2: ASL1 | F2: 1 | H2: Packaging
A3: Factor Box Medium | B3: Factor Box Medium | C3: Factor Box Medium | D3: ASL1 | F3: 1 | H3: Packaging
A4: Factor Box Large | B4: Factor Box Large | C4: Factor Box Large | D4: ASL1 | F4: 1 | H4: Packaging
A5: Factor Liner Medium1 | B5: Factor Liner Medium1 | C5: Factor Liner Medium1 | D5: ASL1 | F5: 1 | H5: Packaging
A6: Factor Liner Medium2 | B6: Factor Liner Medium2 | C6: Factor Liner Medium2 | D6: ASL1 | F6: 1 | H6: Packaging
A7: Factor Liner Large1 | B7: Factor Liner Large1 | C7: Factor Liner Large1 | D7: ASL1 | F7: 1 | H7: Packaging
A8: Factor Liner Large2 | B8: Factor Liner Large2 | C8: Factor Liner Large2 | D8: ASL1 | F8: 1 | H8: Packaging
A9: Factor Liner Small1 | B9: Factor Liner Small1 | C9: Factor Liner Small1 | D9: ASL1 | F9: 1 | H9: Packaging
A10: Factor Liner Small2 | B10: Factor Liner Small2 | C10: Factor Liner Small2 | D10: ASL1 | F10: 1 | H10: Packaging
A11: FR1 | B11: FA-DE Freebies | C11: Loyalties | D11: ASL1 | F11: 1 | H11: Chilled
A12: WB1 | B12: FA-DE Welcome Booklet | C12: Loyalties | D12: ASL1 | F12: 1 | H12: Chilled
A13: FLY1 | B13: FA-DE First Box - Flyer about program | C13: Loyalties | D13: ASL1 | F13: 1 | H13: Chilled
... A28: Ice12 | B28: IcePack3 | C28: IcePack | D28: ASL1 | F28: 2 | H28: Chilled
A29: 220_1p | B29: 220 - Free4Life_ Ginger Lemon Apple Wellness Shot_Single | C29: BEV-00-136840-3a | D29: ASL1 | F29: 1 | H29: Chilled
A30: 221_1p | B30: 221 - Free4Life_ Spirulina Ginger Lime Ginger Shot_Single | C30: BEV-00-137951-2a | D30: ASL1 | F30: 1 | H30: Chilled
A31: 222_1p | B31: 222 - Free4Life_ Turmeric Cayenne Pineapple Ginger Shot_Single | C31: BEV-00-137952-2a | D31: ASL1 | F31: 1 | H31: Chilled
A32: =IFERROR(__xludf.DUMMYFUNCTION("FILTER('Inputs Maite DE'!AE9:AL110, ('Inputs Maite DE'!AE9:AE110<>"""") + ('Inputs Maite DE'!AL9:AL110<>""""))"),"301_1p") -> 301_1p | B32: =IFERROR(__xludf.DUMMYFUNCTION("""COMPUTED_VALUE"""),"565072 - Gegrilltes Hähnchen mit Ratatouille") -> 565072 - Gegrilltes Hähnchen mit Ratatouille | C32: =IFERROR(__xludf.DUMMYFUNCTION("""COMPUTED_VALUE"""),"CON-00-136674-3") -> CON-00-136674-3 | D32: =IFERROR(__xludf.DUMMYFUNCTION("""COMPUTED_VALUE"""),"ASL1") -> ASL1 | F32: =IFERROR(__xludf.DUMMYFUNCTION("""COMPUTED_VALUE"""),"1") -> 1 | H32: =IFERROR(__xludf.DUMMYFUNCTION("""COMPUTED_VALUE"""),"Chilled") -> Chilled
A33: =IFERROR(__xludf.DUMMYFUNCTION("""COMPUTED_VALUE"""),"302_1p") -> 302_1p | B33: =IFERROR(__xludf.DUMMYFUNCTION("""COMPUTED_VALUE"""),"565209 - Grünes Chili-Hähnchen mit Quinoa-Salsa") -> 565209 - Grünes Chili-Hähnchen mit Quinoa-Salsa | C33: =IFERROR(__xludf.DUMMYFUNCTION("""COMPUTED_VALUE"""),"CON-00-152205-2") -> CON-00-152205-2 | D33: =IFERROR(__xludf.DUMMYFUNCTION("""COMPUTED_VALUE"""),"ASL1") -> ASL1 | F33: =IFERROR(__xludf.DUMMYFUNCTION("""COMPUTED_VALUE"""),"1") -> 1 | H33: =IFERROR(__xludf.DUMMYFUNCTION("""COMPUTED_VALUE"""),"Chilled") -> Chilled
A34: =IFERROR(__xludf.DUMMYFUNCTION("""COMPUTED_VALUE"""),"303_1p") -> 303_1p | B34: =IFERROR(__xludf.DUMMYFUNCTION("""COMPUTED_VALUE"""),"565309 - Geschmortes Rind in Kräuterjus") -> 565309 - Geschmortes Rind in Kräuterjus | C34: =IFERROR(__xludf.DUMMYFUNCTION("""COMPUTED_VALUE"""),"CON-00-136698-3") -> CON-00-136698-3 | D34: =IFERROR(__xludf.DUMMYFUNCTION("""COMPUTED_VALUE"""),"ASL1") -> ASL1 | F34: =IFERROR(__xludf.DUMMYFUNCTION("""COMPUTED_VALUE"""),"1") -> 1 | H34: =IFERROR(__xludf.DUMMYFUNCTION("""COMPUTED_VALUE"""),"Chilled") -> Chilled
A35: =IFERROR(__xludf.DUMMYFUNCTION("""COMPUTED_VALUE"""),"304_1p") -> 304_1p | B35: =IFERROR(__xludf.DUMMYFUNCTION("""COMPUTED_VALUE"""),"565064 - Lachs in Senf-Dill-Sauce") -> 565064 - Lachs in Senf-Dill-Sauce | C35: =IFERROR(__xludf.DUMMYFUNCTION("""COMPUTED_VALUE"""),"CON-00-137745-2") -> CON-00-137745-2 | D35: =IFERROR(__xludf.DUMMYFUNCTION("""COMPUTED_VALUE"""),"ASL1") -> ASL1 | F35: =IFERROR(__xludf.DUMMYFUNCTION("""COMPUTED_VALUE"""),"1") -> 1 | H35: =IFERROR(__xludf.DUMMYFUNCTION("""COMPUTED_VALUE"""),"Chilled") -> Chilled
A36: =IFERROR(__xludf.DUMMYFUNCTION("""COMPUTED_VALUE"""),"305_1p") -> 305_1p | B36: =IFERROR(__xludf.DUMMYFUNCTION("""COMPUTED_VALUE"""),"565178 - Westafrikanisches Hähnchen-Erdnuss-Curry") -> 565178 - Westafrikanisches Hähnchen-Erdnuss-Curry | C36: =IFERROR(__xludf.DUMMYFUNCTION("""COMPUTED_VALUE"""),"CON-00-150748-2") -> CON-00-150748-2 | D36: =IFERROR(__xludf.DUMMYFUNCTION("""COMPUTED_VALUE"""),"ASL1") -> ASL1 | F36: =IFERROR(__xludf.DUMMYFUNCTION("""COMPUTED_VALUE"""),"1") -> 1 | H36: =IFERROR(__xludf.DUMMYFUNCTION("""COMPUTED_VALUE"""),"Chilled") -> Chilled
A37: =IFERROR(__xludf.DUMMYFUNCTION("""COMPUTED_VALUE"""),"306_1p") -> 306_1p | B37: =IFERROR(__xludf.DUMMYFUNCTION("""COMPUTED_VALUE"""),"565189 - Lachs Piccata") -> 565189 - Lachs Piccata | C37: =IFERROR(__xludf.DUMMYFUNCTION("""COMPUTED_VALUE"""),"CON-00-152025-2") -> CON-00-152025-2 | D37: =IFERROR(__xludf.DUMMYFUNCTION("""COMPUTED_VALUE"""),"ASL1") -> ASL1 | F37: =IFERROR(__xludf.DUMMYFUNCTION("""COMPUTED_VALUE"""),"1") -> 1 | H37: =IFERROR(__xludf.DUMMYFUNCTION("""COMPUTED_VALUE"""),"Chilled") -> Chilled
A38: =IFERROR(__xludf.DUMMYFUNCTION("""COMPUTED_VALUE"""),"307_1p") -> 307_1p | B38: =IFERROR(__xludf.DUMMYFUNCTION("""COMPUTED_VALUE"""),"565164 - Hähnchen mit karamellisierten Zwiebeln & Emmentaler-Fondue") -> 565164 - Hähnchen mit karamellisierten Zwiebeln & Emmentaler-Fondue | C38: =IFERROR(__xludf.DUMMYFUNCTION("""COMPUTED_VALUE"""),"CON-00-148220-2") -> CON-00-148220-2 | D38: =IFERROR(__xludf.DUMMYFUNCTION("""COMPUTED_VALUE"""),"ASL1") -> ASL1 | F38: =IFERROR(__xludf.DUMMYFUNCTION("""COMPUTED_VALUE"""),"1") -> 1 | H38: =IFERROR(__xludf.DUMMYFUNCTION("""COMPUTED_VALUE"""),"Chilled") -> Chilled
A39: =IFERROR(__xludf.DUMMYFUNCTION("""COMPUTED_VALUE"""),"308_1p") -> 308_1p | B39: =IFERROR(__xludf.DUMMYFUNCTION("""COMPUTED_VALUE"""),"565043 - Würziges Hähnchen mit Jalapeño, Limette und Cheddar") -> 565043 - Würziges Hähnchen mit Jalapeño, Limette und Cheddar | C39: =IFERROR(__xludf.DUMMYFUNCTION("""COMPUTED_VALUE"""),"CON-00-136638-3") -> CON-00-136638-3 | D39: =IFERROR(__xludf.DUMMYFUNCTION("""COMPUTED_VALUE"""),"ASL1") -> ASL1 | F39: =IFERROR(__xludf.DUMMYFUNCTION("""COMPUTED_VALUE"""),"1") -> 1 | H39: =IFERROR(__xludf.DUMMYFUNCTION("""COMPUTED_VALUE"""),"Chilled") -> Chilled
A40: =IFERROR(__xludf.DUMMYFUNCTION("""COMPUTED_VALUE"""),"309_1p") -> 309_1p | B40: =IFERROR(__xludf.DUMMYFUNCTION("""COMPUTED_VALUE"""),"565244 - Cremiges Tomaten-Risotto") -> 565244 - Cremiges Tomaten-Risotto | C40: =IFERROR(__xludf.DUMMYFUNCTION("""COMPUTED_VALUE"""),"CON-00-136629-3") -> CON-00-136629-3 | D40: =IFERROR(__xludf.DUMMYFUNCTION("""COMPUTED_VALUE"""),"ASL1") -> ASL1 | F40: =IFERROR(__xludf.DUMMYFUNCTION("""COMPUTED_VALUE"""),"1") -> 1 | H40: =IFERROR(__xludf.DUMMYFUNCTION("""COMPUTED_VALUE"""),"Chilled") -> Chilled
A41: =IFERROR(__xludf.DUMMYFUNCTION("""COMPUTED_VALUE"""),"310_1p") -> 310_1p | B41: =IFERROR(__xludf.DUMMYFUNCTION("""COMPUTED_VALUE"""),"565141 - Zucchini-Paprika-Ratatouille") -> 565141 - Zucchini-Paprika-Ratatouille | C41: =IFERROR(__xludf.DUMMYFUNCTION("""COMPUTED_VALUE"""),"CON-00-136634-3") -> CON-00-136634-3 | D41: =IFERROR(__xludf.DUMMYFUNCTION("""COMPUTED_VALUE"""),"ASL1") -> ASL1 | F41: =IFERROR(__xludf.DUMMYFUNCTION("""COMPUTED_VALUE"""),"1") -> 1 | H41: =IFERROR(__xludf.DUMMYFUNCTION("""COMPUTED_VALUE"""),"Chilled") -> Chilled
A42: =IFERROR(__xludf.DUMMYFUNCTION("""COMPUTED_VALUE"""),"311_1p") -> 311_1p | B42: =IFERROR(__xludf.DUMMYFUNCTION("""COMPUTED_VALUE"""),"565143 - Schweinefilet in cremiger Knoblauch-Senf-Sauce") -> 565143 - Schweinefilet in cremiger Knoblauch-Senf-Sauce | C42: =IFERROR(__xludf.DUMMYFUNCTION("""COMPUTED_VALUE"""),"CON-00-136637-3") -> CON-00-136637-3 | D42: =IFERROR(__xludf.DUMMYFUNCTION("""COMPUTED_VALUE"""),"ASL1") -> ASL1 | F42: =IFERROR(__xludf.DUMMYFUNCTION("""COMPUTED_VALUE"""),"1") -> 1 | H42: =IFERROR(__xludf.DUMMYFUNCTION("""COMPUTED_VALUE"""),"Chilled") -> Chilled
A43: =IFERROR(__xludf.DUMMYFUNCTION("""COMPUTED_VALUE"""),"312_1p") -> 312_1p | B43: =IFERROR(__xludf.DUMMYFUNCTION("""COMPUTED_VALUE"""),"565196 - Ají Verde Lachs") -> 565196 - Ají Verde Lachs | C43: =IFERROR(__xludf.DUMMYFUNCTION("""COMPUTED_VALUE"""),"CON-00-151278-2") -> CON-00-151278-2 | D43: =IFERROR(__xludf.DUMMYFUNCTION("""COMPUTED_VALUE"""),"ASL1") -> ASL1 | F43: =IFERROR(__xludf.DUMMYFUNCTION("""COMPUTED_VALUE"""),"1") -> 1 | H43: =IFERROR(__xludf.DUMMYFUNCTION("""COMPUTED_VALUE"""),"Chilled") -> Chilled
A44: =IFERROR(__xludf.DUMMYFUNCTION("""COMPUTED_VALUE"""),"313_1p") -> 313_1p | B44: =IFERROR(__xludf.DUMMYFUNCTION("""COMPUTED_VALUE"""),"565130 - Pulled Pork mit roter Chilisauce") -> 565130 - Pulled Pork mit roter Chilisauce | C44: =IFERROR(__xludf.DUMMYFUNCTION("""COMPUTED_VALUE"""),"CON-00-138152-2") -> CON-00-138152-2 | D44: =IFERROR(__xludf.DUMMYFUNCTION("""COMPUTED_VALUE"""),"ASL1") -> ASL1 | F44: =IFERROR(__xludf.DUMMYFUNCTION("""COMPUTED_VALUE"""),"1") -> 1 | H44: =IFERROR(__xludf.DUMMYFUNCTION("""COMPUTED_VALUE"""),"Chilled") -> Chilled
A45: =IFERROR(__xludf.DUMMYFUNCTION("""COMPUTED_VALUE"""),"314_1p") -> 314_1p | B45: =IFERROR(__xludf.DUMMYFUNCTION("""COMPUTED_VALUE"""),"565211 - Gegrilltes Hähnchen in Ingwer-Knoblauch-Marinade") -> 565211 - Gegrilltes Hähnchen in Ingwer-Knoblauch-Marinade | C45: =IFERROR(__xludf.DUMMYFUNCTION("""COMPUTED_VALUE"""),"CON-00-152024-2") -> CON-00-152024-2 | D45: =IFERROR(__xludf.DUMMYFUNCTION("""COMPUTED_VALUE"""),"ASL1") -> ASL1 | F45: =IFERROR(__xludf.DUMMYFUNCTION("""COMPUTED_VALUE"""),"1") -> 1 | H45: =IFERROR(__xludf.DUMMYFUNCTION("""COMPUTED_VALUE"""),"Chilled") -> Chilled
A46: =IFERROR(__xludf.DUMMYFUNCTION("""COMPUTED_VALUE"""),"315_1p") -> 315_1p | B46: =IFERROR(__xludf.DUMMYFUNCTION("""COMPUTED_VALUE"""),"565091 - Scharfes Rinderhack mit Jalapeños") -> 565091 - Scharfes Rinderhack mit Jalapeños | C46: =IFERROR(__xludf.DUMMYFUNCTION("""COMPUTED_VALUE"""),"CON-00-136694-3") -> CON-00-136694-3 | D46: =IFERROR(__xludf.DUMMYFUNCTION("""COMPUTED_VALUE"""),"ASL1") -> ASL1 | F46: =IFERROR(__xludf.DUMMYFUNCTION("""COMPUTED_VALUE"""),"1") -> 1 | H46: =IFERROR(__xludf.DUMMYFUNCTION("""COMPUTED_VALUE"""),"Chilled") -> Chilled
A47: =IFERROR(__xludf.DUMMYFUNCTION("""COMPUTED_VALUE"""),"316_1p") -> 316_1p | B47: =IFERROR(__xludf.DUMMYFUNCTION("""COMPUTED_VALUE"""),"565221 - Lachs-Bowl mit Zitrus-Miso") -> 565221 - Lachs-Bowl mit Zitrus-Miso | C47: =IFERROR(__xludf.DUMMYFUNCTION("""COMPUTED_VALUE"""),"CON-00-154547-2") -> CON-00-154547-2 | D47: =IFERROR(__xludf.DUMMYFUNCTION("""COMPUTED_VALUE"""),"ASL1") -> ASL1 | F47: =IFERROR(__xludf.DUMMYFUNCTION("""COMPUTED_VALUE"""),"1") -> 1 | H47: =IFERROR(__xludf.DUMMYFUNCTION("""COMPUTED_VALUE"""),"Chilled") -> Chilled
A48: =IFERROR(__xludf.DUMMYFUNCTION("""COMPUTED_VALUE"""),"317_1p") -> 317_1p | B48: =IFERROR(__xludf.DUMMYFUNCTION("""COMPUTED_VALUE"""),"565252 - Rinderragù mit sonnengetrockneten Tomaten und Pasta") -> 565252 - Rinderragù mit sonnengetrockneten Tomaten und Pasta | C48: =IFERROR(__xludf.DUMMYFUNCTION("""COMPUTED_VALUE"""),"CON-00-155185-3") -> CON-00-155185-3 | D48: =IFERROR(__xludf.DUMMYFUNCTION("""COMPUTED_VALUE"""),"ASL1") -> ASL1 | F48: =IFERROR(__xludf.DUMMYFUNCTION("""COMPUTED_VALUE"""),"1") -> 1 | H48: =IFERROR(__xludf.DUMMYFUNCTION("""COMPUTED_VALUE"""),"Chilled") -> Chilled
A49: =IFERROR(__xludf.DUMMYFUNCTION("""COMPUTED_VALUE"""),"318_1p") -> 318_1p | B49: =IFERROR(__xludf.DUMMYFUNCTION("""COMPUTED_VALUE"""),"565095 - Schweinefilet in würziger Ancho-Chili-Sauce") -> 565095 - Schweinefilet in würziger Ancho-Chili-Sauce | C49: =IFERROR(__xludf.DUMMYFUNCTION("""COMPUTED_VALUE"""),"CON-00-136696-3") -> CON-00-136696-3 | D49: =IFERROR(__xludf.DUMMYFUNCTION("""COMPUTED_VALUE"""),"ASL1") -> ASL1 | F49: =IFERROR(__xludf.DUMMYFUNCTION("""COMPUTED_VALUE"""),"1") -> 1 | H49: =IFERROR(__xludf.DUMMYFUNCTION("""COMPUTED_VALUE"""),"Chilled") -> Chilled
A50: =IFERROR(__xludf.DUMMYFUNCTION("""COMPUTED_VALUE"""),"206_1p") -> 206_1p | B50: =IFERROR(__xludf.DUMMYFUNCTION("""COMPUTED_VALUE"""),"565119 - Gegrilltes Hähnchen mit Knoblauch-Kräutern") -> 565119 - Gegrilltes Hähnchen mit Knoblauch-Kräutern | C50: =IFERROR(__xludf.DUMMYFUNCTION("""COMPUTED_VALUE"""),"PTN-00-136930-3") -> PTN-00-136930-3 | D50: =IFERROR(__xludf.DUMMYFUNCTION("""COMPUTED_VALUE"""),"ASL1") -> ASL1 | F50: =IFERROR(__xludf.DUMMYFUNCTION("""COMPUTED_VALUE"""),"1") -> 1 | H50: =IFERROR(__xludf.DUMMYFUNCTION("""COMPUTED_VALUE"""),"Chilled") -> Chilled
A51: =IFERROR(__xludf.DUMMYFUNCTION("""COMPUTED_VALUE"""),"205_1p") -> 205_1p | B51: =IFERROR(__xludf.DUMMYFUNCTION("""COMPUTED_VALUE"""),"205 - FACTOR_ Ginger Lemon Apple Wellness Shot") -> 205 - FACTOR_ Ginger Lemon Apple Wellness Shot | C51: =IFERROR(__xludf.DUMMYFUNCTION("""COMPUTED_VALUE"""),"BEV-00-136840-3") -> BEV-00-136840-3 | D51: =IFERROR(__xludf.DUMMYFUNCTION("""COMPUTED_VALUE"""),"ASL1") -> ASL1 | F51: =IFERROR(__xludf.DUMMYFUNCTION("""COMPUTED_VALUE"""),"1") -> 1 | H51: =IFERROR(__xludf.DUMMYFUNCTION("""COMPUTED_VALUE"""),"Chilled") -> Chilled
A52: =IFERROR(__xludf.DUMMYFUNCTION("""COMPUTED_VALUE"""),"209_1p") -> 209_1p | B52: =IFERROR(__xludf.DUMMYFUNCTION("""COMPUTED_VALUE"""),"209 - FACTOR_ Spirulina Ginger Lime Ginger Shot") -> 209 - FACTOR_ Spirulina Ginger Lime Ginger Shot | C52: =IFERROR(__xludf.DUMMYFUNCTION("""COMPUTED_VALUE"""),"BEV-00-137951-2") -> BEV-00-137951-2 | D52: =IFERROR(__xludf.DUMMYFUNCTION("""COMPUTED_VALUE"""),"ASL1") -> ASL1 | F52: =IFERROR(__xludf.DUMMYFUNCTION("""COMPUTED_VALUE"""),"1") -> 1 | H52: =IFERROR(__xludf.DUMMYFUNCTION("""COMPUTED_VALUE"""),"Chilled") -> Chilled
A53: =IFERROR(__xludf.DUMMYFUNCTION("""COMPUTED_VALUE"""),"210_1p") -> 210_1p | B53: =IFERROR(__xludf.DUMMYFUNCTION("""COMPUTED_VALUE"""),"210 - FACTOR_ Turmeric Cayenne Pineapple Ginger Shot") -> 210 - FACTOR_ Turmeric Cayenne Pineapple Ginger Shot | C53: =IFERROR(__xludf.DUMMYFUNCTION("""COMPUTED_VALUE"""),"BEV-00-137952-2") -> BEV-00-137952-2 | D53: =IFERROR(__xludf.DUMMYFUNCTION("""COMPUTED_VALUE"""),"ASL1") -> ASL1 | F53: =IFERROR(__xludf.DUMMYFUNCTION("""COMPUTED_VALUE"""),"1") -> 1 | H53: =IFERROR(__xludf.DUMMYFUNCTION("""COMPUTED_VALUE"""),"Chilled") -> Chilled
A57: XS | B57: XS | C57: XS | D57: ASL2 | F57: 1 | H57: Packaging
A58: S | B58: S | C58: S | D58: ASL2 | F58: 1 | H58: Packaging
A59: M | B59: M | C59: M | D59: ASL2 | F59: 1 | H59: Packaging
A60: L | B60: L | C60: L | D60: ASL2 | F60: 1 | H60: Packaging
A61: FR1 | B61: FA-DE Freebies | C61: Loyalties | D61: ASL2 | F61: 1 | H61: Chilled
A62: WB1 | B62: FA-Nordics Welcome Booklet | C62: Loyalties | D62: ASL2 | F62: 1 | H62: Chilled
A63: Ice2 | B63: IcePack1 | C63: IcePack | D63: ASL2 | F63: 2 | H63: Chilled
A64: Ice4 | B64: IcePack1 | C64: IcePack | D64: ASL2 | F64: 4 | H64: Chilled
A65: =IFERROR(__xludf.DUMMYFUNCTION("FILTER('Inputs Maite Nordics'!AE9:AL110, ('Inputs Maite Nordics'!AE9:AE110<>"""") + ('Inputs Maite Nordics'!AL9:AL110<>""""))"),"601_1p") -> 601_1p | B65: =IFERROR(__xludf.DUMMYFUNCTION("""COMPUTED_VALUE"""),"565072 - Grillet kylling med ratatouille") -> 565072 - Grillet kylling med ratatouille | C65: =IFERROR(__xludf.DUMMYFUNCTION("""COMPUTED_VALUE"""),"CON-00-147878-2") -> CON-00-147878-2 | D65: =IFERROR(__xludf.DUMMYFUNCTION("""COMPUTED_VALUE"""),"ASL2") -> ASL2 | F65: =IFERROR(__xludf.DUMMYFUNCTION("""COMPUTED_VALUE"""),"1") -> 1 | H65: =IFERROR(__xludf.DUMMYFUNCTION("""COMPUTED_VALUE"""),"Chilled") -> Chilled
A66: =IFERROR(__xludf.DUMMYFUNCTION("""COMPUTED_VALUE"""),"602_1p") -> 602_1p | B66: =IFERROR(__xludf.DUMMYFUNCTION("""COMPUTED_VALUE"""),"565209 - Chilensk inspireret kylling med salsa-quinoa") -> 565209 - Chilensk inspireret kylling med salsa-quinoa | C66: =IFERROR(__xludf.DUMMYFUNCTION("""COMPUTED_VALUE"""),"CON-00-152208-2") -> CON-00-152208-2 | D66: =IFERROR(__xludf.DUMMYFUNCTION("""COMPUTED_VALUE"""),"ASL2") -> ASL2 | F66: =IFERROR(__xludf.DUMMYFUNCTION("""COMPUTED_VALUE"""),"1") -> 1 | H66: =IFERROR(__xludf.DUMMYFUNCTION("""COMPUTED_VALUE"""),"Chilled") -> Chilled
A67: =IFERROR(__xludf.DUMMYFUNCTION("""COMPUTED_VALUE"""),"603_1p") -> 603_1p | B67: =IFERROR(__xludf.DUMMYFUNCTION("""COMPUTED_VALUE"""),"565309 - Braiseret oksekød i urtesky") -> 565309 - Braiseret oksekød i urtesky | C67: =IFERROR(__xludf.DUMMYFUNCTION("""COMPUTED_VALUE"""),"CON-00-147839-2") -> CON-00-147839-2 | D67: =IFERROR(__xludf.DUMMYFUNCTION("""COMPUTED_VALUE"""),"ASL2") -> ASL2 | F67: =IFERROR(__xludf.DUMMYFUNCTION("""COMPUTED_VALUE"""),"1") -> 1 | H67: =IFERROR(__xludf.DUMMYFUNCTION("""COMPUTED_VALUE"""),"Chilled") -> Chilled
A68: =IFERROR(__xludf.DUMMYFUNCTION("""COMPUTED_VALUE"""),"604_1p") -> 604_1p | B68: =IFERROR(__xludf.DUMMYFUNCTION("""COMPUTED_VALUE"""),"565064 - Laks i senneps-dild sauce") -> 565064 - Laks i senneps-dild sauce | C68: =IFERROR(__xludf.DUMMYFUNCTION("""COMPUTED_VALUE"""),"CON-00-147871-2") -> CON-00-147871-2 | D68: =IFERROR(__xludf.DUMMYFUNCTION("""COMPUTED_VALUE"""),"ASL2") -> ASL2 | F68: =IFERROR(__xludf.DUMMYFUNCTION("""COMPUTED_VALUE"""),"1") -> 1 | H68: =IFERROR(__xludf.DUMMYFUNCTION("""COMPUTED_VALUE"""),"Chilled") -> Chilled
A69: =IFERROR(__xludf.DUMMYFUNCTION("""COMPUTED_VALUE"""),"605_1p") -> 605_1p | B69: =IFERROR(__xludf.DUMMYFUNCTION("""COMPUTED_VALUE"""),"565178 - Vestfrikansk-inspireret peanut-kyllingecurry") -> 565178 - Vestfrikansk-inspireret peanut-kyllingecurry | C69: =IFERROR(__xludf.DUMMYFUNCTION("""COMPUTED_VALUE"""),"CON-00-150749-2") -> CON-00-150749-2 | D69: =IFERROR(__xludf.DUMMYFUNCTION("""COMPUTED_VALUE"""),"ASL2") -> ASL2 | F69: =IFERROR(__xludf.DUMMYFUNCTION("""COMPUTED_VALUE"""),"1") -> 1 | H69: =IFERROR(__xludf.DUMMYFUNCTION("""COMPUTED_VALUE"""),"Chilled") -> Chilled
A70: =IFERROR(__xludf.DUMMYFUNCTION("""COMPUTED_VALUE"""),"606_1p") -> 606_1p | B70: =IFERROR(__xludf.DUMMYFUNCTION("""COMPUTED_VALUE"""),"565189 - Laks Piccata ") -> 565189 - Laks Piccata | C70: =IFERROR(__xludf.DUMMYFUNCTION("""COMPUTED_VALUE"""),"CON-00-152023-2") -> CON-00-152023-2 | D70: =IFERROR(__xludf.DUMMYFUNCTION("""COMPUTED_VALUE"""),"ASL2") -> ASL2 | F70: =IFERROR(__xludf.DUMMYFUNCTION("""COMPUTED_VALUE"""),"1") -> 1 | H70: =IFERROR(__xludf.DUMMYFUNCTION("""COMPUTED_VALUE"""),"Chilled") -> Chilled
A71: =IFERROR(__xludf.DUMMYFUNCTION("""COMPUTED_VALUE"""),"607_1p") -> 607_1p | B71: =IFERROR(__xludf.DUMMYFUNCTION("""COMPUTED_VALUE"""),"565164 - Kylling i Emmental-fondue med karamelliseret løg") -> 565164 - Kylling i Emmental-fondue med karamelliseret løg | C71: =IFERROR(__xludf.DUMMYFUNCTION("""COMPUTED_VALUE"""),"CON-00-148196-2") -> CON-00-148196-2 | D71: =IFERROR(__xludf.DUMMYFUNCTION("""COMPUTED_VALUE"""),"ASL2") -> ASL2 | F71: =IFERROR(__xludf.DUMMYFUNCTION("""COMPUTED_VALUE"""),"1") -> 1 | H71: =IFERROR(__xludf.DUMMYFUNCTION("""COMPUTED_VALUE"""),"Chilled") -> Chilled
A72: =IFERROR(__xludf.DUMMYFUNCTION("""COMPUTED_VALUE"""),"608_1p") -> 608_1p | B72: =IFERROR(__xludf.DUMMYFUNCTION("""COMPUTED_VALUE"""),"565043 - Spicy kylling med jalapeño, lime og cheddar") -> 565043 - Spicy kylling med jalapeño, lime og cheddar | C72: =IFERROR(__xludf.DUMMYFUNCTION("""COMPUTED_VALUE"""),"CON-00-147826-2") -> CON-00-147826-2 | D72: =IFERROR(__xludf.DUMMYFUNCTION("""COMPUTED_VALUE"""),"ASL2") -> ASL2 | F72: =IFERROR(__xludf.DUMMYFUNCTION("""COMPUTED_VALUE"""),"1") -> 1 | H72: =IFERROR(__xludf.DUMMYFUNCTION("""COMPUTED_VALUE"""),"Chilled") -> Chilled
A73: =IFERROR(__xludf.DUMMYFUNCTION("""COMPUTED_VALUE"""),"609_1p") -> 609_1p | B73: =IFERROR(__xludf.DUMMYFUNCTION("""COMPUTED_VALUE"""),"565244 - Cremet tomatrisotto") -> 565244 - Cremet tomatrisotto | C73: =IFERROR(__xludf.DUMMYFUNCTION("""COMPUTED_VALUE"""),"CON-00-147816-2") -> CON-00-147816-2 | D73: =IFERROR(__xludf.DUMMYFUNCTION("""COMPUTED_VALUE"""),"ASL2") -> ASL2 | F73: =IFERROR(__xludf.DUMMYFUNCTION("""COMPUTED_VALUE"""),"1") -> 1 | H73: =IFERROR(__xludf.DUMMYFUNCTION("""COMPUTED_VALUE"""),"Chilled") -> Chilled
